A1_A2,2010,2015,2020
1,0.0,0.0,61.598
2,0.0,0.0,0.0
3,0.0,0.0,30.462
4,0.0,0.0,110.812
5,0.0,0.0,80.684
6,0.0,0.0,102.027
7,0.0,0.0,500.0
8,0.0,0.0,500.0
9,0.0,0.0,500.0
10,23.455,0.0,500.0
11,0.0,0.0,500.0
12,0.0,0.0,500.0
13,67.912,0.0,500.0
14,65.251,0.0,500.0
15,30.329,0.0,500.0
16,0.0,0.0,500.0
17,0.0,0.0,500.0
18,7.093,0.0,500.0
19,27.732,0.0,500.0
20,0.0,0.0,500.0
21,0.0,0.0,500.0
22,0.0,0.0,370.356
23,0.0,0.0,382.673
24,0.0,0.0,221.817
25,0.0,0.0,44.354
26,0.0,0.0,0.0
27,0.0,0.0,0.0
28,0.0,0.0,0.0
29,0.0,0.0,0.0
30,0.0,0.0,0.0
31,0.0,0.0,0.0
32,0.0,0.0,58.99
33,0.0,0.0,77.834
34,0.0,0.0,0.0
35,0.0,0.0,19.504
36,0.0,0.0,61.575
37,0.0,0.0,3.152
38,0.0,0.0,107.922
39,0.0,0.0,44.924
40,0.0,0.0,55.828
41,0.0,0.0,145.845
42,0.0,0.0,214.532
43,0.0,0.0,193.632
44,0.0,0.0,184.817
45,0.0,0.0,0.0
46,0.0,0.0,28.428
47,0.0,0.0,0.0
48,0.0,0.0,92.763
49,0.0,0.0,0.0
50,0.0,0.0,0.0
51,0.0,0.0,0.0
52,0.0,0.0,0.0
53,0.0,0.0,0.0
54,0.0,0.0,0.0
55,0.0,0.0,112.649
56,0.0,0.0,246.403
57,0.0,0.0,408.842
58,0.0,0.0,249.968
59,0.0,0.0,145.553
60,0.0,0.0,155.715
61,0.0,0.0,133.371
62,0.0,0.0,149.211
63,0.0,0.0,136.479
64,0.0,0.0,83.53
65,0.0,0.0,106.235
66,0.0,0.0,21.488
67,0.0,0.0,99.084
68,0.0,0.0,138.321
69,0.0,0.0,78.121
70,0.0,0.0,116.64
71,0.0,0.0,172.097
72,0.0,0.0,207.684
73,0.0,0.0,0.0
74,0.0,0.0,0.0
75,0.0,0.0,0.0
76,0.0,0.0,0.0
77,0.0,0.0,0.0
78,0.0,0.0,0.0
79,0.0,0.0,0.0
80,0.0,0.0,0.0
81,0.0,0.0,0.0
82,0.0,0.0,0.0
83,0.0,0.0,0.0
84,0.0,0.0,0.0
85,0.0,0.0,0.0
86,0.0,0.0,0.0
87,0.0,0.0,0.0
88,0.0,0.0,0.0
89,0.0,0.0,0.0
90,0.0,0.0,0.0
91,0.0,0.0,0.0
92,0.0,0.0,0.0
93,0.0,0.0,0.0
94,0.0,0.0,0.0
95,0.0,0.0,0.0
96,0.0,0.0,0.0
97,0.0,0.0,0.0
98,0.0,0.0,0.0
99,0.0,0.0,0.0
100,0.0,0.0,0.0
101,0.0,0.0,0.0
102,0.0,0.0,0.0
103,0.0,0.0,0.0
104,0.0,0.0,223.755
105,0.0,0.0,241.418
106,0.0,0.0,194.111
107,0.0,0.0,263.16
108,0.0,0.0,397.652
109,0.0,0.0,131.754
110,0.0,0.0,139.141
111,0.0,0.0,142.682
112,0.0,0.0,203.054
113,0.0,0.0,394.011
114,0.0,0.0,266.409
115,0.0,0.0,267.007
116,0.0,0.0,333.597
117,0.0,0.0,179.716
118,0.0,0.0,219.255
119,0.0,0.0,0.0
120,0.0,0.0,0.0
121,0.0,0.0,0.0
122,0.0,0.0,0.0
123,0.0,0.0,0.0
124,0.0,0.0,0.0
125,0.0,0.0,0.0
126,0.0,0.0,0.0
127,0.0,0.0,0.0
128,0.0,0.0,0.0
129,0.0,0.0,0.0
130,0.0,0.0,0.0
131,0.0,0.0,0.0
132,0.0,0.0,0.0
133,0.0,0.0,0.0
134,0.0,0.0,0.0
135,0.0,0.0,0.0
136,0.0,0.0,0.0
137,0.0,0.0,0.0
138,0.0,0.0,0.0
139,0.0,0.0,0.0
140,0.0,0.0,0.0
141,0.0,0.0,0.0
142,0.0,0.0,0.0
143,0.0,0.0,0.0
144,0.0,0.0,0.0
145,0.0,0.0,0.0
146,0.0,0.0,0.0
147,0.0,0.0,0.0
148,0.0,0.0,0.0
149,0.0,0.0,0.0
150,0.0,0.0,144.042
151,0.0,0.0,71.889
152,0.0,0.0,500.0
153,0.0,0.0,500.0
154,0.0,0.0,500.0
155,0.0,0.0,500.0
156,0.0,0.0,500.0
157,0.0,0.0,241.528
158,0.0,0.0,240.031
159,0.0,0.0,294.647
160,0.0,0.0,404.04
161,0.0,0.0,311.996
162,0.0,0.0,417.075
163,0.0,0.0,500.0
164,0.0,0.0,500.0
165,0.0,0.0,145.782
166,0.0,0.0,0.0
167,0.0,0.0,0.0
168,0.0,0.0,37.702
169,0.0,0.0,0.0
170,0.0,0.0,0.0
171,0.0,0.0,0.0
172,0.0,0.0,0.0
173,0.0,0.0,0.0
174,0.0,0.0,0.0
175,0.0,0.0,0.0
176,0.0,0.0,0.0
177,0.0,0.0,26.253
178,0.0,0.0,26.593
179,0.0,0.0,0.0
180,0.0,0.0,0.0
181,0.0,0.0,3.406
182,0.0,0.0,0.0
183,0.0,0.0,0.0
184,0.0,0.0,0.0
185,0.0,0.0,0.0
186,0.0,0.0,9.15
187,0.0,0.0,22.472
188,0.0,0.0,50.846
189,0.0,0.0,0.0
190,0.0,0.0,0.0
191,0.0,0.0,0.0
192,0.0,0.0,0.0
A2_A1,2010,2015,2020
1,500.0,500.0,0.0
2,500.0,500.0,42.33
3,500.0,500.0,0.0
4,500.0,500.0,0.0
5,500.0,500.0,0.0
6,500.0,500.0,0.0
7,500.0,500.0,0.0
8,62.402,500.0,0.0
9,5.165,500.0,0.0
10,0.0,500.0,0.0
11,39.766,500.0,0.0
12,11.803,489.334,0.0
13,0.0,500.0,0.0
14,0.0,500.0,0.0
15,0.0,500.0,0.0
16,46.855,500.0,0.0
17,63.577,500.0,0.0
18,0.0,500.0,0.0
19,0.0,500.0,0.0
20,26.284,500.0,0.0
21,7.533,500.0,0.0
22,500.0,500.0,0.0
23,500.0,500.0,0.0
24,500.0,500.0,0.0
25,500.0,500.0,0.0
26,500.0,500.0,182.565
27,500.0,500.0,176.268
28,500.0,500.0,182.355
29,500.0,500.0,164.693
30,500.0,500.0,228.363
31,500.0,500.0,244.415
32,500.0,500.0,0.0
33,500.0,500.0,0.0
34,500.0,500.0,39.227
35,500.0,500.0,0.0
36,500.0,462.572,0.0
37,500.0,500.0,0.0
38,500.0,500.0,0.0
39,500.0,499.999,0.0
40,500.0,500.0,0.0
41,500.0,483.107,0.0
42,500.0,500.0,0.0
43,500.0,500.0,0.0
44,500.0,500.0,0.0
45,500.0,499.999,0.0
46,500.0,500.0,0.0
47,500.0,499.999,70.385
48,500.0,500.0,0.0
49,500.0,500.0,109.51
50,500.0,500.0,550.327
51,500.0,500.0,500.463
52,500.0,500.0,450.366
53,500.0,500.0,511.443
54,500.0,500.0,0.0
55,500.0,500.0,0.0
56,500.0,369.944,0.0
57,500.0,382.475,0.0
58,500.0,436.25,0.0
59,500.0,387.807,0.0
60,500.0,368.659,0.0
61,500.0,500.0,0.0
62,500.0,500.0,0.0
63,500.0,500.0,0.0
64,500.0,500.0,0.0
65,500.0,500.0,0.0
66,500.0,500.0,0.0
67,500.0,500.0,0.0
68,500.0,500.0,0.0
69,500.0,500.0,0.0
70,500.0,500.0,0.0
71,500.0,500.0,0.0
72,500.0,500.0,0.0
73,500.0,500.0,292.242
74,500.0,500.0,292.046
75,500.0,500.0,292.249
76,500.0,500.0,258.892
77,500.0,500.0,261.089
78,500.0,500.0,281.751
79,500.0,500.0,289.658
80,500.0,500.0,282.902
81,500.0,500.0,300.274
82,500.0,500.0,297.289
83,500.0,500.0,294.657
84,500.0,500.0,316.273
85,500.0,500.0,292.251
86,500.0,500.0,292.251
87,500.0,500.0,290.654
88,500.0,500.0,253.068
89,500.0,500.0,273.425
90,500.0,500.0,313.686
91,500.0,500.0,298.368
92,500.0,500.0,357.907
93,500.0,500.0,237.625
94,500.0,500.0,292.25
95,500.0,500.0,322.31
96,500.0,500.0,292.251
97,500.0,500.0,104.771
98,500.0,500.0,443.716
99,500.0,500.0,393.28
100,500.0,500.0,335.387
101,500.0,500.0,382.053
102,500.0,500.0,124.53
103,500.0,500.0,0.0
104,399.696,500.0,0.0
105,447.391,500.0,0.0
106,436.466,500.0,0.0
107,449.531,500.0,0.0
108,385.98,456.367,0.0
109,409.828,500.0,0.0
110,413.875,500.0,0.0
111,420.628,500.0,0.0
112,358.015,500.0,0.0
113,394.372,500.0,0.0
114,469.479,278.202,0.0
115,458.541,262.564,0.0
116,413.68,309.218,0.0
117,500.0,500.0,0.0
118,500.0,500.0,0.0
119,500.0,500.0,0.0
120,500.0,500.0,165.69
121,500.0,500.0,227.31
122,500.0,500.0,192.616
123,500.0,500.0,192.616
124,499.999,500.0,165.136
125,499.999,500.0,156.507
126,499.999,500.0,192.218
127,500.0,500.0,192.616
128,500.0,500.0,192.615
129,500.0,500.0,192.617
130,500.0,500.0,192.617
131,500.0,500.0,192.701
132,500.0,500.0,230.529
133,500.0,500.0,192.617
134,500.0,500.0,192.617
135,500.0,500.0,191.647
136,500.0,500.0,192.617
137,500.0,500.0,217.685
138,500.0,500.0,192.617
139,500.0,500.0,236.901
140,500.0,500.0,222.032
141,500.0,500.0,193.864
142,500.0,500.0,192.617
143,500.0,500.0,192.615
144,500.0,500.0,217.33
145,500.0,499.999,244.384
146,500.0,500.0,322.395
147,500.0,500.0,649.28
148,500.0,500.0,587.105
149,500.0,500.0,646.153
150,500.0,500.0,0.0
151,500.0,500.0,0.0
152,430.454,500.0,0.0
153,456.355,500.0,0.0
154,376.157,500.0,0.0
155,417.254,500.0,0.0
156,382.238,500.0,0.0
157,468.346,500.0,0.0
158,500.0,500.0,0.0
159,500.0,500.0,0.0
160,500.0,500.0,0.0
161,500.0,500.0,0.0
162,500.0,500.0,0.0
163,434.64,500.0,0.0
164,441.258,500.0,0.0
165,500.0,500.0,0.0
166,500.0,499.999,61.946
167,500.0,500.0,34.1
168,500.0,500.0,0.0
169,500.0,500.0,545.162
170,500.0,500.0,545.162
171,500.0,500.0,483.217
172,500.0,500.0,393.525
173,500.0,500.0,391.979
174,500.0,500.0,471.665
175,500.0,500.0,545.162
176,500.0,500.0,301.009
177,500.0,499.999,0.0
178,500.0,500.0,0.0
179,500.0,500.0,41.371
180,500.0,500.0,48.626
181,500.0,500.0,0.0
182,500.0,500.0,264.112
183,500.0,500.0,545.162
184,500.0,500.0,396.0
185,500.0,500.0,35.896
186,500.0,500.0,0.0
187,500.0,500.0,0.0
188,500.0,500.0,0.0
189,500.0,500.0,38.468
190,500.0,500.0,415.65
191,500.0,500.0,177.313
192,500.0,500.0,502.939
A2_B1,2010,2015,2020
1,0.0,87.102,29.216
2,0.0,125.104,72.781
3,0.0,173.965,31.947
4,0.0,107.232,1.979
5,0.0,151.464,53.074
6,0.0,67.017,0.0
7,0.0,0.0,300.0
8,0.0,113.859,300.0
9,0.0,195.385,265.964
10,0.0,117.857,172.444
11,0.0,0.0,122.694
12,0.0,0.0,142.353
13,0.0,175.389,240.231
14,0.0,240.998,300.0
15,0.0,116.57,300.0
16,0.0,113.859,300.0
17,0.0,209.279,283.676
18,0.0,163.856,203.768
19,0.0,113.859,298.287
20,0.0,300.0,300.0
21,0.0,221.893,300.0
22,0.0,205.111,300.0
23,0.0,190.619,300.0
24,0.0,140.476,260.164
25,0.0,135.07,101.93
26,0.0,0.0,0.0
27,0.0,0.0,0.0
28,0.0,261.278,98.552
29,0.0,266.311,125.736
30,0.0,16.448,0.0
31,0.0,0.0,0.0
32,0.0,152.372,111.42
33,0.0,17.821,0.0
34,0.0,26.055,73.668
35,0.0,43.936,0.0
36,0.0,37.065,0.0
37,0.0,0.0,121.463
38,0.0,0.0,0.0
39,0.0,24.301,0.0
40,0.0,115.287,0.0
41,0.0,123.673,258.705
42,0.0,156.211,300.0
43,0.0,157.463,300.0
44,0.0,188.413,300.0
45,0.0,102.274,32.912
46,0.0,190.815,124.721
47,0.0,117.494,165.972
48,0.0,122.923,179.656
49,0.0,300.0,44.542
50,0.0,300.0,0.0
51,0.0,300.0,0.0
52,0.0,300.0,101.413
53,0.0,300.0,0.0
54,0.0,0.0,107.888
55,0.0,0.0,0.0
56,0.0,0.0,0.0
57,0.0,0.0,0.0
58,0.0,0.0,0.0
59,0.0,0.0,0.0
60,0.0,0.0,0.0
61,0.0,0.0,0.0
62,0.0,0.0,0.0
63,0.0,0.0,0.0
64,0.0,61.622,0.0
65,0.0,0.0,58.16
66,0.0,93.686,64.858
67,0.0,130.911,161.562
68,0.0,0.0,0.0
69,0.0,91.943,0.0
70,0.0,106.552,199.291
71,0.0,102.341,100.596
72,0.0,44.586,183.762
73,0.0,300.0,214.062
74,0.0,300.0,300.0
75,0.0,300.0,300.0
76,0.0,300.0,300.0
77,0.0,300.0,300.0
78,0.0,300.0,300.0
79,0.0,300.0,279.094
80,0.0,300.0,11.354
81,0.0,300.0,0.0
82,0.0,300.0,0.0
83,0.0,300.0,0.0
84,0.0,251.356,0.0
85,0.0,300.0,0.0
86,0.0,300.0,0.0
87,0.0,300.0,198.303
88,0.0,300.0,229.926
89,0.0,300.0,255.128
90,0.0,300.0,5.408
91,0.0,300.0,0.0
92,0.0,300.0,0.0
93,0.0,300.0,38.859
94,0.0,300.0,46.166
95,0.0,300.0,0.0
96,0.0,300.0,173.508
97,0.0,300.0,51.815
98,0.0,300.0,0.0
99,0.0,300.0,0.0
100,0.0,300.0,122.446
101,0.0,300.0,0.0
102,0.0,290.498,0.0
103,0.0,0.0,0.0
104,0.0,0.0,0.0
105,0.0,0.0,0.0
106,0.0,0.0,0.0
107,0.0,0.0,0.0
108,0.0,0.0,0.0
109,0.0,0.0,0.0
110,0.0,0.0,0.0
111,0.0,0.0,0.0
112,0.0,0.0,0.0
113,0.0,0.0,109.352
114,0.0,0.0,142.806
115,0.0,0.0,186.602
116,0.0,0.0,64.758
117,0.0,0.0,0.0
118,0.0,0.0,68.361
119,0.0,0.0,0.0
120,0.0,0.0,0.0
121,0.0,300.0,68.075
122,0.0,300.0,300.0
123,0.0,300.0,300.0
124,7.299,300.0,300.0
125,25.643,300.0,300.0
126,0.269,300.0,300.0
127,0.0,300.0,141.117
128,0.0,300.0,33.398
129,0.0,300.0,0.0
130,0.0,300.0,0.0
131,0.0,284.835,0.0
132,0.0,174.71,0.0
133,0.0,300.0,0.0
134,0.0,300.0,0.0
135,0.0,300.0,0.0
136,0.0,300.0,0.0
137,0.0,300.0,38.746
138,0.0,300.0,0.0
139,0.0,300.0,0.0
140,0.0,300.0,0.0
141,0.0,300.0,0.0
142,0.0,300.0,0.0
143,0.0,300.0,20.865
144,0.0,300.0,78.258
145,0.0,220.298,0.0
146,0.0,300.0,0.0
147,0.0,300.0,0.0
148,0.0,300.0,0.0
149,0.0,300.0,0.0
150,0.0,0.0,191.62
151,0.0,50.156,59.557
152,0.0,0.0,109.296
153,0.0,0.0,300.0
154,0.0,0.0,240.552
155,0.0,0.0,0.0
156,0.0,0.0,0.0
157,0.0,0.0,0.0
158,0.0,0.0,0.0
159,0.0,0.0,123.996
160,0.0,0.0,128.477
161,0.0,0.0,242.334
162,0.0,0.0,300.0
163,0.0,0.0,151.13
164,0.0,0.0,300.0
165,0.0,75.85,253.817
166,0.0,72.206,116.789
167,0.0,73.807,239.7
168,0.0,83.173,25.601
169,0.0,300.0,0.0
170,0.0,300.0,0.0
171,0.0,300.0,219.755
172,0.0,300.0,300.0
173,0.0,300.0,300.0
174,0.0,300.0,215.475
175,0.0,300.0,0.0
176,0.0,300.0,0.0
177,0.0,16.117,0.0
178,0.0,0.0,0.0
179,0.0,0.0,0.0
180,0.0,0.0,0.0
181,0.0,1.684,0.0
182,0.0,300.0,0.0
183,0.0,300.0,0.0
184,0.0,300.0,0.0
185,0.0,300.0,19.817
186,0.0,0.0,0.0
187,0.0,0.0,0.0
188,0.0,0.0,0.0
189,0.0,237.169,74.654
190,0.0,300.0,0.0
191,0.0,300.0,0.0
192,0.0,300.0,0.0
B1_A2,2010,2015,2020
1,300.0,0.0,0.0
2,300.0,0.0,0.0
3,300.0,0.0,0.0
4,300.0,0.0,0.0
5,300.0,0.0,0.0
6,300.0,0.0,0.0
7,155.905,155.337,0.0
8,0.0,0.0,0.0
9,0.0,0.0,0.0
10,50.454,0.0,0.0
11,103.868,301.576,0.0
12,109.406,397.575,0.0
13,214.37,0.0,0.0
14,120.706,0.0,0.0
15,0.0,0.0,0.0
16,24.814,0.0,0.0
17,0.0,0.0,0.0
18,0.0,0.0,0.0
19,0.0,0.0,0.0
20,0.0,0.0,0.0
21,0.0,0.0,0.0
22,160.322,0.0,0.0
23,161.842,0.0,0.0
24,62.046,0.0,0.0
25,300.0,0.0,0.0
26,300.0,57.074,35.548
27,300.0,0.442,170.042
28,300.0,0.0,0.0
29,300.0,0.0,0.0
30,300.0,0.0,100.826
31,300.0,10.56,208.194
32,300.0,0.0,0.0
33,300.0,0.0,63.981
34,300.0,0.0,0.0
35,300.0,0.0,0.0
36,300.0,0.0,0.0
37,300.0,46.35,0.0
38,300.0,43.907,0.0
39,300.0,0.0,0.0
40,300.0,0.0,0.0
41,300.0,0.0,0.0
42,48.884,0.0,0.0
43,49.211,0.0,0.0
44,165.698,0.0,0.0
45,300.0,0.0,0.0
46,300.0,0.0,0.0
47,300.0,0.0,0.0
48,300.0,0.0,0.0
49,300.0,0.0,0.0
50,300.0,0.0,181.737
51,300.0,0.0,40.297
52,300.0,0.0,0.0
53,300.0,0.0,164.857
54,300.0,5.811,0.0
55,300.0,93.566,31.284
56,300.0,106.449,0.0
57,300.0,15.219,0.0
58,300.0,358.321,75.015
59,300.0,276.674,139.56
60,300.0,283.742,131.761
61,300.0,158.085,240.892
62,300.0,140.649,219.952
63,300.0,101.444,144.305
64,300.0,0.0,66.783
65,300.0,44.576,0.0
66,205.675,0.0,0.0
67,169.91,0.0,0.0
68,161.271,47.864,0.0
69,166.671,0.0,0.0
70,300.0,0.0,0.0
71,300.0,0.0,0.0
72,300.0,0.0,0.0
73,300.0,0.0,0.0
74,300.0,0.0,0.0
75,300.0,0.0,0.0
76,289.529,0.0,0.0
77,288.952,0.0,0.0
78,300.0,0.0,0.0
79,300.0,0.0,0.0
80,300.0,0.0,0.0
81,300.0,0.0,303.307
82,300.0,0.0,300.292
83,300.0,0.0,297.633
84,300.0,0.0,319.468
85,300.0,0.0,286.686
86,300.0,0.0,216.186
87,300.0,0.0,0.0
88,300.0,0.0,0.0
89,300.0,0.0,0.0
90,300.0,0.0,0.0
91,300.0,0.0,4.357
92,300.0,0.0,60.261
93,300.0,0.0,0.0
94,300.0,0.0,0.0
95,300.0,0.0,23.034
96,300.0,0.0,0.0
97,300.0,0.0,0.0
98,300.0,0.0,103.22
99,300.0,0.0,87.581
100,300.0,0.0,0.0
101,300.0,0.0,53.935
102,300.0,0.0,12.185
103,300.0,170.462,156.154
104,300.0,265.631,217.65
105,300.0,308.778,194.126
106,300.0,379.669,258.56
107,300.0,400.0,235.073
108,300.0,352.57,148.682
109,300.0,300.383,286.493
110,300.0,313.875,243.896
111,300.0,321.34,181.726
112,300.0,385.486,194.121
113,300.0,314.347,0.0
114,300.0,107.365,0.0
115,300.0,37.646,0.0
116,300.0,13.057,0.0
117,300.0,38.953,71.154
118,300.0,138.834,0.0
119,300.0,162.898,274.294
120,300.0,43.326,143.814
121,300.0,0.0,0.0
122,244.485,0.0,0.0
123,65.247,0.0,0.0
124,0.0,0.0,0.0
125,0.0,0.0,0.0
126,0.0,0.0,0.0
127,215.522,0.0,0.0
128,300.0,0.0,0.0
129,300.0,0.0,194.562
130,300.0,0.0,194.562
131,300.0,0.0,194.648
132,300.0,0.0,232.857
133,300.0,0.0,194.562
134,300.0,0.0,194.562
135,300.0,0.0,193.583
136,300.0,0.0,194.562
137,300.0,0.0,0.0
138,300.0,0.0,31.786
139,300.0,0.0,82.69
140,300.0,0.0,72.463
141,300.0,0.0,50.921
142,300.0,0.0,0.101
143,300.0,0.0,0.0
144,300.0,0.0,0.0
145,300.0,0.0,44.483
146,300.0,0.0,118.699
147,300.0,0.0,354.252
148,300.0,0.0,152.034
149,300.0,0.0,350.897
150,300.0,54.722,0.0
151,300.0,0.0,0.0
152,300.0,86.336,0.0
153,300.0,398.898,0.0
154,300.0,400.0,0.0
155,300.0,248.791,0.0
156,300.0,198.827,0.0
157,300.0,189.8,140.047
158,300.0,211.181,127.574
159,300.0,145.427,0.0
160,300.0,212.125,0.0
161,300.0,220.982,0.0
162,300.0,168.615,0.0
163,0.0,0.0,0.0
164,0.0,0.0,0.0
165,300.0,0.0,0.0
166,300.0,0.0,0.0
167,300.0,0.0,0.0
168,300.0,0.0,0.0
169,300.0,0.0,249.948
170,300.0,0.0,7.54
171,300.0,0.0,0.0
172,300.0,0.0,0.0
173,300.0,0.0,0.0
174,300.0,0.0,0.0
175,300.0,0.0,250.604
176,300.0,0.0,96.879
177,300.0,0.0,44.704
178,300.0,96.6,114.154
179,300.0,183.206,170.714
180,300.0,172.483,201.009
181,300.0,0.0,263.666
182,300.0,0.0,308.221
183,300.0,0.0,249.266
184,300.0,0.0,96.97
185,300.0,0.0,0.0
186,300.0,37.197,44.844
187,300.0,20.06,96.075
188,300.0,3.386,63.013
189,300.0,0.0,0.0
190,300.0,0.0,116.818
191,300.0,0.0,45.404
192,300.0,0.0,207.147
B1_B2,2010,2015,2020
1,169.416,0.0,200.0
2,97.575,143.984,200.0
3,165.838,52.978,200.0
4,200.0,0.0,200.0
5,200.0,0.0,200.0
6,193.069,0.0,200.0
7,0.0,0.0,200.0
8,82.871,200.0,200.0
9,193.795,200.0,200.0
10,178.535,200.0,200.0
11,176.641,200.0,200.0
12,200.0,0.0,200.0
13,184.443,200.0,200.0
14,200.0,200.0,200.0
15,118.217,200.0,200.0
16,127.99,200.0,200.0
17,0.0,200.0,200.0
18,0.0,14.664,200.0
19,0.0,53.34,200.0
20,22.283,200.0,200.0
21,98.71,66.469,200.0
22,0.0,145.775,200.0
23,0.0,141.949,200.0
24,0.0,75.399,200.0
25,200.0,0.0,200.0
26,173.82,0.0,200.0
27,148.838,0.0,200.0
28,37.537,0.0,200.0
29,17.713,0.0,174.64
30,85.728,0.0,200.0
31,120.85,0.0,200.0
32,200.0,0.0,200.0
33,200.0,79.384,200.0
34,200.0,0.0,200.0
35,200.0,0.0,200.0
36,200.0,0.0,200.0
37,200.0,194.374,200.0
38,200.0,200.0,200.0
39,200.0,157.322,200.0
40,134.967,0.0,200.0
41,200.0,0.0,200.0
42,0.0,74.016,200.0
43,0.0,126.799,200.0
44,0.0,54.255,200.0
45,97.575,138.495,200.0
46,122.52,0.0,142.227
47,99.458,152.104,200.0
48,186.579,0.0,200.0
49,32.973,0.0,0.0
50,161.878,0.0,0.0
51,53.616,0.0,0.0
52,0.0,0.0,0.0
53,44.446,0.0,0.0
54,11.58,0.0,118.732
55,188.97,48.866,200.0
56,153.095,54.091,200.0
57,182.805,165.913,200.0
58,158.718,0.0,200.0
59,200.0,7.955,200.0
60,191.15,0.0,200.0
61,200.0,200.0,200.0
62,200.0,200.0,200.0
63,192.206,200.0,200.0
64,200.0,198.721,200.0
65,117.845,0.0,200.0
66,0.0,0.0,200.0
67,0.0,0.0,200.0
68,0.0,0.0,200.0
69,0.0,0.0,200.0
70,162.562,0.0,200.0
71,178.778,0.0,200.0
72,116.313,0.0,59.119
73,6.831,0.0,0.0
74,0.0,0.0,0.0
75,0.0,0.0,0.0
76,0.0,0.0,0.0
77,0.0,0.0,0.0
78,0.0,0.0,0.0
79,0.0,0.0,0.0
80,0.0,0.0,0.0
81,124.807,0.0,0.0
82,171.208,0.0,0.0
83,200.0,0.0,0.0
84,200.0,0.0,38.456
85,149.657,0.0,0.0
86,109.73,0.0,0.0
87,52.308,0.0,0.0
88,0.0,0.0,0.0
89,0.0,0.0,0.0
90,51.34,0.0,0.0
91,137.889,0.0,0.0
92,97.414,0.0,0.0
93,46.595,0.0,0.0
94,134.242,0.0,0.0
95,152.339,0.0,0.0
96,6.926,0.0,0.0
97,92.948,0.0,0.0
98,0.0,0.0,0.0
99,0.0,0.0,0.0
100,0.0,0.0,0.0
101,0.0,0.0,0.0
102,73.267,0.0,0.0
103,69.28,0.0,200.0
104,200.0,0.0,200.0
105,200.0,0.0,200.0
106,200.0,26.68,200.0
107,200.0,14.165,200.0
108,200.0,0.0,200.0
109,200.0,109.577,200.0
110,200.0,89.357,200.0
111,200.0,0.0,200.0
112,200.0,0.0,200.0
113,163.359,0.0,200.0
114,200.0,0.0,200.0
115,169.269,0.0,200.0
116,200.0,0.0,86.288
117,150.922,0.0,200.0
118,111.1,0.0,200.0
119,7.374,0.0,200.0
120,24.14,0.0,200.0
121,0.0,0.0,0.0
122,0.0,0.0,0.0
123,0.0,0.0,0.0
124,0.0,0.0,0.0
125,0.0,0.0,0.0
126,0.0,0.0,0.0
127,0.0,0.0,0.0
128,0.0,0.0,0.0
129,8.808,0.0,0.0
130,0.0,0.0,0.0
131,89.949,0.0,24.531
132,157.354,0.0,0.0
133,67.342,0.0,0.0
134,88.97,0.0,0.0
135,23.283,0.0,0.0
136,21.835,0.0,0.0
137,23.227,0.0,0.0
138,9.968,0.0,0.0
139,0.0,0.0,0.0
140,50.583,0.0,0.0
141,31.795,0.0,0.0
142,0.0,0.0,0.0
143,0.0,0.0,0.0
144,0.0,0.0,0.0
145,22.644,0.0,200.0
146,59.972,0.0,0.0
147,117.906,0.0,0.0
148,108.184,0.0,0.0
149,124.358,0.0,0.0
150,112.344,0.0,71.928
151,97.575,0.0,200.0
152,100.772,0.0,80.416
153,159.163,0.0,200.0
154,97.575,115.246,200.0
155,200.0,200.0,200.0
156,200.0,200.0,200.0
157,200.0,200.0,200.0
158,200.0,200.0,200.0
159,200.0,200.0,200.0
160,97.575,56.982,200.0
161,172.591,38.081,200.0
162,107.394,0.0,200.0
163,0.0,0.0,200.0
164,0.0,0.0,200.0
165,151.646,74.608,200.0
166,115.031,66.391,200.0
167,186.48,63.761,200.0
168,200.0,0.0,200.0
169,88.014,0.0,0.0
170,18.97,0.0,0.0
171,0.0,0.0,0.0
172,0.0,0.0,0.0
173,0.0,0.0,0.0
174,0.0,0.0,0.0
175,95.277,0.0,0.0
176,148.195,0.0,0.0
177,186.471,0.0,200.0
178,200.0,0.0,45.431
179,200.0,0.0,192.252
180,200.0,0.0,200.0
181,200.0,0.0,0.0
182,200.0,0.0,0.0
183,200.0,0.0,164.826
184,200.0,0.0,153.026
185,77.035,0.0,26.097
186,0.0,0.0,200.0
187,0.0,0.0,200.0
188,34.916,0.0,200.0
189,58.131,0.0,200.0
190,197.148,0.0,0.0
191,200.0,0.0,0.0
192,82.114,0.0,0.0
B2_B1,2010,2015,2020
1,0.0,0.0,0.0
2,0.0,0.0,0.0
3,0.0,0.0,0.0
4,0.0,0.0,0.0
5,0.0,0.0,0.0
6,0.0,0.0,0.0
7,0.0,0.0,0.0
8,0.0,0.0,0.0
9,0.0,0.0,0.0
10,0.0,0.0,0.0
11,0.0,0.0,0.0
12,0.0,0.0,0.0
13,0.0,0.0,0.0
14,0.0,0.0,0.0
15,0.0,0.0,0.0
16,0.0,0.0,0.0
17,0.0,0.0,0.0
18,75.68,0.0,0.0
19,24.714,0.0,0.0
20,0.0,0.0,0.0
21,0.0,0.0,0.0
22,0.0,0.0,0.0
23,0.0,0.0,0.0
24,0.0,0.0,0.0
25,0.0,41.137,0.0
26,0.0,115.296,0.0
27,0.0,37.798,0.0
28,0.0,164.246,0.0
29,0.0,182.786,0.0
30,0.0,101.557,0.0
31,0.0,62.364,0.0
32,0.0,3.031,0.0
33,0.0,0.0,0.0
34,0.0,0.0,0.0
35,0.0,0.0,0.0
36,0.0,0.0,0.0
37,0.0,0.0,0.0
38,0.0,0.0,0.0
39,0.0,0.0,0.0
40,0.0,0.0,0.0
41,0.0,0.0,0.0
42,0.0,0.0,0.0
43,0.0,0.0,0.0
44,0.0,0.0,0.0
45,0.0,0.0,0.0
46,0.0,42.433,0.0
47,0.0,0.0,0.0
48,0.0,71.53,0.0
49,0.0,200.0,73.322
50,0.0,200.0,200.0
51,0.0,200.0,200.0
52,38.484,200.0,200.0
53,0.0,200.0,200.0
54,0.0,0.0,0.0
55,0.0,0.0,0.0
56,0.0,0.0,0.0
57,0.0,0.0,0.0
58,0.0,0.0,0.0
59,0.0,0.0,0.0
60,0.0,0.0,0.0
61,0.0,0.0,0.0
62,0.0,0.0,0.0
63,0.0,0.0,0.0
64,0.0,0.0,0.0
65,0.0,0.0,0.0
66,85.827,0.0,0.0
67,107.94,0.0,0.0
68,109.194,0.0,0.0
69,110.263,0.0,0.0
70,0.0,86.105,0.0
71,0.0,9.94,0.0
72,0.0,0.0,0.0
73,0.0,200.0,200.0
74,123.446,200.0,200.0
75,172.336,200.0,200.0
76,200.0,200.0,200.0
77,200.0,200.0,200.0
78,173.524,200.0,200.0
79,115.384,200.0,200.0
80,20.99,200.0,46.099
81,0.0,200.0,20.766
82,0.0,200.0,126.786
83,0.0,200.0,62.957
84,0.0,200.0,0.0
85,0.0,200.0,200.0
86,0.0,200.0,200.0
87,0.0,200.0,200.0
88,19.067,200.0,200.0
89,16.163,200.0,200.0
90,0.0,200.0,200.0
91,0.0,200.0,91.871
92,0.0,200.0,71.919
93,0.0,200.0,69.9
94,0.0,200.0,200.0
95,0.0,200.0,108.855
96,0.0,200.0,200.0
97,0.0,51.8,0.0
98,68.496,200.0,200.0
99,119.503,200.0,200.0
100,176.217,200.0,200.0
101,139.354,200.0,200.0
102,0.0,0.0,0.0
103,0.0,12.69,0.0
104,0.0,0.0,0.0
105,0.0,0.0,0.0
106,0.0,0.0,0.0
107,0.0,0.0,0.0
108,0.0,0.0,0.0
109,0.0,0.0,0.0
110,0.0,0.0,0.0
111,0.0,0.0,0.0
112,0.0,0.0,0.0
113,0.0,0.0,0.0
114,0.0,0.0,0.0
115,0.0,0.0,0.0
116,0.0,0.0,0.0
117,0.0,79.186,0.0
118,0.0,153.712,0.0
119,0.0,164.67,0.0
120,0.0,0.0,0.0
121,160.268,200.0,133.904
122,200.0,200.0,200.0
123,200.0,200.0,200.0
124,200.0,200.0,200.0
125,200.0,200.0,200.0
126,200.0,200.0,200.0
127,200.0,200.0,200.0
128,106.208,200.0,51.17
129,0.0,200.0,142.389
130,1.409,200.0,150.092
131,0.0,200.0,0.0
132,0.0,200.0,13.516
133,0.0,200.0,147.318
134,0.0,200.0,44.018
135,0.0,200.0,140.02
136,0.0,200.0,161.935
137,0.0,200.0,35.766
138,0.0,200.0,44.448
139,54.214,200.0,16.526
140,0.0,200.0,76.861
141,0.0,200.0,45.821
142,22.112,200.0,66.916
143,22.244,200.0,77.362
144,98.982,200.0,165.6
145,0.0,169.931,0.0
146,0.0,200.0,141.694
147,0.0,200.0,187.034
148,0.0,200.0,200.0
149,0.0,200.0,163.115
150,0.0,0.0,0.0
151,0.0,0.0,0.0
152,0.0,0.0,0.0
153,0.0,0.0,0.0
154,0.0,0.0,0.0
155,0.0,0.0,0.0
156,0.0,0.0,0.0
157,0.0,0.0,0.0
158,0.0,0.0,0.0
159,0.0,0.0,0.0
160,0.0,0.0,0.0
161,0.0,0.0,0.0
162,0.0,0.0,0.0
163,0.0,0.0,0.0
164,0.0,0.0,0.0
165,0.0,0.0,0.0
166,0.0,0.0,0.0
167,0.0,0.0,0.0
168,0.0,0.0,0.0
169,0.0,200.0,149.346
170,0.0,200.0,200.0
171,112.094,200.0,200.0
172,194.032,200.0,200.0
173,196.489,200.0,200.0
174,123.097,200.0,200.0
175,0.0,200.0,74.764
176,0.0,200.0,0.0
177,0.0,200.0,0.0
178,0.0,200.0,0.0
179,0.0,200.0,0.0
180,0.0,183.435,0.0
181,0.0,200.0,0.0
182,0.0,200.0,0.0
183,0.0,200.0,0.0
184,0.0,200.0,0.0
185,0.0,200.0,0.0
186,46.874,200.0,0.0
187,5.432,200.0,0.0
188,0.0,200.0,0.0
189,0.0,200.0,0.0
190,0.0,200.0,18.885
191,0.0,200.0,67.974
192,0.0,200.0,152.932
A2_B2,2010,2015,2020
1,0.0,68.096,400.0
2,0.0,0.0,399.999
3,0.0,0.0,400.0
4,58.315,0.0,378.201
5,0.0,0.0,400.0
6,0.0,54.109,400.0
7,0.0,188.092,400.0
8,11.016,400.0,400.0
9,7.014,400.0,400.0
10,23.221,400.0,400.0
11,0.0,271.182,400.0
12,1.946,400.0,400.0
13,217.03,400.0,400.0
14,161.249,400.0,400.0
15,42.504,400.0,400.0
16,0.0,400.0,400.0
17,0.0,400.0,400.0
18,0.0,400.0,400.0
19,0.0,400.0,400.0
20,0.0,400.0,400.0
21,31.439,400.0,400.0
22,0.0,17.269,400.0
23,0.0,4.719,400.0
24,0.0,0.0,400.0
25,0.0,34.764,400.0
26,63.963,0.0,341.334
27,0.0,0.0,208.771
28,0.0,0.0,40.815
29,0.0,0.0,39.836
30,0.0,0.0,120.658
31,0.0,0.0,173.014
32,0.0,0.0,400.0
33,0.0,33.473,400.0
34,0.0,148.973,400.0
35,0.0,135.692,400.0
36,0.0,214.213,400.0
37,0.0,0.0,400.0
38,0.0,20.335,400.0
39,0.0,0.0,400.0
40,0.0,56.357,400.0
41,0.0,66.889,400.0
42,0.0,136.12,400.0
43,0.0,0.0,400.0
44,0.0,0.0,400.0
45,0.0,0.0,400.0
46,0.0,69.845,400.0
47,0.0,0.0,400.0
48,0.0,28.359,400.0
49,0.0,20.113,225.352
50,0.0,0.0,141.605
51,0.0,0.0,253.201
52,0.0,0.0,184.07
53,0.0,72.524,109.036
54,0.0,0.0,238.159
55,0.0,0.0,400.0
56,0.0,0.0,400.0
57,0.0,32.151,400.0
58,0.0,155.764,400.0
59,0.0,149.414,400.0
60,0.0,180.036,400.0
61,0.0,104.887,400.0
62,0.0,81.366,400.0
63,0.0,116.251,400.0
64,0.0,0.0,400.0
65,0.0,21.416,400.0
66,0.0,38.014,400.0
67,0.0,17.316,400.0
68,0.0,0.0,400.0
69,0.0,0.0,400.0
70,0.0,18.325,400.0
71,0.0,0.0,400.0
72,0.0,0.0,389.23
73,0.0,11.787,220.74
74,0.0,127.12,267.288
75,0.0,147.995,116.251
76,0.0,191.097,210.297
77,0.0,156.381,171.44
78,0.0,56.157,210.658
79,0.0,29.82,179.918
80,0.0,62.886,110.3
81,0.0,0.0,217.78
82,0.0,0.0,179.346
83,0.0,0.0,181.256
84,0.0,0.0,151.538
85,0.0,59.929,340.273
86,0.0,0.0,352.888
87,0.0,40.472,234.77
88,0.0,44.779,258.224
89,0.0,58.004,228.769
90,0.0,0.0,150.798
91,0.0,0.0,117.953
92,0.0,73.947,94.234
93,0.0,64.122,88.56
94,0.0,22.559,368.353
95,0.0,0.0,157.98
96,0.0,21.393,269.184
97,0.0,0.0,60.704
98,0.0,9.557,48.981
99,0.0,59.71,143.465
100,0.0,0.0,50.926
101,0.0,55.472,119.571
102,0.0,0.0,70.878
103,0.0,0.0,385.477
104,0.0,0.0,400.0
105,0.0,68.355,400.0
106,0.0,7.225,400.0
107,0.0,102.148,400.0
108,0.0,192.651,400.0
109,0.0,0.0,400.0
110,0.0,0.0,400.0
111,0.0,31.741,400.0
112,0.0,91.876,400.0
113,0.0,52.978,400.0
114,0.0,65.309,400.0
115,0.0,12.987,400.0
116,0.0,0.0,400.0
117,0.0,0.0,400.0
118,0.0,0.0,400.0
119,0.0,0.0,338.71
120,0.0,0.0,145.117
121,0.0,53.432,110.4
122,0.0,0.0,226.882
123,0.0,50.685,305.873
124,0.0,115.142,400.0
125,0.0,118.419,252.608
126,0.0,47.928,315.898
127,0.0,19.707,59.068
128,0.0,0.0,0.0
129,0.0,0.0,93.846
130,0.0,0.0,86.045
131,0.0,0.0,32.339
132,0.0,0.0,165.498
133,0.0,0.0,138.913
134,0.0,0.0,186.739
135,0.0,0.0,283.922
136,0.0,0.0,292.129
137,0.0,0.0,0.0
138,0.0,0.0,0.0
139,0.0,0.0,0.0
140,0.0,0.0,0.0
141,0.0,0.0,0.0
142,0.0,0.0,0.0
143,0.0,0.0,0.0
144,0.0,20.766,78.297
145,0.0,0.0,95.863
146,0.0,37.619,236.35
147,0.0,0.0,198.805
148,0.0,0.0,299.265
149,0.0,0.0,179.066
150,0.0,0.0,400.0
151,0.0,12.162,400.0
152,0.0,201.313,400.0
153,0.0,230.214,400.0
154,0.0,98.965,400.0
155,0.0,16.454,400.0
156,0.0,11.403,400.0
157,0.0,0.0,400.0
158,0.0,0.0,400.0
159,0.0,0.0,400.0
160,0.0,0.0,400.0
161,0.0,0.0,400.0
162,0.0,93.464,400.0
163,0.0,182.493,400.0
164,0.0,164.592,400.0
165,0.0,136.12,400.0
166,0.0,0.0,400.0
167,0.0,13.58,400.0
168,0.0,0.0,400.0
169,0.0,0.0,195.538
170,0.0,55.849,248.677
171,0.0,117.763,148.855
172,0.0,197.418,76.989
173,0.0,186.068,67.134
174,0.0,96.315,142.004
175,0.0,0.0,206.844
176,0.0,0.0,86.848
177,0.0,0.0,160.231
178,0.0,0.0,282.891
179,0.0,0.0,234.751
180,0.0,0.0,269.847
181,0.0,0.0,336.1
182,0.0,0.0,261.846
183,0.0,0.0,4.22
184,0.0,0.0,4.902
185,0.0,0.0,179.684
186,0.0,0.0,179.708
187,0.0,0.0,213.423
188,0.0,0.0,237.576
189,0.0,0.0,104.488
190,0.0,0.0,125.801
191,0.0,48.4,232.961
192,0.0,0.0,189.02
B2_A2,2010,2015,2020
1,202.357,0.0,0.0
2,86.747,0.0,0.0
3,143.861,0.0,0.0
4,0.0,50.373,0.0
5,96.475,5.702,0.0
6,184.182,0.0,0.0
7,159.97,0.0,0.0
8,0.0,0.0,0.0
9,0.0,0.0,0.0
10,0.0,0.0,0.0
11,26.08,0.0,0.0
12,0.0,0.0,0.0
13,0.0,0.0,0.0
14,0.0,0.0,0.0
15,0.0,0.0,0.0
16,0.0,0.0,0.0
17,123.32,0.0,0.0
18,153.07,0.0,0.0
19,98.077,0.0,0.0
20,69.677,0.0,0.0
21,0.0,0.0,0.0
22,122.915,0.0,0.0
23,150.831,0.0,0.0
24,204.523,0.0,0.0
25,142.758,0.0,0.0
26,0.0,0.0,0.0
27,0.0,0.0,0.0
28,0.0,0.0,0.0
29,0.0,0.0,0.0
30,0.0,0.0,0.0
31,0.0,0.0,0.0
32,176.846,0.0,0.0
33,148.171,0.0,0.0
34,316.509,0.0,0.0
35,344.34,0.0,0.0
36,396.809,0.0,0.0
37,283.252,0.0,0.0
38,289.273,0.0,0.0
39,239.489,0.0,0.0
40,237.31,0.0,0.0
41,334.276,0.0,0.0
42,59.076,0.0,0.0
43,50.326,0.0,0.0
44,159.984,0.0,0.0
45,292.328,0.0,0.0
46,123.247,0.0,0.0
47,226.292,0.0,0.0
48,194.726,0.0,0.0
49,104.948,0.0,0.0
50,198.215,53.247,0.0
51,146.919,30.462,0.0
52,109.15,5.032,0.0
53,131.733,0.0,0.0
54,0.0,112.747,0.0
55,149.194,0.0,0.0
56,400.0,0.0,0.0
57,332.407,0.0,0.0
58,400.0,0.0,0.0
59,400.0,0.0,0.0
60,400.0,0.0,0.0
61,400.0,0.0,0.0
62,400.0,0.0,0.0
63,400.0,0.0,0.0
64,393.054,0.0,0.0
65,350.847,0.0,0.0
66,400.0,0.0,0.0
67,400.0,0.0,0.0
68,400.0,7.249,0.0
69,400.0,27.618,0.0
70,135.387,0.0,0.0
71,119.866,38.932,0.0
72,0.0,73.107,0.0
73,187.523,0.0,0.0
74,115.557,0.0,0.0
75,126.04,0.0,0.0
76,176.426,0.0,0.0
77,177.376,0.0,0.0
78,130.248,0.0,0.0
79,115.841,0.0,0.0
80,156.591,0.0,0.0
81,287.663,91.605,0.0
82,307.008,284.557,0.0
83,263.361,90.603,0.0
84,200.999,237.162,0.0
85,282.694,0.0,0.0
86,257.714,60.048,0.0
87,188.692,0.0,0.0
88,158.475,0.0,0.0
89,161.322,0.0,0.0
90,208.741,41.294,0.0
91,254.222,90.949,0.0
92,241.052,0.0,0.0
93,124.363,0.0,0.0
94,251.052,0.0,0.0
95,234.926,46.173,0.0
96,187.204,0.0,0.0
97,225.29,327.948,0.0
98,204.134,0.0,0.0
99,210.891,0.0,0.0
100,215.95,66.554,0.0
101,214.358,0.0,0.0
102,228.624,354.194,0.0
103,130.426,0.0,0.0
104,180.482,14.453,0.0
105,359.962,0.0,0.0
106,361.364,0.0,0.0
107,264.862,0.0,0.0
108,184.837,0.0,0.0
109,298.455,0.0,0.0
110,338.499,0.0,0.0
111,308.043,0.0,0.0
112,266.403,0.0,0.0
113,292.752,0.0,0.0
114,357.656,0.0,0.0
115,167.576,0.0,0.0
116,277.81,0.0,0.0
117,257.143,0.0,0.0
118,133.454,0.0,0.0
119,58.427,0.0,0.0
120,161.91,172.174,0.0
121,276.387,0.0,0.0
122,282.767,11.508,0.0
123,400.0,0.0,0.0
124,400.0,0.0,0.0
125,400.0,0.0,0.0
126,400.0,0.0,0.0
127,286.286,0.0,0.0
128,311.197,290.972,0.0
129,350.801,325.344,0.0
130,400.0,380.882,0.0
131,400.0,400.0,0.0
132,400.0,318.163,0.0
133,400.0,393.235,0.0
134,400.0,287.994,0.0
135,400.0,28.73,0.0
136,324.462,26.371,0.0
137,340.832,60.459,0.0
138,400.0,332.268,0.0
139,343.961,336.654,0.0
140,389.319,347.21,0.0
141,393.825,360.618,0.0
142,342.998,313.384,0.0
143,345.075,289.725,0.0
144,345.763,0.0,0.0
145,0.0,0.0,0.0
146,169.879,0.0,0.0
147,116.727,94.984,0.0
148,164.696,36.189,0.0
149,123.115,104.85,0.0
150,0.0,24.862,0.0
151,305.183,0.0,0.0
152,48.207,0.0,0.0
153,90.864,0.0,0.0
154,12.703,0.0,0.0
155,73.289,0.0,0.0
156,47.217,0.0,0.0
157,89.202,74.296,0.0
158,59.77,52.915,0.0
159,129.993,83.136,0.0
160,85.885,0.0,0.0
161,198.23,0.0,0.0
162,81.572,0.0,0.0
163,159.121,0.0,0.0
164,160.273,0.0,0.0
165,189.164,0.0,0.0
166,228.592,0.0,0.0
167,199.958,0.0,0.0
168,147.013,117.0,0.0
169,164.155,38.683,0.0
170,148.297,0.0,0.0
171,89.011,0.0,0.0
172,103.227,0.0,0.0
173,104.805,0.0,0.0
174,93.328,0.0,0.0
175,183.946,45.203,0.0
176,184.203,39.26,0.0
177,272.955,95.716,0.0
178,261.842,79.016,0.0
179,269.453,9.698,0.0
180,222.196,0.0,0.0
181,258.824,77.284,0.0
182,271.191,73.671,0.0
183,341.072,6.775,0.0
184,198.0,12.371,0.0
185,238.419,70.002,0.0
186,99.446,5.132,0.0
187,83.705,24.505,0.0
188,101.933,9.258,0.0
189,169.213,4.219,0.0
190,218.921,79.063,0.0
191,198.0,0.0,0.0
192,107.676,45.927,0.0
