encrops,2010,2015,2020
1,31261.603,43615.823,58154.43
2,25047.806,43615.823,58154.43
3,21321.561,41408.692,58154.43
4,17150.591,38901.561,58154.43
5,18586.498,39768.692,58154.43
6,29463.249,43615.823,58154.43
7,43334.135,43615.823,58154.43
8,43615.823,43615.823,58154.43
9,43615.823,43615.823,58154.43
10,43615.823,43615.823,58154.43
11,43615.823,43615.823,58154.43
12,43615.823,43615.823,58154.43
13,43615.823,43615.823,58154.43
14,43615.823,43615.823,58154.43
15,43615.823,43615.823,58154.43
16,43615.823,43615.823,58154.43
17,43615.823,43615.823,58154.43
18,43615.823,43615.823,58154.43
19,43615.823,43615.823,58154.43
20,43615.823,43615.823,58154.43
21,43615.823,43615.823,58154.43
22,43615.823,43615.823,58154.43
23,43615.823,43615.823,58154.43
24,39399.873,43615.823,58154.43
25,10028.903,17446.329,23261.772
26,7411.35,15893.544,23261.772
27,5754.852,14265.148,23261.772
28,3695.485,11851.646,23261.772
29,3477.595,11394.641,23261.772
30,4540.97,12842.532,23261.772
31,5194.937,13608.945,23261.772
32,9614.81,17214.726,23261.772
33,13269.367,17446.329,23261.772
34,16247.806,17446.329,23261.772
35,17446.329,17446.329,23261.772
36,17446.329,17446.329,23261.772
37,17076.793,17446.329,23261.772
38,16346.709,17446.329,23261.772
39,15732.278,17446.329,23261.772
40,15565.106,17446.329,23261.772
41,16547.975,17446.329,23261.772
42,17446.329,17446.329,23261.772
43,17446.329,17446.329,23261.772
44,17446.329,17446.329,23261.772
45,16307.426,17446.329,23261.772
46,13413.46,17446.329,23261.772
47,15427.131,17446.329,23261.772
48,12083.966,17446.329,23261.772
49,9692.236,30160.675,58154.43
50,5787.257,21828.27,57984.219
51,4287.511,18392.827,55968.65
52,2801.266,14988.397,53971.308
53,4208.27,18211.266,55862.152
54,12465.781,33411.139,58154.43
55,31877.553,43615.823,58154.43
56,43425.401,43615.823,58154.43
57,43615.823,43615.823,58154.43
58,43615.823,43615.823,58154.43
59,43615.823,43615.823,58154.43
60,43615.823,43615.823,58154.43
61,43615.823,43615.823,58154.43
62,43615.823,43615.823,58154.43
63,43615.823,43615.823,58154.43
64,43615.823,43615.823,58154.43
65,42309.325,43615.823,58154.43
66,41636.202,43615.823,58154.43
67,41172.236,43615.823,58154.43
68,41379.367,43615.823,58154.43
69,41511.814,43615.823,58154.43
70,33759.873,43615.823,58154.43
71,30688.354,43615.823,58154.43
72,18788.312,39889.747,58154.43
73,2835.359,9923.502,23261.772
74,1220.928,6225.359,21723.46
75,569.325,4732.743,20847.764
76,0.0,3157.046,18574.979
77,0.0,3071.055,18382.236
78,352.447,4236.034,20360.548
79,997.468,5713.544,21423.165
80,2847.51,9951.308,23261.772
81,5547.595,14022.236,23261.772
82,8267.384,16406.835,23261.772
83,9918.481,17396.835,23261.772
84,11289.156,17446.329,23261.772
85,8735.443,16687.468,23261.772
86,6602.321,15258.312,23261.772
87,4963.08,13337.257,23261.772
88,3961.224,12163.08,23261.772
89,3621.603,11724.557,23261.772
90,4204.937,12448.734,23261.772
91,5090.338,13486.371,23261.772
92,6651.899,15316.456,23261.772
93,8114.262,16315.021,23261.772
94,5407.384,13857.975,23261.772
95,6056.624,14618.776,23261.772
96,2996.498,10292.532,23261.772
97,6457.426,23363.333,58154.43
98,2707.975,14774.726,53845.907
99,1196.667,11312.785,51730.169
100,0.0,8281.181,47308.397
101,495.949,9707.679,49889.536
102,5349.873,20826.371,57396.413
103,21980.464,41803.798,58154.43
104,39087.595,43615.823,58154.43
105,43615.823,43615.823,58154.43
106,43615.823,43615.823,58154.43
107,43615.823,43615.823,58154.43
108,43615.823,43615.823,58154.43
109,43615.823,43615.823,58154.43
110,43615.823,43615.823,58154.43
111,43615.823,43615.823,58154.43
112,43615.823,43615.823,58154.43
113,42767.3,43615.823,58154.43
114,41841.35,43615.823,58154.43
115,39837.975,43615.823,58154.43
116,35105.949,43615.823,58154.43
117,29823.629,43615.823,58154.43
118,28041.308,43615.823,58154.43
119,24343.249,43220.506,58154.43
120,12670.675,33651.266,58154.43
121,1703.882,7331.688,22372.532
122,129.578,3725.443,19775.021
123,0.0,2784.852,17740.802
124,0.0,1787.595,15505.654
125,0.0,1481.814,14820.295
126,0.0,1770.928,15468.27
127,0.0,3141.814,18540.844
128,1518.987,6908.144,22124.051
129,3528.354,11510.928,23261.772
130,6402.321,15023.924,23261.772
131,8459.494,16522.025,23261.772
132,9974.051,17430.169,23261.772
133,8109.578,16312.236,23261.772
134,6556.624,15204.81,23261.772
135,5154.219,13561.224,23261.772
136,4583.84,12892.743,23261.772
137,4175.485,12414.177,23261.772
138,4516.751,12814.135,23261.772
139,4232.954,12481.561,23261.772
140,3587.215,11645.738,23261.772
141,3447.468,11325.57,23261.772
142,3492.574,11428.903,23261.772
143,3495.992,11436.793,23261.772
144,1606.287,7108.144,22241.392
145,12973.502,34006.118,58154.43
146,7771.561,26373.502,58154.43
147,6292.321,22985.148,58154.43
148,4618.144,19150.169,56412.996
149,6063.713,22461.519,58154.43
150,16631.941,38293.671,58154.43
151,39754.557,43615.823,58154.43
152,43615.823,43615.823,58154.43
153,43615.823,43615.823,58154.43
154,43615.823,43615.823,58154.43
155,43615.823,43615.823,58154.43
156,43615.823,43615.823,58154.43
157,43615.823,43615.823,58154.43
158,43615.823,43615.823,58154.43
159,43615.823,43615.823,58154.43
160,43615.823,43615.823,58154.43
161,43615.823,43615.823,58154.43
162,43615.823,43615.823,58154.43
163,43615.823,43615.823,58154.43
164,43615.823,43615.823,58154.43
165,43615.823,43615.823,58154.43
166,38033.164,43615.823,58154.43
167,34383.924,43615.823,58154.43
168,23039.874,42438.987,58154.43
169,3585.316,11641.35,23261.772
170,2052.321,8129.789,22840.802
171,1276.751,6353.291,21798.523
172,294.219,4102.574,20207.511
173,232.405,3961.055,20045.19
174,1067.975,5875.021,21517.932
175,2353.333,8819.367,23245.359
176,4841.181,13194.43,23261.772
177,8205.949,16370.0,23261.772
178,10638.017,17446.329,23261.772
179,12508.439,17446.329,23261.772
180,13573.038,17446.329,23261.772
181,11031.392,17446.329,23261.772
182,8917.679,16796.751,23261.772
183,7466.54,15926.667,23261.772
184,6773.755,15459.283,23261.772
185,7023.966,15661.266,23261.772
186,9354.219,17058.523,23261.772
187,12598.143,17446.329,23261.772
188,13169.283,17446.329,23261.772
189,10414.515,17446.329,23261.772
190,6719.409,15395.57,23261.772
191,7224.135,15781.266,23261.772
192,3687.722,11842.574,23261.772
hardcoal,2010,2015,2020
1,120984.832,120984.832,72590.899
2,120984.832,120984.832,72590.899
3,120984.832,120984.832,72590.899
4,120984.832,120984.832,72590.899
5,120984.832,120984.832,72590.899
6,120984.832,120984.832,72590.899
7,120984.832,120984.832,72590.899
8,120984.832,120984.832,72590.899
9,120984.832,120984.832,72590.899
10,120984.832,120984.832,72590.899
11,120984.832,120984.832,72590.899
12,120984.832,120984.832,72590.899
13,120984.832,120984.832,72590.899
14,120984.832,120984.832,72590.899
15,120984.832,120984.832,72590.899
16,120984.832,120984.832,72590.899
17,120984.832,120984.832,72590.899
18,120984.832,120984.832,72590.899
19,120984.832,120984.832,72590.899
20,120984.832,120984.832,72590.899
21,120984.832,120984.832,72590.899
22,120984.832,120984.832,72590.899
23,120984.832,120984.832,72590.899
24,120984.832,120984.832,72590.899
25,48393.961,48393.961,29036.376
26,48393.961,48393.961,29036.376
27,48393.961,48393.961,29036.376
28,48393.961,48393.961,29036.376
29,48178.09,48393.961,29036.376
30,48393.961,48393.961,29036.376
31,48393.961,48393.961,29036.376
32,48393.961,48393.961,29036.376
33,48393.961,48393.961,29036.376
34,48393.961,48393.961,29036.376
35,48393.961,48393.961,29036.376
36,48393.961,48393.961,29036.376
37,48393.961,48393.961,29036.376
38,48393.961,48393.961,29036.376
39,48393.961,48393.961,29036.376
40,48393.961,48393.961,29036.376
41,48393.961,48393.961,29036.376
42,48393.961,48393.961,29036.376
43,48393.961,48393.961,29036.376
44,48393.961,48393.961,29036.376
45,48393.961,48393.961,29036.376
46,48393.961,48393.961,29036.376
47,48393.961,48393.961,29036.376
48,48393.961,48393.961,29036.376
49,120984.832,120984.832,72590.899
50,116964.354,120984.832,72590.899
51,115168.399,120984.832,72590.899
52,113388.68,120984.832,72590.899
53,115073.511,120984.832,72590.899
54,120984.832,120984.832,72590.899
55,120984.832,120984.832,72590.899
56,120984.832,120984.832,72590.899
57,120984.832,120984.832,72590.899
58,120984.832,120984.832,72590.899
59,120984.832,120984.832,72590.899
60,120984.832,120984.832,72590.899
61,120984.832,120984.832,72590.899
62,120984.832,120984.832,72590.899
63,120984.832,120984.832,72590.899
64,120984.832,120984.832,72590.899
65,120984.832,120984.832,72590.899
66,120984.832,120984.832,72590.899
67,120984.832,120984.832,72590.899
68,120984.832,120984.832,72590.899
69,120984.832,120984.832,72590.899
70,120984.832,120984.832,72590.899
71,120984.832,120984.832,72590.899
72,120984.832,120984.832,72590.899
73,47409.017,48393.961,29036.376
74,45475.758,48393.961,29036.376
75,44695.45,48393.961,29036.376
76,43621.77,47794.185,29036.376
77,43533.904,47691.208,29036.376
78,44435.787,48393.961,29036.376
79,45208.146,48393.961,29036.376
80,47423.539,48393.961,29036.376
81,48393.961,48393.961,29036.376
82,48393.961,48393.961,29036.376
83,48393.961,48393.961,29036.376
84,48393.961,48393.961,29036.376
85,48393.961,48393.961,29036.376
86,48393.961,48393.961,29036.376
87,48393.961,48393.961,29036.376
88,48393.961,48393.961,29036.376
89,48350.534,48393.961,29036.376
90,48393.961,48393.961,29036.376
91,48393.961,48393.961,29036.376
92,48393.961,48393.961,29036.376
93,48393.961,48393.961,29036.376
94,48393.961,48393.961,29036.376
95,48393.961,48393.961,29036.376
96,47601.938,48393.961,29036.376
97,117766.826,120984.832,72590.899
98,113276.966,120984.832,72590.899
99,111467.191,120984.832,72590.899
100,109451.405,119950.73,72590.899
101,110628.09,120984.832,72590.899
102,116440.59,120984.832,72590.899
103,120984.832,120984.832,72590.899
104,120984.832,120984.832,72590.899
105,120984.832,120984.832,72590.899
106,120984.832,120984.832,72590.899
107,120984.832,120984.832,72590.899
108,120984.832,120984.832,72590.899
109,120984.832,120984.832,72590.899
110,120984.832,120984.832,72590.899
111,120984.832,120984.832,72590.899
112,120984.832,120984.832,72590.899
113,120984.832,120984.832,72590.899
114,120984.832,120984.832,72590.899
115,120984.832,120984.832,72590.899
116,120984.832,120984.832,72590.899
117,120984.832,120984.832,72590.899
118,120984.832,120984.832,72590.899
119,120984.832,120984.832,72590.899
120,120984.832,120984.832,72590.899
121,46054.101,48393.961,29036.376
122,44168.848,48393.961,29036.376
123,43241.489,47348.539,29036.376
124,42222.528,46154.326,29036.376
125,41910.084,45788.146,29036.376
126,42205.478,46134.382,29036.376
127,43606.208,47775.955,29036.376
128,45832.669,48393.961,29036.376
129,48238.876,48393.961,29036.376
130,48393.961,48393.961,29036.376
131,48393.961,48393.961,29036.376
132,48393.961,48393.961,29036.376
133,48393.961,48393.961,29036.376
134,48393.961,48393.961,29036.376
135,48393.961,48393.961,29036.376
136,48393.961,48393.961,29036.376
137,48393.961,48393.961,29036.376
138,48393.961,48393.961,29036.376
139,48393.961,48393.961,29036.376
140,48309.354,48393.961,29036.376
141,48141.966,48393.961,29036.376
142,48195.983,48393.961,29036.376
143,48200.112,48393.961,29036.376
144,45937.219,48393.961,29036.376
145,120984.832,120984.832,72590.899
146,119340.477,120984.832,72590.899
147,117569.129,120984.832,72590.899
148,115564.326,120984.832,72590.899
149,117295.393,120984.832,72590.899
150,120984.832,120984.832,72590.899
151,120984.832,120984.832,72590.899
152,120984.832,120984.832,72590.899
153,120984.832,120984.832,72590.899
154,120984.832,120984.832,72590.899
155,120984.832,120984.832,72590.899
156,120984.832,120984.832,72590.899
157,120984.832,120984.832,72590.899
158,120984.832,120984.832,72590.899
159,120984.832,120984.832,72590.899
160,120984.832,120984.832,72590.899
161,120984.832,120984.832,72590.899
162,120984.832,120984.832,72590.899
163,120984.832,120984.832,72590.899
164,120984.832,120984.832,72590.899
165,120984.832,120984.832,72590.899
166,120984.832,120984.832,72590.899
167,120984.832,120984.832,72590.899
168,120984.832,120984.832,72590.899
169,48307.051,48393.961,29036.376
170,46471.32,48393.961,29036.376
171,45542.612,48393.961,29036.376
172,44366.011,48393.961,29036.376
173,44291.994,48393.961,29036.376
174,45292.584,48393.961,29036.376
175,46831.798,48393.961,29036.376
176,48393.961,48393.961,29036.376
177,48393.961,48393.961,29036.376
178,48393.961,48393.961,29036.376
179,48393.961,48393.961,29036.376
180,48393.961,48393.961,29036.376
181,48393.961,48393.961,29036.376
182,48393.961,48393.961,29036.376
183,48393.961,48393.961,29036.376
184,48393.961,48393.961,29036.376
185,48393.961,48393.961,29036.376
186,48393.961,48393.961,29036.376
187,48393.961,48393.961,29036.376
188,48393.961,48393.961,29036.376
189,48393.961,48393.961,29036.376
190,48393.961,48393.961,29036.376
191,48393.961,48393.961,29036.376
192,48393.961,48393.961,29036.376
lignite,2010,2015,2020
1,335238.149,0.0,0.0
2,261338.972,0.0,0.0
3,251541.09,0.0,0.0
4,217295.06,0.0,0.0
5,223923.002,0.0,0.0
6,321318.707,0.0,0.0
7,402436.943,68006.237,0.0
8,402436.943,197088.706,122628.5
9,402436.943,194634.619,139312.235
10,402436.943,197119.06,157946.618
11,402436.943,305942.678,166428.353
12,402436.943,266530.296,154491.5
13,402402.855,141414.07,96148.5
14,402436.943,149274.094,133434.471
15,397369.825,187919.002,133434.471
16,402436.943,204175.943,132449.323
17,402436.943,213106.413,168158.353
18,402436.943,258786.472,236948.324
19,402436.943,257590.237,201555.382
20,402436.943,172862.825,144516.088
21,402436.943,68006.237,50671.323
22,402436.943,37781.237,0.0
23,402436.943,37781.237,0.0
24,360210.855,0.0,0.0
25,89078.706,0.0,0.0
26,60578.529,0.0,0.0
27,53661.265,0.0,0.0
28,37942.353,0.0,0.0
29,34874.338,0.0,0.0
30,44127.471,0.0,0.0
31,49754.677,0.0,0.0
32,88079.03,0.0,0.0
33,93917.0,0.0,0.0
34,118887.912,0.0,0.0
35,114484.147,0.0,0.0
36,122627.323,0.0,0.0
37,113448.735,0.0,0.0
38,113914.382,0.0,0.0
39,107283.5,0.0,0.0
40,117570.235,0.0,0.0
41,135631.882,0.0,0.0
42,123815.824,0.0,0.0
43,123815.824,0.0,0.0
44,123815.824,0.0,0.0
45,131069.176,0.0,0.0
46,100810.912,0.0,0.0
47,116511.53,0.0,0.0
48,97888.53,0.0,0.0
49,67757.632,0.0,0.0
50,66739.868,0.0,0.0
51,57300.474,0.0,0.0
52,37781.237,0.0,0.0
53,59945.316,0.0,0.0
54,75265.443,0.0,0.0
55,194684.531,0.0,0.0
56,300252.56,0.0,0.0
57,275758.649,0.0,0.0
58,258881.529,0.0,0.0
59,253449.693,0.0,0.0
60,270075.709,0.0,0.0
61,242486.094,0.0,0.0
62,251609.44,0.0,0.0
63,241451.964,0.0,0.0
64,277101.207,0.0,0.0
65,282553.06,0.0,0.0
66,285092.853,0.0,0.0
67,285092.853,0.0,0.0
68,285092.853,0.0,0.0
69,285092.853,0.0,0.0
70,194684.531,0.0,0.0
71,194684.531,0.0,0.0
72,95387.991,0.0,0.0
73,14038.132,0.0,0.0
74,0.0,0.0,0.0
75,0.0,0.0,0.0
76,0.0,0.0,0.0
77,0.0,0.0,0.0
78,0.0,0.0,0.0
79,0.0,0.0,0.0
80,0.0,0.0,0.0
81,0.0,0.0,0.0
82,0.0,0.0,0.0
83,0.0,0.0,0.0
84,0.0,0.0,0.0
85,0.0,0.0,0.0
86,0.0,0.0,0.0
87,0.0,0.0,0.0
88,0.0,0.0,0.0
89,0.0,0.0,0.0
90,12318.21,0.0,0.0
91,15112.5,0.0,0.0
92,15112.5,0.0,0.0
93,24500.553,0.0,0.0
94,15112.5,0.0,0.0
95,16851.211,0.0,0.0
96,11530.842,0.0,0.0
97,43623.868,0.0,0.0
98,26324.0,0.0,0.0
99,9364.105,0.0,0.0
100,0.0,0.0,0.0
101,0.0,0.0,0.0
102,37781.237,0.0,0.0
103,60260.263,0.0,0.0
104,127288.325,0.0,0.0
105,158540.804,0.0,0.0
106,150529.04,0.0,0.0
107,174416.234,0.0,0.0
108,150903.067,0.0,0.0
109,177661.463,0.0,0.0
110,151248.146,0.0,0.0
111,158597.356,0.0,0.0
112,188338.628,0.0,0.0
113,195227.593,0.0,0.0
114,227078.972,0.0,0.0
115,194684.531,0.0,0.0
116,186040.443,0.0,0.0
117,154940.797,0.0,0.0
118,87826.772,0.0,0.0
119,80007.325,0.0,0.0
120,54558.421,0.0,0.0
121,0.0,0.0,0.0
122,0.0,0.0,0.0
123,0.0,0.0,0.0
124,0.0,0.0,0.0
125,0.0,0.0,0.0
126,0.0,0.0,0.0
127,0.0,0.0,0.0
128,0.0,0.0,0.0
129,0.0,0.0,0.0
130,0.0,0.0,0.0
131,0.0,0.0,0.0
132,0.0,0.0,0.0
133,0.0,0.0,0.0
134,0.0,0.0,0.0
135,0.0,0.0,0.0
136,0.0,0.0,0.0
137,0.0,0.0,0.0
138,0.0,0.0,0.0
139,0.0,0.0,0.0
140,0.0,0.0,0.0
141,0.0,0.0,0.0
142,0.0,0.0,0.0
143,0.0,0.0,0.0
144,0.0,0.0,0.0
145,89580.255,0.0,0.0
146,67626.289,0.0,0.0
147,68006.237,0.0,0.0
148,55317.5,0.0,0.0
149,68006.237,0.0,0.0
150,120197.384,0.0,0.0
151,305966.59,0.0,0.0
152,351765.619,37781.237,0.0
153,351765.619,68006.237,0.0
154,313932.737,68006.237,0.0
155,306380.119,29989.868,0.0
156,294992.178,11108.526,0.0
157,284317.56,18513.263,0.0
158,286691.002,23256.474,0.0
159,298602.943,0.0,0.0
160,312106.678,40385.237,0.0
161,351765.619,37622.237,0.0
162,351765.619,37781.237,0.0
163,362268.207,37781.237,0.0
164,362226.355,37781.237,0.0
165,351765.619,0.0,0.0
166,272166.766,0.0,0.0
167,260933.502,0.0,0.0
168,203243.472,0.0,0.0
169,21752.105,0.0,0.0
170,12814.21,0.0,0.0
171,647.526,0.0,0.0
172,0.0,0.0,0.0
173,0.0,0.0,0.0
174,391.053,0.0,0.0
175,15112.5,0.0,0.0
176,20420.895,0.0,0.0
177,15112.5,0.0,0.0
178,15112.5,0.0,0.0
179,15112.5,0.0,0.0
180,15112.5,0.0,0.0
181,11994.0,0.0,0.0
182,11474.79,0.0,0.0
183,15112.5,0.0,0.0
184,15112.5,0.0,0.0
185,16502.474,0.0,0.0
186,26051.132,0.0,0.0
187,32309.81,0.0,0.0
188,36836.7,0.0,0.0
189,27048.921,0.0,0.0
190,27169.842,0.0,0.0
191,26469.842,0.0,0.0
192,25725.158,0.0,0.0
gas,2010,2015,2020
1,18564.914,74841.477,198411.138
2,18564.914,39285.532,145861.229
3,18564.914,30559.077,122168.92
4,18564.914,18564.914,95813.971
5,18564.914,18564.914,108502.593
6,18564.914,74948.259,195176.775
7,18564.914,131331.605,288788.074
8,66379.077,111622.696,373052.859
9,90025.065,131331.605,403870.327
10,100858.954,128349.732,400196.962
11,99662.652,131331.605,415235.362
12,78986.355,150474.105,414120.92
13,47815.205,131180.114,403047.74
14,45807.368,131331.605,380709.222
15,75551.278,130413.387,386468.62
16,95576.454,127698.441,392890.811
17,134544.625,126355.368,394268.406
18,202159.481,150474.105,425939.378
19,175821.12,131331.605,411298.656
20,134028.97,126126.459,394162.406
21,45153.787,131331.605,357898.893
22,18564.914,126110.932,289285.919
23,18564.914,126110.932,286489.928
24,18564.914,126756.423,237420.143
25,7425.97,7425.97,44690.584
26,7425.97,7425.97,38279.155
27,7425.97,7425.97,38225.484
28,7425.97,7425.97,23136.941
29,7425.97,7425.97,23136.941
30,7425.97,7425.97,32112.213
31,7425.97,7425.97,38230.37
32,7425.97,7425.97,43900.984
33,7425.97,11178.661,62163.148
34,7425.97,23714.497,78617.359
35,7425.97,23714.497,85353.604
36,7425.97,23714.497,91411.048
37,7425.97,27380.624,72068.542
38,7425.97,25996.424,76499.455
39,7425.97,25699.824,76777.177
40,7425.97,23714.497,80320.505
41,7425.97,29979.315,79265.305
42,7425.97,44376.182,103211.91
43,7425.97,51829.963,101392.836
44,7425.97,32544.097,84543.897
45,7425.97,24832.988,79325.111
46,7425.97,8484.733,53693.24
47,7425.97,23615.188,66778.566
48,7425.97,7425.97,43401.039
49,18564.914,18564.914,44405.071
50,18564.914,18564.914,43176.7
51,18564.914,18564.914,43176.7
52,18564.914,18564.914,43176.7
53,18564.914,18564.914,43176.7
54,18564.914,18564.914,57842.328
55,18564.914,36302.514,150355.855
56,18564.914,77779.176,223184.712
57,18564.914,77017.698,232432.781
58,18564.914,74948.259,222916.04
59,18564.914,71382.223,225252.915
60,18564.914,69606.768,230274.876
61,18564.914,43624.187,198958.657
62,18564.914,31094.55,198686.475
63,18564.914,31094.55,198589.011
64,18564.914,51269.15,201143.075
65,18564.914,59286.223,196567.093
66,18564.914,59286.223,206100.475
67,18564.914,59286.223,195802.42
68,18564.914,74838.15,210700.766
69,18564.914,59286.223,203858.601
70,18564.914,18564.914,115809.201
71,18564.914,18564.914,115829.557
72,18564.914,18564.914,57842.328
73,7425.97,7425.97,17270.684
74,7425.97,7425.97,17270.684
75,7425.97,7425.97,17270.684
76,6954.892,7425.97,17270.684
77,6849.289,7425.97,17270.684
78,7425.97,7425.97,17270.684
79,7425.97,7425.97,17270.684
80,7425.97,7425.97,17270.684
81,7425.97,7425.97,17270.684
82,7425.97,7425.97,17270.684
83,7425.97,7425.97,17270.684
84,7425.97,7425.97,17270.684
85,7425.97,7425.97,17270.684
86,7425.97,7425.97,17270.684
87,7425.97,7425.97,17270.684
88,7425.97,7425.97,17270.684
89,7425.97,7425.97,17270.684
90,7425.97,7425.97,17270.684
91,7425.97,7425.97,17270.684
92,7425.97,7425.97,17270.684
93,7425.97,7425.97,17270.684
94,7425.97,7425.97,17270.684
95,7425.97,7425.97,17270.684
96,7425.97,7425.97,17270.684
97,18564.914,18564.914,43176.7
98,18564.914,18564.914,43176.7
99,18564.914,18564.914,43176.7
100,17864.44,18564.914,43176.7
101,18564.914,18564.914,43176.7
102,18564.914,18564.914,43176.7
103,18564.914,18564.914,100079.328
104,18564.914,71747.223,194627.111
105,18564.914,66647.95,212569.747
106,18564.914,59286.223,211910.005
107,18564.914,59286.223,227452.527
108,18564.914,61472.605,241427.764
109,18564.914,51600.568,216294.38
110,18564.914,48654.241,208441.665
111,18564.914,65163.35,210440.458
112,18564.914,74948.259,216544.272
113,18564.914,74948.259,189575.332
114,18564.914,74948.259,208446.923
115,18564.914,74948.259,198937.311
116,18564.914,43624.187,168807.724
117,18564.914,18564.914,139062.001
118,18564.914,18564.914,112923.764
119,18564.914,18564.914,143698.128
120,18564.914,18564.914,90099.671
121,7425.97,7425.97,17270.684
122,7425.97,7425.97,17270.684
123,6497.823,7425.97,17270.684
124,5273.103,7425.97,17270.684
125,4897.565,7425.97,17270.684
126,5252.629,7425.97,17270.684
127,6936.185,7425.97,17270.684
128,7425.97,7425.97,17270.684
129,7425.97,7425.97,17270.684
130,7425.97,7425.97,17270.684
131,7425.97,7425.97,17270.684
132,7425.97,7425.97,17270.684
133,7425.97,7425.97,17270.684
134,7425.97,7425.97,17270.684
135,7425.97,7425.97,17270.684
136,7425.97,7425.97,17270.684
137,7425.97,7425.97,17270.684
138,7425.97,7425.97,17270.684
139,7425.97,7425.97,17270.684
140,7425.97,7425.97,17270.684
141,7425.97,7425.97,17270.684
142,7425.97,7425.97,17270.684
143,7425.97,7425.97,17270.684
144,7425.97,7425.97,17270.684
145,18564.914,18564.914,80291.914
146,18564.914,18564.914,43176.7
147,18564.914,18564.914,43176.7
148,18564.914,18564.914,43176.7
149,18564.914,18564.914,43176.7
150,18564.914,18564.914,57842.328
151,18564.914,74782.787,207595.54
152,18564.914,126110.932,333105.295
153,18564.914,131331.605,304567.572
154,18564.914,131331.605,294677.169
155,18564.914,131331.605,310507.514
156,18564.914,131268.059,306757.029
157,18564.914,112537.168,276109.475
158,18564.914,112537.168,276796.975
159,18564.914,127818.023,247033.552
160,18564.914,116053.877,259598.656
161,18564.914,131331.605,255621.91
162,18564.914,126110.932,266759.949
163,18564.914,130294.041,342315.531
164,18564.914,128949.168,318034.022
165,18564.914,98563.568,246639.691
166,18564.914,35869.15,157613.539
167,18564.914,26100.296,138679.464
168,18564.914,18564.914,108388.264
169,7425.97,7425.97,17270.684
170,7425.97,7425.97,17270.684
171,7425.97,7425.97,17270.684
172,7425.97,7425.97,17270.684
173,7425.97,7425.97,17270.684
174,7425.97,7425.97,17270.684
175,7425.97,7425.97,17270.684
176,7425.97,7425.97,17270.684
177,7425.97,7425.97,23136.941
178,7425.97,7425.97,18958.113
179,7425.97,7425.97,23136.941
180,7425.97,7425.97,23136.941
181,7425.97,7425.97,17270.684
182,7425.97,7425.97,17270.684
183,7425.97,7425.97,17270.684
184,7425.97,7425.97,20259.098
185,7425.97,7425.97,18239.998
186,7425.97,7425.97,27175.641
187,7425.97,7425.97,38317.47
188,7425.97,7425.97,38295.97
189,7425.97,7425.97,24883.584
190,7425.97,7425.97,21234.756
191,7425.97,7425.97,17270.684
192,7425.97,7425.97,17270.684
oil,2010,2015,2020
1,0.0,0.0,0.0
2,0.0,0.0,0.0
3,0.0,0.0,0.0
4,0.0,0.0,0.0
5,0.0,0.0,0.0
6,0.0,0.0,0.0
7,0.0,0.0,0.0
8,0.0,0.0,0.0
9,0.0,0.0,0.0
10,0.0,0.0,0.0
11,0.0,0.0,0.0
12,0.0,0.0,0.0
13,0.0,0.0,0.0
14,0.0,0.0,0.0
15,0.0,0.0,0.0
16,0.0,0.0,0.0
17,0.0,0.0,0.0
18,0.0,0.0,0.0
19,0.0,0.0,0.0
20,0.0,0.0,0.0
21,0.0,0.0,0.0
22,0.0,0.0,0.0
23,0.0,0.0,0.0
24,0.0,0.0,0.0
25,0.0,0.0,0.0
26,0.0,0.0,0.0
27,0.0,0.0,0.0
28,0.0,0.0,0.0
29,0.0,0.0,0.0
30,0.0,0.0,0.0
31,0.0,0.0,0.0
32,0.0,0.0,0.0
33,0.0,0.0,0.0
34,0.0,0.0,0.0
35,0.0,0.0,0.0
36,0.0,0.0,0.0
37,0.0,0.0,0.0
38,0.0,0.0,0.0
39,0.0,0.0,0.0
40,0.0,0.0,0.0
41,0.0,0.0,0.0
42,0.0,0.0,0.0
43,0.0,0.0,0.0
44,0.0,0.0,0.0
45,0.0,0.0,0.0
46,0.0,0.0,0.0
47,0.0,0.0,0.0
48,0.0,0.0,0.0
49,0.0,0.0,0.0
50,0.0,0.0,0.0
51,0.0,0.0,0.0
52,0.0,0.0,0.0
53,0.0,0.0,0.0
54,0.0,0.0,0.0
55,0.0,0.0,0.0
56,0.0,0.0,0.0
57,0.0,0.0,0.0
58,0.0,0.0,0.0
59,0.0,0.0,0.0
60,0.0,0.0,0.0
61,0.0,0.0,0.0
62,0.0,0.0,0.0
63,0.0,0.0,0.0
64,0.0,0.0,0.0
65,0.0,0.0,0.0
66,0.0,0.0,0.0
67,0.0,0.0,0.0
68,0.0,0.0,0.0
69,0.0,0.0,0.0
70,0.0,0.0,0.0
71,0.0,0.0,0.0
72,0.0,0.0,0.0
73,0.0,0.0,0.0
74,0.0,0.0,0.0
75,0.0,0.0,0.0
76,0.0,0.0,0.0
77,0.0,0.0,0.0
78,0.0,0.0,0.0
79,0.0,0.0,0.0
80,0.0,0.0,0.0
81,0.0,0.0,0.0
82,0.0,0.0,0.0
83,0.0,0.0,0.0
84,0.0,0.0,0.0
85,0.0,0.0,0.0
86,0.0,0.0,0.0
87,0.0,0.0,0.0
88,0.0,0.0,0.0
89,0.0,0.0,0.0
90,0.0,0.0,0.0
91,0.0,0.0,0.0
92,0.0,0.0,0.0
93,0.0,0.0,0.0
94,0.0,0.0,0.0
95,0.0,0.0,0.0
96,0.0,0.0,0.0
97,0.0,0.0,0.0
98,0.0,0.0,0.0
99,0.0,0.0,0.0
100,0.0,0.0,0.0
101,0.0,0.0,0.0
102,0.0,0.0,0.0
103,0.0,0.0,0.0
104,0.0,0.0,0.0
105,0.0,0.0,0.0
106,0.0,0.0,0.0
107,0.0,0.0,0.0
108,0.0,0.0,0.0
109,0.0,0.0,0.0
110,0.0,0.0,0.0
111,0.0,0.0,0.0
112,0.0,0.0,0.0
113,0.0,0.0,0.0
114,0.0,0.0,0.0
115,0.0,0.0,0.0
116,0.0,0.0,0.0
117,0.0,0.0,0.0
118,0.0,0.0,0.0
119,0.0,0.0,0.0
120,0.0,0.0,0.0
121,0.0,0.0,0.0
122,0.0,0.0,0.0
123,0.0,0.0,0.0
124,0.0,0.0,0.0
125,0.0,0.0,0.0
126,0.0,0.0,0.0
127,0.0,0.0,0.0
128,0.0,0.0,0.0
129,0.0,0.0,0.0
130,0.0,0.0,0.0
131,0.0,0.0,0.0
132,0.0,0.0,0.0
133,0.0,0.0,0.0
134,0.0,0.0,0.0
135,0.0,0.0,0.0
136,0.0,0.0,0.0
137,0.0,0.0,0.0
138,0.0,0.0,0.0
139,0.0,0.0,0.0
140,0.0,0.0,0.0
141,0.0,0.0,0.0
142,0.0,0.0,0.0
143,0.0,0.0,0.0
144,0.0,0.0,0.0
145,0.0,0.0,0.0
146,0.0,0.0,0.0
147,0.0,0.0,0.0
148,0.0,0.0,0.0
149,0.0,0.0,0.0
150,0.0,0.0,0.0
151,0.0,0.0,0.0
152,0.0,0.0,0.0
153,0.0,0.0,0.0
154,0.0,0.0,0.0
155,0.0,0.0,0.0
156,0.0,0.0,0.0
157,0.0,0.0,0.0
158,0.0,0.0,0.0
159,0.0,0.0,0.0
160,0.0,0.0,0.0
161,0.0,0.0,0.0
162,0.0,0.0,0.0
163,0.0,0.0,0.0
164,0.0,0.0,0.0
165,0.0,0.0,0.0
166,0.0,0.0,0.0
167,0.0,0.0,0.0
168,0.0,0.0,0.0
169,0.0,0.0,0.0
170,0.0,0.0,0.0
171,0.0,0.0,0.0
172,0.0,0.0,0.0
173,0.0,0.0,0.0
174,0.0,0.0,0.0
175,0.0,0.0,0.0
176,0.0,0.0,0.0
177,0.0,0.0,0.0
178,0.0,0.0,0.0
179,0.0,0.0,0.0
180,0.0,0.0,0.0
181,0.0,0.0,0.0
182,0.0,0.0,0.0
183,0.0,0.0,0.0
184,0.0,0.0,0.0
185,0.0,0.0,0.0
186,0.0,0.0,0.0
187,0.0,0.0,0.0
188,0.0,0.0,0.0
189,0.0,0.0,0.0
190,0.0,0.0,0.0
191,0.0,0.0,0.0
192,0.0,0.0,0.0
uranium,2010,2015,2020
1,745572.472,745572.472,823415.702
2,745572.472,745572.472,823415.702
3,736001.222,715482.444,823415.702
4,698911.556,715162.083,823415.702
5,732776.694,715326.444,810411.146
6,745572.472,745572.472,823415.702
7,745572.472,745572.472,823415.702
8,745572.472,745572.472,823415.702
9,745572.472,745572.472,823415.702
10,745572.472,745572.472,823415.702
11,745572.472,745572.472,823415.702
12,745572.472,745572.472,823415.702
13,745572.472,745572.472,823415.702
14,745572.472,745572.472,823415.702
15,745572.472,745572.472,823415.702
16,745572.472,745572.472,823415.702
17,745572.472,745572.472,823415.702
18,745572.472,745572.472,823415.702
19,745572.472,745572.472,823415.702
20,745572.472,745572.472,823415.702
21,745572.472,745572.472,823415.702
22,745572.472,745572.472,823415.702
23,745572.472,745572.472,823415.702
24,745572.472,745572.472,823415.702
25,294400.5,290636.944,334006.857
26,298229.0,289870.278,334382.023
27,298229.0,270919.611,334382.023
28,298229.0,233616.444,331911.023
29,298229.0,230215.667,325847.44
30,298229.0,260071.139,334382.023
31,298229.0,268063.528,334382.023
32,294400.5,290671.944,333715.885
33,294400.5,302569.25,334382.023
34,298229.0,300835.0,334382.023
35,298229.0,300763.194,334382.023
36,298229.0,300794.944,334382.023
37,298229.0,302770.556,334382.023
38,298229.0,302770.556,334382.023
39,298229.0,302770.556,334382.023
40,298229.0,301120.222,334382.023
41,298229.0,302770.556,334382.023
42,298229.0,302770.556,334382.023
43,298229.0,302770.556,334382.023
44,298229.0,302770.556,334382.023
45,298229.0,302770.556,334382.023
46,295885.639,290695.556,334382.023
47,298229.0,297196.889,334382.023
48,294400.5,290629.167,333422.69
49,745572.472,531045.528,805269.614
50,713668.306,507132.528,785652.225
51,694917.5,493731.472,713482.836
52,689315.667,479439.722,672978.003
53,692147.889,481900.639,773186.698
54,737596.417,669763.167,832533.031
55,733020.694,756926.361,835955.031
56,745572.472,756926.361,835955.031
57,745572.472,756926.361,835955.031
58,745572.472,756926.361,835955.031
59,745572.472,734100.083,835955.031
60,745572.472,735376.222,835955.031
61,745572.472,739114.333,835955.031
62,745572.472,749213.5,835955.031
63,745572.472,749702.0,835955.031
64,745572.472,734971.806,835955.031
65,745572.472,752097.167,835955.031
66,745572.472,751939.333,835955.031
67,745572.472,752019.083,835955.031
68,745572.472,756926.361,835955.031
69,745572.472,752090.194,835955.031
70,734849.0,726513.528,835955.031
71,735086.278,726461.806,835955.031
72,745572.472,666115.139,832533.059
73,273320.639,187108.278,262614.023
74,268395.361,138747.417,228119.032
75,261135.389,129898.167,233603.393
76,252881.389,120540.194,218758.17
77,252739.833,123960.194,222323.254
78,259104.611,139414.722,229357.226
79,260120.639,148570.111,240337.42
80,262870.972,149815.278,272544.801
81,271735.389,164010.639,294667.301
82,271288.361,176208.583,297668.885
83,269942.889,164461.833,302744.273
84,270701.417,178663.333,311394.523
85,258832.472,150973.278,274618.273
86,255362.444,156791.0,263306.385
87,257207.472,147419.222,240417.059
88,262822.167,147111.278,241281.096
89,271235.667,148545.055,250411.607
90,273308.139,195673.972,290452.718
91,282230.472,203425.222,308986.412
92,285180.278,191425.0,322033.635
93,276321.528,187205.75,322118.607
94,282300.944,192053.194,282907.329
95,284387.306,193511.083,311548.412
96,273290.778,185256.528,266924.774
97,714953.556,567590.444,805626.948
98,688480.167,478163.472,755695.725
99,688644.667,457465.25,705799.698
100,678006.528,466565.333,650266.475
101,690183.694,455332.028,693785.753
102,709462.167,572355.5,805573.642
103,729556.333,694712.194,835955.031
104,741743.972,732106.083,835955.031
105,751315.222,739896.639,835955.031
106,751315.222,751143.722,835955.031
107,724728.361,751143.722,835955.031
108,751315.222,747803.417,835955.031
109,723387.111,751143.722,835955.031
110,751315.222,751143.722,835955.031
111,751315.222,742164.778,835955.031
112,751315.222,756926.361,835955.031
113,751315.222,756926.361,835955.031
114,751315.222,756926.361,835955.031
115,747989.611,756926.361,835955.031
116,741743.972,751226.611,835955.031
117,726158.472,726907.194,835955.031
118,751315.222,726585.417,828682.781
119,743999.75,726996.583,833231.281
120,735298.472,674835.944,835955.031
121,261012.167,151331.389,272127.496
122,248264.556,138079.139,225020.365
123,235255.111,127811.472,215133.587
124,220465.167,116613.778,196625.004
125,216033.167,115251.417,205455.032
126,217798.306,125616.639,206803.698
127,225330.75,140467.472,240602.282
128,235016.333,165396.694,255508.301
129,242107.028,175202.167,276406.551
130,237391.472,180191.528,274052.635
131,242250.167,180192.528,289029.912
132,249406.194,178663.333,291439.718
133,238782.583,175486.944,277442.523
134,242109.0,168475.222,270302.634
135,243801.222,151996.75,263375.94
136,245924.861,151737.806,270642.662
137,261646.472,157359.806,291337.579
138,271582.611,185454.833,305722.44
139,274223.556,208505.417,322272.635
140,282268.778,212905.889,314541.329
141,278695.861,216550.667,310260.718
142,274368.0,211475.5,303783.968
143,274243.667,209001.639,301144.246
144,267584.111,150187.195,267003.94
145,745572.472,586748.833,819141.225
146,745572.472,514250.944,805155.475
147,715236.611,527399.167,823348.836
148,713668.306,503704.583,732956.086
149,714341.361,530615.556,825306.725
150,745572.472,688611.5,824548.42
151,745572.472,751315.222,835955.031
152,745572.472,751315.222,835955.031
153,745572.472,751315.222,835955.031
154,745572.472,751315.222,835955.031
155,745572.472,751315.222,835955.031
156,745572.472,751315.222,835955.031
157,745572.472,751315.222,835955.031
158,745572.472,751315.222,835955.031
159,745572.472,751315.222,835955.031
160,745572.472,751315.222,835955.031
161,745572.472,751315.222,835955.031
162,745572.472,751315.222,835955.031
163,745572.472,751315.222,835955.031
164,745572.472,751315.222,835955.031
165,745572.472,751315.222,835955.031
166,739335.917,751315.222,835955.031
167,736001.222,750885.639,835955.031
168,729653.5,720817.528,818433.42
169,279224.417,204118.833,321128.635
170,273395.028,160794.139,276505.69
171,273324.972,151261.611,254969.468
172,266803.583,132846.028,235697.754
173,269709.306,133312.667,236407.393
174,273335.083,153003.833,253168.551
175,276974.111,201601.0,302868.912
176,280686.972,205200.194,322071.329
177,298978.111,221744.167,325718.69
178,294376.056,221413.778,322289.329
179,294512.917,224850.25,324976.023
180,291821.306,226699.111,327049.246
181,286256.417,216948.333,322497.718
182,286238.472,177895.778,322497.718
183,290112.389,175978.444,332294.718
184,281786.167,205459.944,322062.19
185,297403.778,212670.778,322172.996
186,287266.889,240335.472,334382.023
187,298106.25,253177.944,334382.023
188,298229.0,253608.556,334382.023
189,298229.0,223366.417,334382.023
190,285467.333,206696.611,321908.801
191,285851.639,200890.417,322062.19
192,275104.167,203661.056,317866.885
hydro,2010,2015,2020
1,0.0,0.0,0.0
2,0.0,0.0,0.0
3,0.0,0.0,0.0
4,0.0,0.0,0.0
5,0.0,0.0,0.0
6,0.0,0.0,0.0
7,0.0,0.0,0.0
8,0.0,0.0,0.0
9,0.0,0.0,0.0
10,0.0,0.0,0.0
11,0.0,0.0,0.0
12,0.0,0.0,0.0
13,0.0,0.0,0.0
14,0.0,0.0,0.0
15,0.0,0.0,0.0
16,0.0,0.0,0.0
17,0.0,0.0,0.0
18,0.0,0.0,0.0
19,0.0,0.0,0.0
20,0.0,0.0,0.0
21,0.0,0.0,0.0
22,0.0,0.0,0.0
23,0.0,0.0,0.0
24,0.0,0.0,0.0
25,0.0,0.0,0.0
26,0.0,0.0,0.0
27,0.0,0.0,0.0
28,0.0,0.0,0.0
29,0.0,0.0,0.0
30,0.0,0.0,0.0
31,0.0,0.0,0.0
32,0.0,0.0,0.0
33,0.0,0.0,0.0
34,0.0,0.0,0.0
35,0.0,0.0,0.0
36,0.0,0.0,0.0
37,0.0,0.0,0.0
38,0.0,0.0,0.0
39,0.0,0.0,0.0
40,0.0,0.0,0.0
41,0.0,0.0,0.0
42,0.0,0.0,0.0
43,0.0,0.0,0.0
44,0.0,0.0,0.0
45,0.0,0.0,0.0
46,0.0,0.0,0.0
47,0.0,0.0,0.0
48,0.0,0.0,0.0
49,0.0,0.0,0.0
50,0.0,0.0,0.0
51,0.0,0.0,0.0
52,0.0,0.0,0.0
53,0.0,0.0,0.0
54,0.0,0.0,0.0
55,0.0,0.0,0.0
56,0.0,0.0,0.0
57,0.0,0.0,0.0
58,0.0,0.0,0.0
59,0.0,0.0,0.0
60,0.0,0.0,0.0
61,0.0,0.0,0.0
62,0.0,0.0,0.0
63,0.0,0.0,0.0
64,0.0,0.0,0.0
65,0.0,0.0,0.0
66,0.0,0.0,0.0
67,0.0,0.0,0.0
68,0.0,0.0,0.0
69,0.0,0.0,0.0
70,0.0,0.0,0.0
71,0.0,0.0,0.0
72,0.0,0.0,0.0
73,0.0,0.0,0.0
74,0.0,0.0,0.0
75,0.0,0.0,0.0
76,0.0,0.0,0.0
77,0.0,0.0,0.0
78,0.0,0.0,0.0
79,0.0,0.0,0.0
80,0.0,0.0,0.0
81,0.0,0.0,0.0
82,0.0,0.0,0.0
83,0.0,0.0,0.0
84,0.0,0.0,0.0
85,0.0,0.0,0.0
86,0.0,0.0,0.0
87,0.0,0.0,0.0
88,0.0,0.0,0.0
89,0.0,0.0,0.0
90,0.0,0.0,0.0
91,0.0,0.0,0.0
92,0.0,0.0,0.0
93,0.0,0.0,0.0
94,0.0,0.0,0.0
95,0.0,0.0,0.0
96,0.0,0.0,0.0
97,0.0,0.0,0.0
98,0.0,0.0,0.0
99,0.0,0.0,0.0
100,0.0,0.0,0.0
101,0.0,0.0,0.0
102,0.0,0.0,0.0
103,0.0,0.0,0.0
104,0.0,0.0,0.0
105,0.0,0.0,0.0
106,0.0,0.0,0.0
107,0.0,0.0,0.0
108,0.0,0.0,0.0
109,0.0,0.0,0.0
110,0.0,0.0,0.0
111,0.0,0.0,0.0
112,0.0,0.0,0.0
113,0.0,0.0,0.0
114,0.0,0.0,0.0
115,0.0,0.0,0.0
116,0.0,0.0,0.0
117,0.0,0.0,0.0
118,0.0,0.0,0.0
119,0.0,0.0,0.0
120,0.0,0.0,0.0
121,0.0,0.0,0.0
122,0.0,0.0,0.0
123,0.0,0.0,0.0
124,0.0,0.0,0.0
125,0.0,0.0,0.0
126,0.0,0.0,0.0
127,0.0,0.0,0.0
128,0.0,0.0,0.0
129,0.0,0.0,0.0
130,0.0,0.0,0.0
131,0.0,0.0,0.0
132,0.0,0.0,0.0
133,0.0,0.0,0.0
134,0.0,0.0,0.0
135,0.0,0.0,0.0
136,0.0,0.0,0.0
137,0.0,0.0,0.0
138,0.0,0.0,0.0
139,0.0,0.0,0.0
140,0.0,0.0,0.0
141,0.0,0.0,0.0
142,0.0,0.0,0.0
143,0.0,0.0,0.0
144,0.0,0.0,0.0
145,0.0,0.0,0.0
146,0.0,0.0,0.0
147,0.0,0.0,0.0
148,0.0,0.0,0.0
149,0.0,0.0,0.0
150,0.0,0.0,0.0
151,0.0,0.0,0.0
152,0.0,0.0,0.0
153,0.0,0.0,0.0
154,0.0,0.0,0.0
155,0.0,0.0,0.0
156,0.0,0.0,0.0
157,0.0,0.0,0.0
158,0.0,0.0,0.0
159,0.0,0.0,0.0
160,0.0,0.0,0.0
161,0.0,0.0,0.0
162,0.0,0.0,0.0
163,0.0,0.0,0.0
164,0.0,0.0,0.0
165,0.0,0.0,0.0
166,0.0,0.0,0.0
167,0.0,0.0,0.0
168,0.0,0.0,0.0
169,0.0,0.0,0.0
170,0.0,0.0,0.0
171,0.0,0.0,0.0
172,0.0,0.0,0.0
173,0.0,0.0,0.0
174,0.0,0.0,0.0
175,0.0,0.0,0.0
176,0.0,0.0,0.0
177,0.0,0.0,0.0
178,0.0,0.0,0.0
179,0.0,0.0,0.0
180,0.0,0.0,0.0
181,0.0,0.0,0.0
182,0.0,0.0,0.0
183,0.0,0.0,0.0
184,0.0,0.0,0.0
185,0.0,0.0,0.0
186,0.0,0.0,0.0
187,0.0,0.0,0.0
188,0.0,0.0,0.0
189,0.0,0.0,0.0
190,0.0,0.0,0.0
191,0.0,0.0,0.0
192,0.0,0.0,0.0
solar,2010,2015,2020
1,0.0,0.0,0.0
2,0.0,0.0,0.0
3,0.0,0.0,0.0
4,0.0,0.0,0.0
5,0.0,0.0,0.0
6,0.0,0.0,0.0
7,0.0,0.0,0.0
8,0.0,0.0,0.0
9,0.0,0.0,0.0
10,0.0,0.0,0.0
11,0.0,0.0,0.0
12,0.0,0.0,0.0
13,0.0,0.0,0.0
14,0.0,0.0,0.0
15,0.0,0.0,0.0
16,0.0,0.0,0.0
17,0.0,0.0,0.0
18,0.0,0.0,0.0
19,0.0,0.0,0.0
20,0.0,0.0,0.0
21,0.0,0.0,0.0
22,0.0,0.0,0.0
23,0.0,0.0,0.0
24,0.0,0.0,0.0
25,0.0,0.0,0.0
26,0.0,0.0,0.0
27,0.0,0.0,0.0
28,0.0,0.0,0.0
29,0.0,0.0,0.0
30,0.0,0.0,0.0
31,0.0,0.0,0.0
32,0.0,0.0,0.0
33,0.0,0.0,0.0
34,0.0,0.0,0.0
35,0.0,0.0,0.0
36,0.0,0.0,0.0
37,0.0,0.0,0.0
38,0.0,0.0,0.0
39,0.0,0.0,0.0
40,0.0,0.0,0.0
41,0.0,0.0,0.0
42,0.0,0.0,0.0
43,0.0,0.0,0.0
44,0.0,0.0,0.0
45,0.0,0.0,0.0
46,0.0,0.0,0.0
47,0.0,0.0,0.0
48,0.0,0.0,0.0
49,0.0,0.0,0.0
50,0.0,0.0,0.0
51,0.0,0.0,0.0
52,0.0,0.0,0.0
53,0.0,0.0,0.0
54,0.0,0.0,0.0
55,0.0,0.0,0.0
56,0.0,0.0,0.0
57,0.0,0.0,0.0
58,0.0,0.0,0.0
59,0.0,0.0,0.0
60,0.0,0.0,0.0
61,0.0,0.0,0.0
62,0.0,0.0,0.0
63,0.0,0.0,0.0
64,0.0,0.0,0.0
65,0.0,0.0,0.0
66,0.0,0.0,0.0
67,0.0,0.0,0.0
68,0.0,0.0,0.0
69,0.0,0.0,0.0
70,0.0,0.0,0.0
71,0.0,0.0,0.0
72,0.0,0.0,0.0
73,0.0,0.0,0.0
74,0.0,0.0,0.0
75,0.0,0.0,0.0
76,0.0,0.0,0.0
77,0.0,0.0,0.0
78,0.0,0.0,0.0
79,0.0,0.0,0.0
80,0.0,0.0,0.0
81,0.0,0.0,0.0
82,0.0,0.0,0.0
83,0.0,0.0,0.0
84,0.0,0.0,0.0
85,0.0,0.0,0.0
86,0.0,0.0,0.0
87,0.0,0.0,0.0
88,0.0,0.0,0.0
89,0.0,0.0,0.0
90,0.0,0.0,0.0
91,0.0,0.0,0.0
92,0.0,0.0,0.0
93,0.0,0.0,0.0
94,0.0,0.0,0.0
95,0.0,0.0,0.0
96,0.0,0.0,0.0
97,0.0,0.0,0.0
98,0.0,0.0,0.0
99,0.0,0.0,0.0
100,0.0,0.0,0.0
101,0.0,0.0,0.0
102,0.0,0.0,0.0
103,0.0,0.0,0.0
104,0.0,0.0,0.0
105,0.0,0.0,0.0
106,0.0,0.0,0.0
107,0.0,0.0,0.0
108,0.0,0.0,0.0
109,0.0,0.0,0.0
110,0.0,0.0,0.0
111,0.0,0.0,0.0
112,0.0,0.0,0.0
113,0.0,0.0,0.0
114,0.0,0.0,0.0
115,0.0,0.0,0.0
116,0.0,0.0,0.0
117,0.0,0.0,0.0
118,0.0,0.0,0.0
119,0.0,0.0,0.0
120,0.0,0.0,0.0
121,0.0,0.0,0.0
122,0.0,0.0,0.0
123,0.0,0.0,0.0
124,0.0,0.0,0.0
125,0.0,0.0,0.0
126,0.0,0.0,0.0
127,0.0,0.0,0.0
128,0.0,0.0,0.0
129,0.0,0.0,0.0
130,0.0,0.0,0.0
131,0.0,0.0,0.0
132,0.0,0.0,0.0
133,0.0,0.0,0.0
134,0.0,0.0,0.0
135,0.0,0.0,0.0
136,0.0,0.0,0.0
137,0.0,0.0,0.0
138,0.0,0.0,0.0
139,0.0,0.0,0.0
140,0.0,0.0,0.0
141,0.0,0.0,0.0
142,0.0,0.0,0.0
143,0.0,0.0,0.0
144,0.0,0.0,0.0
145,0.0,0.0,0.0
146,0.0,0.0,0.0
147,0.0,0.0,0.0
148,0.0,0.0,0.0
149,0.0,0.0,0.0
150,0.0,0.0,0.0
151,0.0,0.0,0.0
152,0.0,0.0,0.0
153,0.0,0.0,0.0
154,0.0,0.0,0.0
155,0.0,0.0,0.0
156,0.0,0.0,0.0
157,0.0,0.0,0.0
158,0.0,0.0,0.0
159,0.0,0.0,0.0
160,0.0,0.0,0.0
161,0.0,0.0,0.0
162,0.0,0.0,0.0
163,0.0,0.0,0.0
164,0.0,0.0,0.0
165,0.0,0.0,0.0
166,0.0,0.0,0.0
167,0.0,0.0,0.0
168,0.0,0.0,0.0
169,0.0,0.0,0.0
170,0.0,0.0,0.0
171,0.0,0.0,0.0
172,0.0,0.0,0.0
173,0.0,0.0,0.0
174,0.0,0.0,0.0
175,0.0,0.0,0.0
176,0.0,0.0,0.0
177,0.0,0.0,0.0
178,0.0,0.0,0.0
179,0.0,0.0,0.0
180,0.0,0.0,0.0
181,0.0,0.0,0.0
182,0.0,0.0,0.0
183,0.0,0.0,0.0
184,0.0,0.0,0.0
185,0.0,0.0,0.0
186,0.0,0.0,0.0
187,0.0,0.0,0.0
188,0.0,0.0,0.0
189,0.0,0.0,0.0
190,0.0,0.0,0.0
191,0.0,0.0,0.0
192,0.0,0.0,0.0
wind,2010,2015,2020
1,0.0,0.0,0.0
2,0.0,0.0,0.0
3,0.0,0.0,0.0
4,0.0,0.0,0.0
5,0.0,0.0,0.0
6,0.0,0.0,0.0
7,0.0,0.0,0.0
8,0.0,0.0,0.0
9,0.0,0.0,0.0
10,0.0,0.0,0.0
11,0.0,0.0,0.0
12,0.0,0.0,0.0
13,0.0,0.0,0.0
14,0.0,0.0,0.0
15,0.0,0.0,0.0
16,0.0,0.0,0.0
17,0.0,0.0,0.0
18,0.0,0.0,0.0
19,0.0,0.0,0.0
20,0.0,0.0,0.0
21,0.0,0.0,0.0
22,0.0,0.0,0.0
23,0.0,0.0,0.0
24,0.0,0.0,0.0
25,0.0,0.0,0.0
26,0.0,0.0,0.0
27,0.0,0.0,0.0
28,0.0,0.0,0.0
29,0.0,0.0,0.0
30,0.0,0.0,0.0
31,0.0,0.0,0.0
32,0.0,0.0,0.0
33,0.0,0.0,0.0
34,0.0,0.0,0.0
35,0.0,0.0,0.0
36,0.0,0.0,0.0
37,0.0,0.0,0.0
38,0.0,0.0,0.0
39,0.0,0.0,0.0
40,0.0,0.0,0.0
41,0.0,0.0,0.0
42,0.0,0.0,0.0
43,0.0,0.0,0.0
44,0.0,0.0,0.0
45,0.0,0.0,0.0
46,0.0,0.0,0.0
47,0.0,0.0,0.0
48,0.0,0.0,0.0
49,0.0,0.0,0.0
50,0.0,0.0,0.0
51,0.0,0.0,0.0
52,0.0,0.0,0.0
53,0.0,0.0,0.0
54,0.0,0.0,0.0
55,0.0,0.0,0.0
56,0.0,0.0,0.0
57,0.0,0.0,0.0
58,0.0,0.0,0.0
59,0.0,0.0,0.0
60,0.0,0.0,0.0
61,0.0,0.0,0.0
62,0.0,0.0,0.0
63,0.0,0.0,0.0
64,0.0,0.0,0.0
65,0.0,0.0,0.0
66,0.0,0.0,0.0
67,0.0,0.0,0.0
68,0.0,0.0,0.0
69,0.0,0.0,0.0
70,0.0,0.0,0.0
71,0.0,0.0,0.0
72,0.0,0.0,0.0
73,0.0,0.0,0.0
74,0.0,0.0,0.0
75,0.0,0.0,0.0
76,0.0,0.0,0.0
77,0.0,0.0,0.0
78,0.0,0.0,0.0
79,0.0,0.0,0.0
80,0.0,0.0,0.0
81,0.0,0.0,0.0
82,0.0,0.0,0.0
83,0.0,0.0,0.0
84,0.0,0.0,0.0
85,0.0,0.0,0.0
86,0.0,0.0,0.0
87,0.0,0.0,0.0
88,0.0,0.0,0.0
89,0.0,0.0,0.0
90,0.0,0.0,0.0
91,0.0,0.0,0.0
92,0.0,0.0,0.0
93,0.0,0.0,0.0
94,0.0,0.0,0.0
95,0.0,0.0,0.0
96,0.0,0.0,0.0
97,0.0,0.0,0.0
98,0.0,0.0,0.0
99,0.0,0.0,0.0
100,0.0,0.0,0.0
101,0.0,0.0,0.0
102,0.0,0.0,0.0
103,0.0,0.0,0.0
104,0.0,0.0,0.0
105,0.0,0.0,0.0
106,0.0,0.0,0.0
107,0.0,0.0,0.0
108,0.0,0.0,0.0
109,0.0,0.0,0.0
110,0.0,0.0,0.0
111,0.0,0.0,0.0
112,0.0,0.0,0.0
113,0.0,0.0,0.0
114,0.0,0.0,0.0
115,0.0,0.0,0.0
116,0.0,0.0,0.0
117,0.0,0.0,0.0
118,0.0,0.0,0.0
119,0.0,0.0,0.0
120,0.0,0.0,0.0
121,0.0,0.0,0.0
122,0.0,0.0,0.0
123,0.0,0.0,0.0
124,0.0,0.0,0.0
125,0.0,0.0,0.0
126,0.0,0.0,0.0
127,0.0,0.0,0.0
128,0.0,0.0,0.0
129,0.0,0.0,0.0
130,0.0,0.0,0.0
131,0.0,0.0,0.0
132,0.0,0.0,0.0
133,0.0,0.0,0.0
134,0.0,0.0,0.0
135,0.0,0.0,0.0
136,0.0,0.0,0.0
137,0.0,0.0,0.0
138,0.0,0.0,0.0
139,0.0,0.0,0.0
140,0.0,0.0,0.0
141,0.0,0.0,0.0
142,0.0,0.0,0.0
143,0.0,0.0,0.0
144,0.0,0.0,0.0
145,0.0,0.0,0.0
146,0.0,0.0,0.0
147,0.0,0.0,0.0
148,0.0,0.0,0.0
149,0.0,0.0,0.0
150,0.0,0.0,0.0
151,0.0,0.0,0.0
152,0.0,0.0,0.0
153,0.0,0.0,0.0
154,0.0,0.0,0.0
155,0.0,0.0,0.0
156,0.0,0.0,0.0
157,0.0,0.0,0.0
158,0.0,0.0,0.0
159,0.0,0.0,0.0
160,0.0,0.0,0.0
161,0.0,0.0,0.0
162,0.0,0.0,0.0
163,0.0,0.0,0.0
164,0.0,0.0,0.0
165,0.0,0.0,0.0
166,0.0,0.0,0.0
167,0.0,0.0,0.0
168,0.0,0.0,0.0
169,0.0,0.0,0.0
170,0.0,0.0,0.0
171,0.0,0.0,0.0
172,0.0,0.0,0.0
173,0.0,0.0,0.0
174,0.0,0.0,0.0
175,0.0,0.0,0.0
176,0.0,0.0,0.0
177,0.0,0.0,0.0
178,0.0,0.0,0.0
179,0.0,0.0,0.0
180,0.0,0.0,0.0
181,0.0,0.0,0.0
182,0.0,0.0,0.0
183,0.0,0.0,0.0
184,0.0,0.0,0.0
185,0.0,0.0,0.0
186,0.0,0.0,0.0
187,0.0,0.0,0.0
188,0.0,0.0,0.0
189,0.0,0.0,0.0
190,0.0,0.0,0.0
191,0.0,0.0,0.0
192,0.0,0.0,0.0
geo,2010,2015,2020
1,0.0,0.0,0.0
2,0.0,0.0,0.0
3,0.0,0.0,0.0
4,0.0,0.0,0.0
5,0.0,0.0,0.0
6,0.0,0.0,0.0
7,0.0,0.0,0.0
8,0.0,0.0,0.0
9,0.0,0.0,0.0
10,0.0,0.0,0.0
11,0.0,0.0,0.0
12,0.0,0.0,0.0
13,0.0,0.0,0.0
14,0.0,0.0,0.0
15,0.0,0.0,0.0
16,0.0,0.0,0.0
17,0.0,0.0,0.0
18,0.0,0.0,0.0
19,0.0,0.0,0.0
20,0.0,0.0,0.0
21,0.0,0.0,0.0
22,0.0,0.0,0.0
23,0.0,0.0,0.0
24,0.0,0.0,0.0
25,0.0,0.0,0.0
26,0.0,0.0,0.0
27,0.0,0.0,0.0
28,0.0,0.0,0.0
29,0.0,0.0,0.0
30,0.0,0.0,0.0
31,0.0,0.0,0.0
32,0.0,0.0,0.0
33,0.0,0.0,0.0
34,0.0,0.0,0.0
35,0.0,0.0,0.0
36,0.0,0.0,0.0
37,0.0,0.0,0.0
38,0.0,0.0,0.0
39,0.0,0.0,0.0
40,0.0,0.0,0.0
41,0.0,0.0,0.0
42,0.0,0.0,0.0
43,0.0,0.0,0.0
44,0.0,0.0,0.0
45,0.0,0.0,0.0
46,0.0,0.0,0.0
47,0.0,0.0,0.0
48,0.0,0.0,0.0
49,0.0,0.0,0.0
50,0.0,0.0,0.0
51,0.0,0.0,0.0
52,0.0,0.0,0.0
53,0.0,0.0,0.0
54,0.0,0.0,0.0
55,0.0,0.0,0.0
56,0.0,0.0,0.0
57,0.0,0.0,0.0
58,0.0,0.0,0.0
59,0.0,0.0,0.0
60,0.0,0.0,0.0
61,0.0,0.0,0.0
62,0.0,0.0,0.0
63,0.0,0.0,0.0
64,0.0,0.0,0.0
65,0.0,0.0,0.0
66,0.0,0.0,0.0
67,0.0,0.0,0.0
68,0.0,0.0,0.0
69,0.0,0.0,0.0
70,0.0,0.0,0.0
71,0.0,0.0,0.0
72,0.0,0.0,0.0
73,0.0,0.0,0.0
74,0.0,0.0,0.0
75,0.0,0.0,0.0
76,0.0,0.0,0.0
77,0.0,0.0,0.0
78,0.0,0.0,0.0
79,0.0,0.0,0.0
80,0.0,0.0,0.0
81,0.0,0.0,0.0
82,0.0,0.0,0.0
83,0.0,0.0,0.0
84,0.0,0.0,0.0
85,0.0,0.0,0.0
86,0.0,0.0,0.0
87,0.0,0.0,0.0
88,0.0,0.0,0.0
89,0.0,0.0,0.0
90,0.0,0.0,0.0
91,0.0,0.0,0.0
92,0.0,0.0,0.0
93,0.0,0.0,0.0
94,0.0,0.0,0.0
95,0.0,0.0,0.0
96,0.0,0.0,0.0
97,0.0,0.0,0.0
98,0.0,0.0,0.0
99,0.0,0.0,0.0
100,0.0,0.0,0.0
101,0.0,0.0,0.0
102,0.0,0.0,0.0
103,0.0,0.0,0.0
104,0.0,0.0,0.0
105,0.0,0.0,0.0
106,0.0,0.0,0.0
107,0.0,0.0,0.0
108,0.0,0.0,0.0
109,0.0,0.0,0.0
110,0.0,0.0,0.0
111,0.0,0.0,0.0
112,0.0,0.0,0.0
113,0.0,0.0,0.0
114,0.0,0.0,0.0
115,0.0,0.0,0.0
116,0.0,0.0,0.0
117,0.0,0.0,0.0
118,0.0,0.0,0.0
119,0.0,0.0,0.0
120,0.0,0.0,0.0
121,0.0,0.0,0.0
122,0.0,0.0,0.0
123,0.0,0.0,0.0
124,0.0,0.0,0.0
125,0.0,0.0,0.0
126,0.0,0.0,0.0
127,0.0,0.0,0.0
128,0.0,0.0,0.0
129,0.0,0.0,0.0
130,0.0,0.0,0.0
131,0.0,0.0,0.0
132,0.0,0.0,0.0
133,0.0,0.0,0.0
134,0.0,0.0,0.0
135,0.0,0.0,0.0
136,0.0,0.0,0.0
137,0.0,0.0,0.0
138,0.0,0.0,0.0
139,0.0,0.0,0.0
140,0.0,0.0,0.0
141,0.0,0.0,0.0
142,0.0,0.0,0.0
143,0.0,0.0,0.0
144,0.0,0.0,0.0
145,0.0,0.0,0.0
146,0.0,0.0,0.0
147,0.0,0.0,0.0
148,0.0,0.0,0.0
149,0.0,0.0,0.0
150,0.0,0.0,0.0
151,0.0,0.0,0.0
152,0.0,0.0,0.0
153,0.0,0.0,0.0
154,0.0,0.0,0.0
155,0.0,0.0,0.0
156,0.0,0.0,0.0
157,0.0,0.0,0.0
158,0.0,0.0,0.0
159,0.0,0.0,0.0
160,0.0,0.0,0.0
161,0.0,0.0,0.0
162,0.0,0.0,0.0
163,0.0,0.0,0.0
164,0.0,0.0,0.0
165,0.0,0.0,0.0
166,0.0,0.0,0.0
167,0.0,0.0,0.0
168,0.0,0.0,0.0
169,0.0,0.0,0.0
170,0.0,0.0,0.0
171,0.0,0.0,0.0
172,0.0,0.0,0.0
173,0.0,0.0,0.0
174,0.0,0.0,0.0
175,0.0,0.0,0.0
176,0.0,0.0,0.0
177,0.0,0.0,0.0
178,0.0,0.0,0.0
179,0.0,0.0,0.0
180,0.0,0.0,0.0
181,0.0,0.0,0.0
182,0.0,0.0,0.0
183,0.0,0.0,0.0
184,0.0,0.0,0.0
185,0.0,0.0,0.0
186,0.0,0.0,0.0
187,0.0,0.0,0.0
188,0.0,0.0,0.0
189,0.0,0.0,0.0
190,0.0,0.0,0.0
191,0.0,0.0,0.0
192,0.0,0.0,0.0
ocean,2010,2015,2020
1,0.0,0.0,0.0
2,0.0,0.0,0.0
3,0.0,0.0,0.0
4,0.0,0.0,0.0
5,0.0,0.0,0.0
6,0.0,0.0,0.0
7,0.0,0.0,0.0
8,0.0,0.0,0.0
9,0.0,0.0,0.0
10,0.0,0.0,0.0
11,0.0,0.0,0.0
12,0.0,0.0,0.0
13,0.0,0.0,0.0
14,0.0,0.0,0.0
15,0.0,0.0,0.0
16,0.0,0.0,0.0
17,0.0,0.0,0.0
18,0.0,0.0,0.0
19,0.0,0.0,0.0
20,0.0,0.0,0.0
21,0.0,0.0,0.0
22,0.0,0.0,0.0
23,0.0,0.0,0.0
24,0.0,0.0,0.0
25,0.0,0.0,0.0
26,0.0,0.0,0.0
27,0.0,0.0,0.0
28,0.0,0.0,0.0
29,0.0,0.0,0.0
30,0.0,0.0,0.0
31,0.0,0.0,0.0
32,0.0,0.0,0.0
33,0.0,0.0,0.0
34,0.0,0.0,0.0
35,0.0,0.0,0.0
36,0.0,0.0,0.0
37,0.0,0.0,0.0
38,0.0,0.0,0.0
39,0.0,0.0,0.0
40,0.0,0.0,0.0
41,0.0,0.0,0.0
42,0.0,0.0,0.0
43,0.0,0.0,0.0
44,0.0,0.0,0.0
45,0.0,0.0,0.0
46,0.0,0.0,0.0
47,0.0,0.0,0.0
48,0.0,0.0,0.0
49,0.0,0.0,0.0
50,0.0,0.0,0.0
51,0.0,0.0,0.0
52,0.0,0.0,0.0
53,0.0,0.0,0.0
54,0.0,0.0,0.0
55,0.0,0.0,0.0
56,0.0,0.0,0.0
57,0.0,0.0,0.0
58,0.0,0.0,0.0
59,0.0,0.0,0.0
60,0.0,0.0,0.0
61,0.0,0.0,0.0
62,0.0,0.0,0.0
63,0.0,0.0,0.0
64,0.0,0.0,0.0
65,0.0,0.0,0.0
66,0.0,0.0,0.0
67,0.0,0.0,0.0
68,0.0,0.0,0.0
69,0.0,0.0,0.0
70,0.0,0.0,0.0
71,0.0,0.0,0.0
72,0.0,0.0,0.0
73,0.0,0.0,0.0
74,0.0,0.0,0.0
75,0.0,0.0,0.0
76,0.0,0.0,0.0
77,0.0,0.0,0.0
78,0.0,0.0,0.0
79,0.0,0.0,0.0
80,0.0,0.0,0.0
81,0.0,0.0,0.0
82,0.0,0.0,0.0
83,0.0,0.0,0.0
84,0.0,0.0,0.0
85,0.0,0.0,0.0
86,0.0,0.0,0.0
87,0.0,0.0,0.0
88,0.0,0.0,0.0
89,0.0,0.0,0.0
90,0.0,0.0,0.0
91,0.0,0.0,0.0
92,0.0,0.0,0.0
93,0.0,0.0,0.0
94,0.0,0.0,0.0
95,0.0,0.0,0.0
96,0.0,0.0,0.0
97,0.0,0.0,0.0
98,0.0,0.0,0.0
99,0.0,0.0,0.0
100,0.0,0.0,0.0
101,0.0,0.0,0.0
102,0.0,0.0,0.0
103,0.0,0.0,0.0
104,0.0,0.0,0.0
105,0.0,0.0,0.0
106,0.0,0.0,0.0
107,0.0,0.0,0.0
108,0.0,0.0,0.0
109,0.0,0.0,0.0
110,0.0,0.0,0.0
111,0.0,0.0,0.0
112,0.0,0.0,0.0
113,0.0,0.0,0.0
114,0.0,0.0,0.0
115,0.0,0.0,0.0
116,0.0,0.0,0.0
117,0.0,0.0,0.0
118,0.0,0.0,0.0
119,0.0,0.0,0.0
120,0.0,0.0,0.0
121,0.0,0.0,0.0
122,0.0,0.0,0.0
123,0.0,0.0,0.0
124,0.0,0.0,0.0
125,0.0,0.0,0.0
126,0.0,0.0,0.0
127,0.0,0.0,0.0
128,0.0,0.0,0.0
129,0.0,0.0,0.0
130,0.0,0.0,0.0
131,0.0,0.0,0.0
132,0.0,0.0,0.0
133,0.0,0.0,0.0
134,0.0,0.0,0.0
135,0.0,0.0,0.0
136,0.0,0.0,0.0
137,0.0,0.0,0.0
138,0.0,0.0,0.0
139,0.0,0.0,0.0
140,0.0,0.0,0.0
141,0.0,0.0,0.0
142,0.0,0.0,0.0
143,0.0,0.0,0.0
144,0.0,0.0,0.0
145,0.0,0.0,0.0
146,0.0,0.0,0.0
147,0.0,0.0,0.0
148,0.0,0.0,0.0
149,0.0,0.0,0.0
150,0.0,0.0,0.0
151,0.0,0.0,0.0
152,0.0,0.0,0.0
153,0.0,0.0,0.0
154,0.0,0.0,0.0
155,0.0,0.0,0.0
156,0.0,0.0,0.0
157,0.0,0.0,0.0
158,0.0,0.0,0.0
159,0.0,0.0,0.0
160,0.0,0.0,0.0
161,0.0,0.0,0.0
162,0.0,0.0,0.0
163,0.0,0.0,0.0
164,0.0,0.0,0.0
165,0.0,0.0,0.0
166,0.0,0.0,0.0
167,0.0,0.0,0.0
168,0.0,0.0,0.0
169,0.0,0.0,0.0
170,0.0,0.0,0.0
171,0.0,0.0,0.0
172,0.0,0.0,0.0
173,0.0,0.0,0.0
174,0.0,0.0,0.0
175,0.0,0.0,0.0
176,0.0,0.0,0.0
177,0.0,0.0,0.0
178,0.0,0.0,0.0
179,0.0,0.0,0.0
180,0.0,0.0,0.0
181,0.0,0.0,0.0
182,0.0,0.0,0.0
183,0.0,0.0,0.0
184,0.0,0.0,0.0
185,0.0,0.0,0.0
186,0.0,0.0,0.0
187,0.0,0.0,0.0
188,0.0,0.0,0.0
189,0.0,0.0,0.0
190,0.0,0.0,0.0
191,0.0,0.0,0.0
192,0.0,0.0,0.0
electricity,2010,2015,2020
1,0.0,0.0,0.0
2,0.0,0.0,0.0
3,0.0,0.0,0.0
4,0.0,0.0,0.0
5,0.0,0.0,0.0
6,0.0,0.0,0.0
7,0.0,0.0,0.0
8,0.0,0.0,0.0
9,0.0,0.0,0.0
10,0.0,0.0,0.0
11,0.0,0.0,0.0
12,0.0,0.0,0.0
13,0.0,0.0,0.0
14,0.0,0.0,0.0
15,0.0,0.0,0.0
16,0.0,0.0,0.0
17,0.0,0.0,0.0
18,0.0,0.0,0.0
19,0.0,0.0,0.0
20,0.0,0.0,0.0
21,0.0,0.0,0.0
22,0.0,0.0,0.0
23,0.0,0.0,0.0
24,0.0,0.0,0.0
25,0.0,0.0,0.0
26,0.0,0.0,0.0
27,0.0,0.0,0.0
28,0.0,0.0,0.0
29,0.0,0.0,0.0
30,0.0,0.0,0.0
31,0.0,0.0,0.0
32,0.0,0.0,0.0
33,0.0,0.0,0.0
34,0.0,0.0,0.0
35,0.0,0.0,0.0
36,0.0,0.0,0.0
37,0.0,0.0,0.0
38,0.0,0.0,0.0
39,0.0,0.0,0.0
40,0.0,0.0,0.0
41,0.0,0.0,0.0
42,0.0,0.0,0.0
43,0.0,0.0,0.0
44,0.0,0.0,0.0
45,0.0,0.0,0.0
46,0.0,0.0,0.0
47,0.0,0.0,0.0
48,0.0,0.0,0.0
49,0.0,0.0,0.0
50,0.0,0.0,0.0
51,0.0,0.0,0.0
52,0.0,0.0,0.0
53,0.0,0.0,0.0
54,0.0,0.0,0.0
55,0.0,0.0,0.0
56,0.0,0.0,0.0
57,0.0,0.0,0.0
58,0.0,0.0,0.0
59,0.0,0.0,0.0
60,0.0,0.0,0.0
61,0.0,0.0,0.0
62,0.0,0.0,0.0
63,0.0,0.0,0.0
64,0.0,0.0,0.0
65,0.0,0.0,0.0
66,0.0,0.0,0.0
67,0.0,0.0,0.0
68,0.0,0.0,0.0
69,0.0,0.0,0.0
70,0.0,0.0,0.0
71,0.0,0.0,0.0
72,0.0,0.0,0.0
73,0.0,0.0,0.0
74,0.0,0.0,0.0
75,0.0,0.0,0.0
76,0.0,0.0,0.0
77,0.0,0.0,0.0
78,0.0,0.0,0.0
79,0.0,0.0,0.0
80,0.0,0.0,0.0
81,0.0,0.0,0.0
82,0.0,0.0,0.0
83,0.0,0.0,0.0
84,0.0,0.0,0.0
85,0.0,0.0,0.0
86,0.0,0.0,0.0
87,0.0,0.0,0.0
88,0.0,0.0,0.0
89,0.0,0.0,0.0
90,0.0,0.0,0.0
91,0.0,0.0,0.0
92,0.0,0.0,0.0
93,0.0,0.0,0.0
94,0.0,0.0,0.0
95,0.0,0.0,0.0
96,0.0,0.0,0.0
97,0.0,0.0,0.0
98,0.0,0.0,0.0
99,0.0,0.0,0.0
100,0.0,0.0,0.0
101,0.0,0.0,0.0
102,0.0,0.0,0.0
103,0.0,0.0,0.0
104,0.0,0.0,0.0
105,0.0,0.0,0.0
106,0.0,0.0,0.0
107,0.0,0.0,0.0
108,0.0,0.0,0.0
109,0.0,0.0,0.0
110,0.0,0.0,0.0
111,0.0,0.0,0.0
112,0.0,0.0,0.0
113,0.0,0.0,0.0
114,0.0,0.0,0.0
115,0.0,0.0,0.0
116,0.0,0.0,0.0
117,0.0,0.0,0.0
118,0.0,0.0,0.0
119,0.0,0.0,0.0
120,0.0,0.0,0.0
121,0.0,0.0,0.0
122,0.0,0.0,0.0
123,0.0,0.0,0.0
124,0.0,0.0,0.0
125,0.0,0.0,0.0
126,0.0,0.0,0.0
127,0.0,0.0,0.0
128,0.0,0.0,0.0
129,0.0,0.0,0.0
130,0.0,0.0,0.0
131,0.0,0.0,0.0
132,0.0,0.0,0.0
133,0.0,0.0,0.0
134,0.0,0.0,0.0
135,0.0,0.0,0.0
136,0.0,0.0,0.0
137,0.0,0.0,0.0
138,0.0,0.0,0.0
139,0.0,0.0,0.0
140,0.0,0.0,0.0
141,0.0,0.0,0.0
142,0.0,0.0,0.0
143,0.0,0.0,0.0
144,0.0,0.0,0.0
145,0.0,0.0,0.0
146,0.0,0.0,0.0
147,0.0,0.0,0.0
148,0.0,0.0,0.0
149,0.0,0.0,0.0
150,0.0,0.0,0.0
151,0.0,0.0,0.0
152,0.0,0.0,0.0
153,0.0,0.0,0.0
154,0.0,0.0,0.0
155,0.0,0.0,0.0
156,0.0,0.0,0.0
157,0.0,0.0,0.0
158,0.0,0.0,0.0
159,0.0,0.0,0.0
160,0.0,0.0,0.0
161,0.0,0.0,0.0
162,0.0,0.0,0.0
163,0.0,0.0,0.0
164,0.0,0.0,0.0
165,0.0,0.0,0.0
166,0.0,0.0,0.0
167,0.0,0.0,0.0
168,0.0,0.0,0.0
169,0.0,0.0,0.0
170,0.0,0.0,0.0
171,0.0,0.0,0.0
172,0.0,0.0,0.0
173,0.0,0.0,0.0
174,0.0,0.0,0.0
175,0.0,0.0,0.0
176,0.0,0.0,0.0
177,0.0,0.0,0.0
178,0.0,0.0,0.0
179,0.0,0.0,0.0
180,0.0,0.0,0.0
181,0.0,0.0,0.0
182,0.0,0.0,0.0
183,0.0,0.0,0.0
184,0.0,0.0,0.0
185,0.0,0.0,0.0
186,0.0,0.0,0.0
187,0.0,0.0,0.0
188,0.0,0.0,0.0
189,0.0,0.0,0.0
190,0.0,0.0,0.0
191,0.0,0.0,0.0
192,0.0,0.0,0.0
heat,2010,2015,2020
1,0.0,0.0,0.0
2,0.0,0.0,0.0
3,0.0,0.0,0.0
4,0.0,0.0,0.0
5,0.0,0.0,0.0
6,0.0,0.0,0.0
7,0.0,0.0,0.0
8,0.0,0.0,0.0
9,0.0,0.0,0.0
10,0.0,0.0,0.0
11,0.0,0.0,0.0
12,0.0,0.0,0.0
13,0.0,0.0,0.0
14,0.0,0.0,0.0
15,0.0,0.0,0.0
16,0.0,0.0,0.0
17,0.0,0.0,0.0
18,0.0,0.0,0.0
19,0.0,0.0,0.0
20,0.0,0.0,0.0
21,0.0,0.0,0.0
22,0.0,0.0,0.0
23,0.0,0.0,0.0
24,0.0,0.0,0.0
25,0.0,0.0,0.0
26,0.0,0.0,0.0
27,0.0,0.0,0.0
28,0.0,0.0,0.0
29,0.0,0.0,0.0
30,0.0,0.0,0.0
31,0.0,0.0,0.0
32,0.0,0.0,0.0
33,0.0,0.0,0.0
34,0.0,0.0,0.0
35,0.0,0.0,0.0
36,0.0,0.0,0.0
37,0.0,0.0,0.0
38,0.0,0.0,0.0
39,0.0,0.0,0.0
40,0.0,0.0,0.0
41,0.0,0.0,0.0
42,0.0,0.0,0.0
43,0.0,0.0,0.0
44,0.0,0.0,0.0
45,0.0,0.0,0.0
46,0.0,0.0,0.0
47,0.0,0.0,0.0
48,0.0,0.0,0.0
49,0.0,0.0,0.0
50,0.0,0.0,0.0
51,0.0,0.0,0.0
52,0.0,0.0,0.0
53,0.0,0.0,0.0
54,0.0,0.0,0.0
55,0.0,0.0,0.0
56,0.0,0.0,0.0
57,0.0,0.0,0.0
58,0.0,0.0,0.0
59,0.0,0.0,0.0
60,0.0,0.0,0.0
61,0.0,0.0,0.0
62,0.0,0.0,0.0
63,0.0,0.0,0.0
64,0.0,0.0,0.0
65,0.0,0.0,0.0
66,0.0,0.0,0.0
67,0.0,0.0,0.0
68,0.0,0.0,0.0
69,0.0,0.0,0.0
70,0.0,0.0,0.0
71,0.0,0.0,0.0
72,0.0,0.0,0.0
73,0.0,0.0,0.0
74,0.0,0.0,0.0
75,0.0,0.0,0.0
76,0.0,0.0,0.0
77,0.0,0.0,0.0
78,0.0,0.0,0.0
79,0.0,0.0,0.0
80,0.0,0.0,0.0
81,0.0,0.0,0.0
82,0.0,0.0,0.0
83,0.0,0.0,0.0
84,0.0,0.0,0.0
85,0.0,0.0,0.0
86,0.0,0.0,0.0
87,0.0,0.0,0.0
88,0.0,0.0,0.0
89,0.0,0.0,0.0
90,0.0,0.0,0.0
91,0.0,0.0,0.0
92,0.0,0.0,0.0
93,0.0,0.0,0.0
94,0.0,0.0,0.0
95,0.0,0.0,0.0
96,0.0,0.0,0.0
97,0.0,0.0,0.0
98,0.0,0.0,0.0
99,0.0,0.0,0.0
100,0.0,0.0,0.0
101,0.0,0.0,0.0
102,0.0,0.0,0.0
103,0.0,0.0,0.0
104,0.0,0.0,0.0
105,0.0,0.0,0.0
106,0.0,0.0,0.0
107,0.0,0.0,0.0
108,0.0,0.0,0.0
109,0.0,0.0,0.0
110,0.0,0.0,0.0
111,0.0,0.0,0.0
112,0.0,0.0,0.0
113,0.0,0.0,0.0
114,0.0,0.0,0.0
115,0.0,0.0,0.0
116,0.0,0.0,0.0
117,0.0,0.0,0.0
118,0.0,0.0,0.0
119,0.0,0.0,0.0
120,0.0,0.0,0.0
121,0.0,0.0,0.0
122,0.0,0.0,0.0
123,0.0,0.0,0.0
124,0.0,0.0,0.0
125,0.0,0.0,0.0
126,0.0,0.0,0.0
127,0.0,0.0,0.0
128,0.0,0.0,0.0
129,0.0,0.0,0.0
130,0.0,0.0,0.0
131,0.0,0.0,0.0
132,0.0,0.0,0.0
133,0.0,0.0,0.0
134,0.0,0.0,0.0
135,0.0,0.0,0.0
136,0.0,0.0,0.0
137,0.0,0.0,0.0
138,0.0,0.0,0.0
139,0.0,0.0,0.0
140,0.0,0.0,0.0
141,0.0,0.0,0.0
142,0.0,0.0,0.0
143,0.0,0.0,0.0
144,0.0,0.0,0.0
145,0.0,0.0,0.0
146,0.0,0.0,0.0
147,0.0,0.0,0.0
148,0.0,0.0,0.0
149,0.0,0.0,0.0
150,0.0,0.0,0.0
151,0.0,0.0,0.0
152,0.0,0.0,0.0
153,0.0,0.0,0.0
154,0.0,0.0,0.0
155,0.0,0.0,0.0
156,0.0,0.0,0.0
157,0.0,0.0,0.0
158,0.0,0.0,0.0
159,0.0,0.0,0.0
160,0.0,0.0,0.0
161,0.0,0.0,0.0
162,0.0,0.0,0.0
163,0.0,0.0,0.0
164,0.0,0.0,0.0
165,0.0,0.0,0.0
166,0.0,0.0,0.0
167,0.0,0.0,0.0
168,0.0,0.0,0.0
169,0.0,0.0,0.0
170,0.0,0.0,0.0
171,0.0,0.0,0.0
172,0.0,0.0,0.0
173,0.0,0.0,0.0
174,0.0,0.0,0.0
175,0.0,0.0,0.0
176,0.0,0.0,0.0
177,0.0,0.0,0.0
178,0.0,0.0,0.0
179,0.0,0.0,0.0
180,0.0,0.0,0.0
181,0.0,0.0,0.0
182,0.0,0.0,0.0
183,0.0,0.0,0.0
184,0.0,0.0,0.0
185,0.0,0.0,0.0
186,0.0,0.0,0.0
187,0.0,0.0,0.0
188,0.0,0.0,0.0
189,0.0,0.0,0.0
190,0.0,0.0,0.0
191,0.0,0.0,0.0
192,0.0,0.0,0.0
