COA_SUB_HC,2010,2015,2020
1,8.83,8.83,0.0
2,8.83,8.83,0.0
3,8.83,8.83,0.0
4,8.83,8.83,0.0
5,8.83,8.83,0.0
6,8.83,8.83,0.0
7,8.83,8.83,0.0
8,8.83,8.83,0.0
9,8.83,8.83,0.0
10,8.83,8.83,0.0
11,8.83,8.83,0.0
12,8.83,8.83,0.0
13,8.83,8.83,0.0
14,8.83,8.83,0.0
15,8.83,8.83,0.0
16,8.83,8.83,0.0
17,8.83,8.83,0.0
18,8.83,8.83,0.0
19,8.83,8.83,0.0
20,8.83,8.83,0.0
21,8.83,8.83,0.0
22,8.83,8.83,0.0
23,8.83,8.83,0.0
24,8.83,8.83,0.0
25,8.83,0.0,0.0
26,8.83,0.0,0.0
27,8.83,0.0,0.0
28,8.83,0.0,0.0
29,8.83,0.0,0.0
30,8.83,0.0,0.0
31,8.83,0.0,0.0
32,8.83,0.0,0.0
33,8.83,0.0,0.0
34,8.83,0.0,0.0
35,8.83,0.0,0.0
36,8.83,0.0,0.0
37,8.83,0.0,0.0
38,8.83,0.0,0.0
39,8.83,0.0,0.0
40,8.83,0.0,0.0
41,8.83,0.0,0.0
42,8.83,0.0,0.0
43,8.83,0.0,0.0
44,8.83,0.0,0.0
45,8.83,0.0,0.0
46,8.83,0.0,0.0
47,8.83,0.0,0.0
48,8.83,0.0,0.0
49,8.83,0.0,0.0
50,8.83,0.0,0.0
51,8.83,0.0,0.0
52,8.83,0.0,0.0
53,8.83,0.0,0.0
54,8.83,0.0,0.0
55,8.83,0.0,0.0
56,8.83,0.0,0.0
57,8.83,0.0,0.0
58,8.83,0.0,0.0
59,8.83,0.0,0.0
60,8.83,0.0,0.0
61,8.83,0.0,0.0
62,8.83,0.0,0.0
63,8.83,0.0,0.0
64,8.83,0.0,0.0
65,8.83,0.0,0.0
66,8.83,0.0,0.0
67,8.83,0.0,0.0
68,8.83,0.0,0.0
69,8.83,0.0,0.0
70,8.83,0.0,0.0
71,8.83,0.0,0.0
72,8.83,0.0,0.0
73,8.83,0.0,0.0
74,8.83,0.0,0.0
75,8.83,0.0,0.0
76,8.83,0.0,0.0
77,8.83,0.0,0.0
78,8.83,0.0,0.0
79,8.83,0.0,0.0
80,8.83,0.0,0.0
81,8.83,0.0,0.0
82,8.83,0.0,0.0
83,8.83,0.0,0.0
84,8.83,0.0,0.0
85,8.83,0.0,0.0
86,8.83,0.0,0.0
87,8.83,0.0,0.0
88,8.83,0.0,0.0
89,8.83,0.0,0.0
90,8.83,0.0,0.0
91,8.83,0.0,0.0
92,8.83,0.0,0.0
93,8.83,0.0,0.0
94,8.83,0.0,0.0
95,8.83,0.0,0.0
96,8.83,0.0,0.0
97,0.44,0.0,0.0
98,0.44,0.0,0.0
99,0.44,0.0,0.0
100,0.44,0.0,0.0
101,0.44,0.0,0.0
102,0.44,0.0,0.0
103,0.44,0.0,0.0
104,0.44,0.0,0.0
105,0.44,0.0,0.0
106,0.44,0.0,0.0
107,0.44,0.0,0.0
108,0.44,0.0,0.0
109,0.44,0.0,0.0
110,0.44,0.0,0.0
111,0.44,0.0,0.0
112,0.44,0.0,0.0
113,0.44,0.0,0.0
114,0.44,0.0,0.0
115,0.44,0.0,0.0
116,0.44,0.0,0.0
117,0.44,0.0,0.0
118,0.44,0.0,0.0
119,0.44,0.0,0.0
120,0.44,0.0,0.0
121,8.83,0.0,0.0
122,8.83,0.0,0.0
123,8.83,0.0,0.0
124,8.83,0.0,0.0
125,8.83,0.0,0.0
126,8.83,0.0,0.0
127,8.83,0.0,0.0
128,8.83,0.0,0.0
129,8.83,0.0,0.0
130,8.83,0.0,0.0
131,8.83,0.0,0.0
132,8.83,0.0,0.0
133,8.83,0.0,0.0
134,8.83,0.0,0.0
135,8.83,0.0,0.0
136,8.83,0.0,0.0
137,8.83,0.0,0.0
138,8.83,0.0,0.0
139,8.83,0.0,0.0
140,8.83,0.0,0.0
141,8.83,0.0,0.0
142,8.83,0.0,0.0
143,8.83,0.0,0.0
144,8.83,0.0,0.0
145,8.83,8.83,0.0
146,8.83,8.83,0.0
147,8.83,8.83,0.0
148,8.83,8.83,0.0
149,8.83,8.83,0.0
150,8.83,8.83,0.0
151,8.83,8.83,0.0
152,8.83,8.83,0.0
153,8.83,8.83,0.0
154,8.83,8.83,0.0
155,8.83,8.83,0.0
156,8.83,8.83,0.0
157,8.83,8.83,0.0
158,8.83,8.83,0.0
159,8.83,8.83,0.0
160,8.83,8.83,0.0
161,8.83,8.83,0.0
162,8.83,8.83,0.0
163,8.83,8.83,0.0
164,8.83,8.83,0.0
165,8.83,8.83,0.0
166,8.83,8.83,0.0
167,8.83,8.83,0.0
168,8.83,8.83,0.0
169,8.83,0.0,0.0
170,8.83,0.0,0.0
171,8.83,0.0,0.0
172,8.83,0.0,0.0
173,8.83,0.0,0.0
174,8.83,0.0,0.0
175,8.83,0.0,0.0
176,8.83,0.0,0.0
177,8.83,0.0,0.0
178,8.83,0.0,0.0
179,8.83,0.0,0.0
180,8.83,0.0,0.0
181,8.83,0.0,0.0
182,8.83,0.0,0.0
183,8.83,0.0,0.0
184,8.83,0.0,0.0
185,8.83,0.0,0.0
186,8.83,0.0,0.0
187,8.83,0.0,0.0
188,8.83,0.0,0.0
189,8.83,0.0,0.0
190,8.83,0.0,0.0
191,8.83,0.0,0.0
192,8.83,0.0,0.0
COA_SC_HC,2010,2015,2020
1,0.0,0.0,0.0
2,0.0,0.0,0.0
3,0.0,0.0,0.0
4,0.0,0.0,0.0
5,0.0,0.0,0.0
6,0.0,0.0,0.0
7,0.0,0.0,0.0
8,0.0,0.0,0.0
9,0.0,0.0,0.0
10,0.0,0.0,0.0
11,0.0,0.0,0.0
12,0.0,0.0,0.0
13,0.0,0.0,0.0
14,0.0,0.0,0.0
15,0.0,0.0,0.0
16,0.0,0.0,0.0
17,0.0,0.0,0.0
18,0.0,0.0,0.0
19,0.0,0.0,0.0
20,0.0,0.0,0.0
21,0.0,0.0,0.0
22,0.0,0.0,0.0
23,0.0,0.0,0.0
24,0.0,0.0,0.0
25,0.0,0.0,0.0
26,0.0,0.0,0.0
27,0.0,0.0,0.0
28,0.0,0.0,0.0
29,0.0,0.0,0.0
30,0.0,0.0,0.0
31,0.0,0.0,0.0
32,0.0,0.0,0.0
33,0.0,0.0,0.0
34,0.0,0.0,0.0
35,0.0,0.0,0.0
36,0.0,0.0,0.0
37,0.0,0.0,0.0
38,0.0,0.0,0.0
39,0.0,0.0,0.0
40,0.0,0.0,0.0
41,0.0,0.0,0.0
42,0.0,0.0,0.0
43,0.0,0.0,0.0
44,0.0,0.0,0.0
45,0.0,0.0,0.0
46,0.0,0.0,0.0
47,0.0,0.0,0.0
48,0.0,0.0,0.0
49,0.0,0.0,0.0
50,0.0,0.0,0.0
51,0.0,0.0,0.0
52,0.0,0.0,0.0
53,0.0,0.0,0.0
54,0.0,0.0,0.0
55,0.0,0.0,0.0
56,0.0,0.0,0.0
57,0.0,0.0,0.0
58,0.0,0.0,0.0
59,0.0,0.0,0.0
60,0.0,0.0,0.0
61,0.0,0.0,0.0
62,0.0,0.0,0.0
63,0.0,0.0,0.0
64,0.0,0.0,0.0
65,0.0,0.0,0.0
66,0.0,0.0,0.0
67,0.0,0.0,0.0
68,0.0,0.0,0.0
69,0.0,0.0,0.0
70,0.0,0.0,0.0
71,0.0,0.0,0.0
72,0.0,0.0,0.0
73,0.0,0.0,0.0
74,0.0,0.0,0.0
75,0.0,0.0,0.0
76,0.0,0.0,0.0
77,0.0,0.0,0.0
78,0.0,0.0,0.0
79,0.0,0.0,0.0
80,0.0,0.0,0.0
81,0.0,0.0,0.0
82,0.0,0.0,0.0
83,0.0,0.0,0.0
84,0.0,0.0,0.0
85,0.0,0.0,0.0
86,0.0,0.0,0.0
87,0.0,0.0,0.0
88,0.0,0.0,0.0
89,0.0,0.0,0.0
90,0.0,0.0,0.0
91,0.0,0.0,0.0
92,0.0,0.0,0.0
93,0.0,0.0,0.0
94,0.0,0.0,0.0
95,0.0,0.0,0.0
96,0.0,0.0,0.0
97,0.0,0.0,0.0
98,0.0,0.0,0.0
99,0.0,0.0,0.0
100,0.0,0.0,0.0
101,0.0,0.0,0.0
102,0.0,0.0,0.0
103,0.0,0.0,0.0
104,0.0,0.0,0.0
105,0.0,0.0,0.0
106,0.0,0.0,0.0
107,0.0,0.0,0.0
108,0.0,0.0,0.0
109,0.0,0.0,0.0
110,0.0,0.0,0.0
111,0.0,0.0,0.0
112,0.0,0.0,0.0
113,0.0,0.0,0.0
114,0.0,0.0,0.0
115,0.0,0.0,0.0
116,0.0,0.0,0.0
117,0.0,0.0,0.0
118,0.0,0.0,0.0
119,0.0,0.0,0.0
120,0.0,0.0,0.0
121,0.0,0.0,0.0
122,0.0,0.0,0.0
123,0.0,0.0,0.0
124,0.0,0.0,0.0
125,0.0,0.0,0.0
126,0.0,0.0,0.0
127,0.0,0.0,0.0
128,0.0,0.0,0.0
129,0.0,0.0,0.0
130,0.0,0.0,0.0
131,0.0,0.0,0.0
132,0.0,0.0,0.0
133,0.0,0.0,0.0
134,0.0,0.0,0.0
135,0.0,0.0,0.0
136,0.0,0.0,0.0
137,0.0,0.0,0.0
138,0.0,0.0,0.0
139,0.0,0.0,0.0
140,0.0,0.0,0.0
141,0.0,0.0,0.0
142,0.0,0.0,0.0
143,0.0,0.0,0.0
144,0.0,0.0,0.0
145,0.0,0.0,0.0
146,0.0,0.0,0.0
147,0.0,0.0,0.0
148,0.0,0.0,0.0
149,0.0,0.0,0.0
150,0.0,0.0,0.0
151,0.0,0.0,0.0
152,0.0,0.0,0.0
153,0.0,0.0,0.0
154,0.0,0.0,0.0
155,0.0,0.0,0.0
156,0.0,0.0,0.0
157,0.0,0.0,0.0
158,0.0,0.0,0.0
159,0.0,0.0,0.0
160,0.0,0.0,0.0
161,0.0,0.0,0.0
162,0.0,0.0,0.0
163,0.0,0.0,0.0
164,0.0,0.0,0.0
165,0.0,0.0,0.0
166,0.0,0.0,0.0
167,0.0,0.0,0.0
168,0.0,0.0,0.0
169,0.0,0.0,0.0
170,0.0,0.0,0.0
171,0.0,0.0,0.0
172,0.0,0.0,0.0
173,0.0,0.0,0.0
174,0.0,0.0,0.0
175,0.0,0.0,0.0
176,0.0,0.0,0.0
177,0.0,0.0,0.0
178,0.0,0.0,0.0
179,0.0,0.0,0.0
180,0.0,0.0,0.0
181,0.0,0.0,0.0
182,0.0,0.0,0.0
183,0.0,0.0,0.0
184,0.0,0.0,0.0
185,0.0,0.0,0.0
186,0.0,0.0,0.0
187,0.0,0.0,0.0
188,0.0,0.0,0.0
189,0.0,0.0,0.0
190,0.0,0.0,0.0
191,0.0,0.0,0.0
192,0.0,0.0,0.0
COA_USC_HC,2010,2015,2020
1,0.0,0.0,0.0
2,0.0,0.0,0.0
3,0.0,0.0,0.0
4,0.0,0.0,0.0
5,0.0,0.0,0.0
6,0.0,0.0,0.0
7,0.0,0.0,0.0
8,0.0,0.0,0.0
9,0.0,0.0,0.0
10,0.0,0.0,0.0
11,0.0,0.0,0.0
12,0.0,0.0,0.0
13,0.0,0.0,0.0
14,0.0,0.0,0.0
15,0.0,0.0,0.0
16,0.0,0.0,0.0
17,0.0,0.0,0.0
18,0.0,0.0,0.0
19,0.0,0.0,0.0
20,0.0,0.0,0.0
21,0.0,0.0,0.0
22,0.0,0.0,0.0
23,0.0,0.0,0.0
24,0.0,0.0,0.0
25,0.0,0.0,0.0
26,0.0,0.0,0.0
27,0.0,0.0,0.0
28,0.0,0.0,0.0
29,0.0,0.0,0.0
30,0.0,0.0,0.0
31,0.0,0.0,0.0
32,0.0,0.0,0.0
33,0.0,0.0,0.0
34,0.0,0.0,0.0
35,0.0,0.0,0.0
36,0.0,0.0,0.0
37,0.0,0.0,0.0
38,0.0,0.0,0.0
39,0.0,0.0,0.0
40,0.0,0.0,0.0
41,0.0,0.0,0.0
42,0.0,0.0,0.0
43,0.0,0.0,0.0
44,0.0,0.0,0.0
45,0.0,0.0,0.0
46,0.0,0.0,0.0
47,0.0,0.0,0.0
48,0.0,0.0,0.0
49,0.0,0.0,0.0
50,0.0,0.0,0.0
51,0.0,0.0,0.0
52,0.0,0.0,0.0
53,0.0,0.0,0.0
54,0.0,0.0,0.0
55,0.0,0.0,0.0
56,0.0,0.0,0.0
57,0.0,0.0,0.0
58,0.0,0.0,0.0
59,0.0,0.0,0.0
60,0.0,0.0,0.0
61,0.0,0.0,0.0
62,0.0,0.0,0.0
63,0.0,0.0,0.0
64,0.0,0.0,0.0
65,0.0,0.0,0.0
66,0.0,0.0,0.0
67,0.0,0.0,0.0
68,0.0,0.0,0.0
69,0.0,0.0,0.0
70,0.0,0.0,0.0
71,0.0,0.0,0.0
72,0.0,0.0,0.0
73,0.0,0.0,0.0
74,0.0,0.0,0.0
75,0.0,0.0,0.0
76,0.0,0.0,0.0
77,0.0,0.0,0.0
78,0.0,0.0,0.0
79,0.0,0.0,0.0
80,0.0,0.0,0.0
81,0.0,0.0,0.0
82,0.0,0.0,0.0
83,0.0,0.0,0.0
84,0.0,0.0,0.0
85,0.0,0.0,0.0
86,0.0,0.0,0.0
87,0.0,0.0,0.0
88,0.0,0.0,0.0
89,0.0,0.0,0.0
90,0.0,0.0,0.0
91,0.0,0.0,0.0
92,0.0,0.0,0.0
93,0.0,0.0,0.0
94,0.0,0.0,0.0
95,0.0,0.0,0.0
96,0.0,0.0,0.0
97,0.0,0.0,0.0
98,0.0,0.0,0.0
99,0.0,0.0,0.0
100,0.0,0.0,0.0
101,0.0,0.0,0.0
102,0.0,0.0,0.0
103,0.0,0.0,0.0
104,0.0,0.0,0.0
105,0.0,0.0,0.0
106,0.0,0.0,0.0
107,0.0,0.0,0.0
108,0.0,0.0,0.0
109,0.0,0.0,0.0
110,0.0,0.0,0.0
111,0.0,0.0,0.0
112,0.0,0.0,0.0
113,0.0,0.0,0.0
114,0.0,0.0,0.0
115,0.0,0.0,0.0
116,0.0,0.0,0.0
117,0.0,0.0,0.0
118,0.0,0.0,0.0
119,0.0,0.0,0.0
120,0.0,0.0,0.0
121,0.0,0.0,0.0
122,0.0,0.0,0.0
123,0.0,0.0,0.0
124,0.0,0.0,0.0
125,0.0,0.0,0.0
126,0.0,0.0,0.0
127,0.0,0.0,0.0
128,0.0,0.0,0.0
129,0.0,0.0,0.0
130,0.0,0.0,0.0
131,0.0,0.0,0.0
132,0.0,0.0,0.0
133,0.0,0.0,0.0
134,0.0,0.0,0.0
135,0.0,0.0,0.0
136,0.0,0.0,0.0
137,0.0,0.0,0.0
138,0.0,0.0,0.0
139,0.0,0.0,0.0
140,0.0,0.0,0.0
141,0.0,0.0,0.0
142,0.0,0.0,0.0
143,0.0,0.0,0.0
144,0.0,0.0,0.0
145,0.0,0.0,0.0
146,0.0,0.0,0.0
147,0.0,0.0,0.0
148,0.0,0.0,0.0
149,0.0,0.0,0.0
150,0.0,0.0,0.0
151,0.0,0.0,0.0
152,0.0,0.0,0.0
153,0.0,0.0,0.0
154,0.0,0.0,0.0
155,0.0,0.0,0.0
156,0.0,0.0,0.0
157,0.0,0.0,0.0
158,0.0,0.0,0.0
159,0.0,0.0,0.0
160,0.0,0.0,0.0
161,0.0,0.0,0.0
162,0.0,0.0,0.0
163,0.0,0.0,0.0
164,0.0,0.0,0.0
165,0.0,0.0,0.0
166,0.0,0.0,0.0
167,0.0,0.0,0.0
168,0.0,0.0,0.0
169,0.0,0.0,0.0
170,0.0,0.0,0.0
171,0.0,0.0,0.0
172,0.0,0.0,0.0
173,0.0,0.0,0.0
174,0.0,0.0,0.0
175,0.0,0.0,0.0
176,0.0,0.0,0.0
177,0.0,0.0,0.0
178,0.0,0.0,0.0
179,0.0,0.0,0.0
180,0.0,0.0,0.0
181,0.0,0.0,0.0
182,0.0,0.0,0.0
183,0.0,0.0,0.0
184,0.0,0.0,0.0
185,0.0,0.0,0.0
186,0.0,0.0,0.0
187,0.0,0.0,0.0
188,0.0,0.0,0.0
189,0.0,0.0,0.0
190,0.0,0.0,0.0
191,0.0,0.0,0.0
192,0.0,0.0,0.0
COA_IGCC_HC,2010,2015,2020
1,0.0,0.0,0.0
2,0.0,0.0,0.0
3,0.0,0.0,0.0
4,0.0,0.0,0.0
5,0.0,0.0,0.0
6,0.0,0.0,0.0
7,0.0,0.0,0.0
8,0.0,0.0,0.0
9,0.0,0.0,0.0
10,0.0,0.0,0.0
11,0.0,0.0,0.0
12,0.0,0.0,0.0
13,0.0,0.0,0.0
14,0.0,0.0,0.0
15,0.0,0.0,0.0
16,0.0,0.0,0.0
17,0.0,0.0,0.0
18,0.0,0.0,0.0
19,0.0,0.0,0.0
20,0.0,0.0,0.0
21,0.0,0.0,0.0
22,0.0,0.0,0.0
23,0.0,0.0,0.0
24,0.0,0.0,0.0
25,0.0,0.0,0.0
26,0.0,0.0,0.0
27,0.0,0.0,0.0
28,0.0,0.0,0.0
29,0.0,0.0,0.0
30,0.0,0.0,0.0
31,0.0,0.0,0.0
32,0.0,0.0,0.0
33,0.0,0.0,0.0
34,0.0,0.0,0.0
35,0.0,0.0,0.0
36,0.0,0.0,0.0
37,0.0,0.0,0.0
38,0.0,0.0,0.0
39,0.0,0.0,0.0
40,0.0,0.0,0.0
41,0.0,0.0,0.0
42,0.0,0.0,0.0
43,0.0,0.0,0.0
44,0.0,0.0,0.0
45,0.0,0.0,0.0
46,0.0,0.0,0.0
47,0.0,0.0,0.0
48,0.0,0.0,0.0
49,0.0,0.0,0.0
50,0.0,0.0,0.0
51,0.0,0.0,0.0
52,0.0,0.0,0.0
53,0.0,0.0,0.0
54,0.0,0.0,0.0
55,0.0,0.0,0.0
56,0.0,0.0,0.0
57,0.0,0.0,0.0
58,0.0,0.0,0.0
59,0.0,0.0,0.0
60,0.0,0.0,0.0
61,0.0,0.0,0.0
62,0.0,0.0,0.0
63,0.0,0.0,0.0
64,0.0,0.0,0.0
65,0.0,0.0,0.0
66,0.0,0.0,0.0
67,0.0,0.0,0.0
68,0.0,0.0,0.0
69,0.0,0.0,0.0
70,0.0,0.0,0.0
71,0.0,0.0,0.0
72,0.0,0.0,0.0
73,0.0,0.0,0.0
74,0.0,0.0,0.0
75,0.0,0.0,0.0
76,0.0,0.0,0.0
77,0.0,0.0,0.0
78,0.0,0.0,0.0
79,0.0,0.0,0.0
80,0.0,0.0,0.0
81,0.0,0.0,0.0
82,0.0,0.0,0.0
83,0.0,0.0,0.0
84,0.0,0.0,0.0
85,0.0,0.0,0.0
86,0.0,0.0,0.0
87,0.0,0.0,0.0
88,0.0,0.0,0.0
89,0.0,0.0,0.0
90,0.0,0.0,0.0
91,0.0,0.0,0.0
92,0.0,0.0,0.0
93,0.0,0.0,0.0
94,0.0,0.0,0.0
95,0.0,0.0,0.0
96,0.0,0.0,0.0
97,0.0,0.0,0.0
98,0.0,0.0,0.0
99,0.0,0.0,0.0
100,0.0,0.0,0.0
101,0.0,0.0,0.0
102,0.0,0.0,0.0
103,0.0,0.0,0.0
104,0.0,0.0,0.0
105,0.0,0.0,0.0
106,0.0,0.0,0.0
107,0.0,0.0,0.0
108,0.0,0.0,0.0
109,0.0,0.0,0.0
110,0.0,0.0,0.0
111,0.0,0.0,0.0
112,0.0,0.0,0.0
113,0.0,0.0,0.0
114,0.0,0.0,0.0
115,0.0,0.0,0.0
116,0.0,0.0,0.0
117,0.0,0.0,0.0
118,0.0,0.0,0.0
119,0.0,0.0,0.0
120,0.0,0.0,0.0
121,0.0,0.0,0.0
122,0.0,0.0,0.0
123,0.0,0.0,0.0
124,0.0,0.0,0.0
125,0.0,0.0,0.0
126,0.0,0.0,0.0
127,0.0,0.0,0.0
128,0.0,0.0,0.0
129,0.0,0.0,0.0
130,0.0,0.0,0.0
131,0.0,0.0,0.0
132,0.0,0.0,0.0
133,0.0,0.0,0.0
134,0.0,0.0,0.0
135,0.0,0.0,0.0
136,0.0,0.0,0.0
137,0.0,0.0,0.0
138,0.0,0.0,0.0
139,0.0,0.0,0.0
140,0.0,0.0,0.0
141,0.0,0.0,0.0
142,0.0,0.0,0.0
143,0.0,0.0,0.0
144,0.0,0.0,0.0
145,0.0,0.0,0.0
146,0.0,0.0,0.0
147,0.0,0.0,0.0
148,0.0,0.0,0.0
149,0.0,0.0,0.0
150,0.0,0.0,0.0
151,0.0,0.0,0.0
152,0.0,0.0,0.0
153,0.0,0.0,0.0
154,0.0,0.0,0.0
155,0.0,0.0,0.0
156,0.0,0.0,0.0
157,0.0,0.0,0.0
158,0.0,0.0,0.0
159,0.0,0.0,0.0
160,0.0,0.0,0.0
161,0.0,0.0,0.0
162,0.0,0.0,0.0
163,0.0,0.0,0.0
164,0.0,0.0,0.0
165,0.0,0.0,0.0
166,0.0,0.0,0.0
167,0.0,0.0,0.0
168,0.0,0.0,0.0
169,0.0,0.0,0.0
170,0.0,0.0,0.0
171,0.0,0.0,0.0
172,0.0,0.0,0.0
173,0.0,0.0,0.0
174,0.0,0.0,0.0
175,0.0,0.0,0.0
176,0.0,0.0,0.0
177,0.0,0.0,0.0
178,0.0,0.0,0.0
179,0.0,0.0,0.0
180,0.0,0.0,0.0
181,0.0,0.0,0.0
182,0.0,0.0,0.0
183,0.0,0.0,0.0
184,0.0,0.0,0.0
185,0.0,0.0,0.0
186,0.0,0.0,0.0
187,0.0,0.0,0.0
188,0.0,0.0,0.0
189,0.0,0.0,0.0
190,0.0,0.0,0.0
191,0.0,0.0,0.0
192,0.0,0.0,0.0
COA_USC_POS_CCS_HC,2010,2015,2020
1,0.0,0.0,0.0
2,0.0,0.0,0.0
3,0.0,0.0,0.0
4,0.0,0.0,0.0
5,0.0,0.0,0.0
6,0.0,0.0,0.0
7,0.0,0.0,0.0
8,0.0,0.0,0.0
9,0.0,0.0,0.0
10,0.0,0.0,0.0
11,0.0,0.0,0.0
12,0.0,0.0,0.0
13,0.0,0.0,0.0
14,0.0,0.0,0.0
15,0.0,0.0,0.0
16,0.0,0.0,0.0
17,0.0,0.0,0.0
18,0.0,0.0,0.0
19,0.0,0.0,0.0
20,0.0,0.0,0.0
21,0.0,0.0,0.0
22,0.0,0.0,0.0
23,0.0,0.0,0.0
24,0.0,0.0,0.0
25,0.0,0.0,0.0
26,0.0,0.0,0.0
27,0.0,0.0,0.0
28,0.0,0.0,0.0
29,0.0,0.0,0.0
30,0.0,0.0,0.0
31,0.0,0.0,0.0
32,0.0,0.0,0.0
33,0.0,0.0,0.0
34,0.0,0.0,0.0
35,0.0,0.0,0.0
36,0.0,0.0,0.0
37,0.0,0.0,0.0
38,0.0,0.0,0.0
39,0.0,0.0,0.0
40,0.0,0.0,0.0
41,0.0,0.0,0.0
42,0.0,0.0,0.0
43,0.0,0.0,0.0
44,0.0,0.0,0.0
45,0.0,0.0,0.0
46,0.0,0.0,0.0
47,0.0,0.0,0.0
48,0.0,0.0,0.0
49,0.0,0.0,0.0
50,0.0,0.0,0.0
51,0.0,0.0,0.0
52,0.0,0.0,0.0
53,0.0,0.0,0.0
54,0.0,0.0,0.0
55,0.0,0.0,0.0
56,0.0,0.0,0.0
57,0.0,0.0,0.0
58,0.0,0.0,0.0
59,0.0,0.0,0.0
60,0.0,0.0,0.0
61,0.0,0.0,0.0
62,0.0,0.0,0.0
63,0.0,0.0,0.0
64,0.0,0.0,0.0
65,0.0,0.0,0.0
66,0.0,0.0,0.0
67,0.0,0.0,0.0
68,0.0,0.0,0.0
69,0.0,0.0,0.0
70,0.0,0.0,0.0
71,0.0,0.0,0.0
72,0.0,0.0,0.0
73,0.0,0.0,0.0
74,0.0,0.0,0.0
75,0.0,0.0,0.0
76,0.0,0.0,0.0
77,0.0,0.0,0.0
78,0.0,0.0,0.0
79,0.0,0.0,0.0
80,0.0,0.0,0.0
81,0.0,0.0,0.0
82,0.0,0.0,0.0
83,0.0,0.0,0.0
84,0.0,0.0,0.0
85,0.0,0.0,0.0
86,0.0,0.0,0.0
87,0.0,0.0,0.0
88,0.0,0.0,0.0
89,0.0,0.0,0.0
90,0.0,0.0,0.0
91,0.0,0.0,0.0
92,0.0,0.0,0.0
93,0.0,0.0,0.0
94,0.0,0.0,0.0
95,0.0,0.0,0.0
96,0.0,0.0,0.0
97,0.0,0.0,0.0
98,0.0,0.0,0.0
99,0.0,0.0,0.0
100,0.0,0.0,0.0
101,0.0,0.0,0.0
102,0.0,0.0,0.0
103,0.0,0.0,0.0
104,0.0,0.0,0.0
105,0.0,0.0,0.0
106,0.0,0.0,0.0
107,0.0,0.0,0.0
108,0.0,0.0,0.0
109,0.0,0.0,0.0
110,0.0,0.0,0.0
111,0.0,0.0,0.0
112,0.0,0.0,0.0
113,0.0,0.0,0.0
114,0.0,0.0,0.0
115,0.0,0.0,0.0
116,0.0,0.0,0.0
117,0.0,0.0,0.0
118,0.0,0.0,0.0
119,0.0,0.0,0.0
120,0.0,0.0,0.0
121,0.0,0.0,0.0
122,0.0,0.0,0.0
123,0.0,0.0,0.0
124,0.0,0.0,0.0
125,0.0,0.0,0.0
126,0.0,0.0,0.0
127,0.0,0.0,0.0
128,0.0,0.0,0.0
129,0.0,0.0,0.0
130,0.0,0.0,0.0
131,0.0,0.0,0.0
132,0.0,0.0,0.0
133,0.0,0.0,0.0
134,0.0,0.0,0.0
135,0.0,0.0,0.0
136,0.0,0.0,0.0
137,0.0,0.0,0.0
138,0.0,0.0,0.0
139,0.0,0.0,0.0
140,0.0,0.0,0.0
141,0.0,0.0,0.0
142,0.0,0.0,0.0
143,0.0,0.0,0.0
144,0.0,0.0,0.0
145,0.0,0.0,0.0
146,0.0,0.0,0.0
147,0.0,0.0,0.0
148,0.0,0.0,0.0
149,0.0,0.0,0.0
150,0.0,0.0,0.0
151,0.0,0.0,0.0
152,0.0,0.0,0.0
153,0.0,0.0,0.0
154,0.0,0.0,0.0
155,0.0,0.0,0.0
156,0.0,0.0,0.0
157,0.0,0.0,0.0
158,0.0,0.0,0.0
159,0.0,0.0,0.0
160,0.0,0.0,0.0
161,0.0,0.0,0.0
162,0.0,0.0,0.0
163,0.0,0.0,0.0
164,0.0,0.0,0.0
165,0.0,0.0,0.0
166,0.0,0.0,0.0
167,0.0,0.0,0.0
168,0.0,0.0,0.0
169,0.0,0.0,0.0
170,0.0,0.0,0.0
171,0.0,0.0,0.0
172,0.0,0.0,0.0
173,0.0,0.0,0.0
174,0.0,0.0,0.0
175,0.0,0.0,0.0
176,0.0,0.0,0.0
177,0.0,0.0,0.0
178,0.0,0.0,0.0
179,0.0,0.0,0.0
180,0.0,0.0,0.0
181,0.0,0.0,0.0
182,0.0,0.0,0.0
183,0.0,0.0,0.0
184,0.0,0.0,0.0
185,0.0,0.0,0.0
186,0.0,0.0,0.0
187,0.0,0.0,0.0
188,0.0,0.0,0.0
189,0.0,0.0,0.0
190,0.0,0.0,0.0
191,0.0,0.0,0.0
192,0.0,0.0,0.0
COA_USC_OXY_CCS_HC,2010,2015,2020
1,0.0,0.0,0.0
2,0.0,0.0,0.0
3,0.0,0.0,0.0
4,0.0,0.0,0.0
5,0.0,0.0,0.0
6,0.0,0.0,0.0
7,0.0,0.0,0.0
8,0.0,0.0,0.0
9,0.0,0.0,0.0
10,0.0,0.0,0.0
11,0.0,0.0,0.0
12,0.0,0.0,0.0
13,0.0,0.0,0.0
14,0.0,0.0,0.0
15,0.0,0.0,0.0
16,0.0,0.0,0.0
17,0.0,0.0,0.0
18,0.0,0.0,0.0
19,0.0,0.0,0.0
20,0.0,0.0,0.0
21,0.0,0.0,0.0
22,0.0,0.0,0.0
23,0.0,0.0,0.0
24,0.0,0.0,0.0
25,0.0,0.0,0.0
26,0.0,0.0,0.0
27,0.0,0.0,0.0
28,0.0,0.0,0.0
29,0.0,0.0,0.0
30,0.0,0.0,0.0
31,0.0,0.0,0.0
32,0.0,0.0,0.0
33,0.0,0.0,0.0
34,0.0,0.0,0.0
35,0.0,0.0,0.0
36,0.0,0.0,0.0
37,0.0,0.0,0.0
38,0.0,0.0,0.0
39,0.0,0.0,0.0
40,0.0,0.0,0.0
41,0.0,0.0,0.0
42,0.0,0.0,0.0
43,0.0,0.0,0.0
44,0.0,0.0,0.0
45,0.0,0.0,0.0
46,0.0,0.0,0.0
47,0.0,0.0,0.0
48,0.0,0.0,0.0
49,0.0,0.0,0.0
50,0.0,0.0,0.0
51,0.0,0.0,0.0
52,0.0,0.0,0.0
53,0.0,0.0,0.0
54,0.0,0.0,0.0
55,0.0,0.0,0.0
56,0.0,0.0,0.0
57,0.0,0.0,0.0
58,0.0,0.0,0.0
59,0.0,0.0,0.0
60,0.0,0.0,0.0
61,0.0,0.0,0.0
62,0.0,0.0,0.0
63,0.0,0.0,0.0
64,0.0,0.0,0.0
65,0.0,0.0,0.0
66,0.0,0.0,0.0
67,0.0,0.0,0.0
68,0.0,0.0,0.0
69,0.0,0.0,0.0
70,0.0,0.0,0.0
71,0.0,0.0,0.0
72,0.0,0.0,0.0
73,0.0,0.0,0.0
74,0.0,0.0,0.0
75,0.0,0.0,0.0
76,0.0,0.0,0.0
77,0.0,0.0,0.0
78,0.0,0.0,0.0
79,0.0,0.0,0.0
80,0.0,0.0,0.0
81,0.0,0.0,0.0
82,0.0,0.0,0.0
83,0.0,0.0,0.0
84,0.0,0.0,0.0
85,0.0,0.0,0.0
86,0.0,0.0,0.0
87,0.0,0.0,0.0
88,0.0,0.0,0.0
89,0.0,0.0,0.0
90,0.0,0.0,0.0
91,0.0,0.0,0.0
92,0.0,0.0,0.0
93,0.0,0.0,0.0
94,0.0,0.0,0.0
95,0.0,0.0,0.0
96,0.0,0.0,0.0
97,0.0,0.0,0.0
98,0.0,0.0,0.0
99,0.0,0.0,0.0
100,0.0,0.0,0.0
101,0.0,0.0,0.0
102,0.0,0.0,0.0
103,0.0,0.0,0.0
104,0.0,0.0,0.0
105,0.0,0.0,0.0
106,0.0,0.0,0.0
107,0.0,0.0,0.0
108,0.0,0.0,0.0
109,0.0,0.0,0.0
110,0.0,0.0,0.0
111,0.0,0.0,0.0
112,0.0,0.0,0.0
113,0.0,0.0,0.0
114,0.0,0.0,0.0
115,0.0,0.0,0.0
116,0.0,0.0,0.0
117,0.0,0.0,0.0
118,0.0,0.0,0.0
119,0.0,0.0,0.0
120,0.0,0.0,0.0
121,0.0,0.0,0.0
122,0.0,0.0,0.0
123,0.0,0.0,0.0
124,0.0,0.0,0.0
125,0.0,0.0,0.0
126,0.0,0.0,0.0
127,0.0,0.0,0.0
128,0.0,0.0,0.0
129,0.0,0.0,0.0
130,0.0,0.0,0.0
131,0.0,0.0,0.0
132,0.0,0.0,0.0
133,0.0,0.0,0.0
134,0.0,0.0,0.0
135,0.0,0.0,0.0
136,0.0,0.0,0.0
137,0.0,0.0,0.0
138,0.0,0.0,0.0
139,0.0,0.0,0.0
140,0.0,0.0,0.0
141,0.0,0.0,0.0
142,0.0,0.0,0.0
143,0.0,0.0,0.0
144,0.0,0.0,0.0
145,0.0,0.0,0.0
146,0.0,0.0,0.0
147,0.0,0.0,0.0
148,0.0,0.0,0.0
149,0.0,0.0,0.0
150,0.0,0.0,0.0
151,0.0,0.0,0.0
152,0.0,0.0,0.0
153,0.0,0.0,0.0
154,0.0,0.0,0.0
155,0.0,0.0,0.0
156,0.0,0.0,0.0
157,0.0,0.0,0.0
158,0.0,0.0,0.0
159,0.0,0.0,0.0
160,0.0,0.0,0.0
161,0.0,0.0,0.0
162,0.0,0.0,0.0
163,0.0,0.0,0.0
164,0.0,0.0,0.0
165,0.0,0.0,0.0
166,0.0,0.0,0.0
167,0.0,0.0,0.0
168,0.0,0.0,0.0
169,0.0,0.0,0.0
170,0.0,0.0,0.0
171,0.0,0.0,0.0
172,0.0,0.0,0.0
173,0.0,0.0,0.0
174,0.0,0.0,0.0
175,0.0,0.0,0.0
176,0.0,0.0,0.0
177,0.0,0.0,0.0
178,0.0,0.0,0.0
179,0.0,0.0,0.0
180,0.0,0.0,0.0
181,0.0,0.0,0.0
182,0.0,0.0,0.0
183,0.0,0.0,0.0
184,0.0,0.0,0.0
185,0.0,0.0,0.0
186,0.0,0.0,0.0
187,0.0,0.0,0.0
188,0.0,0.0,0.0
189,0.0,0.0,0.0
190,0.0,0.0,0.0
191,0.0,0.0,0.0
192,0.0,0.0,0.0
COA_USC_PRE_CCS_HC,2010,2015,2020
1,0.0,0.0,0.0
2,0.0,0.0,0.0
3,0.0,0.0,0.0
4,0.0,0.0,0.0
5,0.0,0.0,0.0
6,0.0,0.0,0.0
7,0.0,0.0,0.0
8,0.0,0.0,0.0
9,0.0,0.0,0.0
10,0.0,0.0,0.0
11,0.0,0.0,0.0
12,0.0,0.0,0.0
13,0.0,0.0,0.0
14,0.0,0.0,0.0
15,0.0,0.0,0.0
16,0.0,0.0,0.0
17,0.0,0.0,0.0
18,0.0,0.0,0.0
19,0.0,0.0,0.0
20,0.0,0.0,0.0
21,0.0,0.0,0.0
22,0.0,0.0,0.0
23,0.0,0.0,0.0
24,0.0,0.0,0.0
25,0.0,0.0,0.0
26,0.0,0.0,0.0
27,0.0,0.0,0.0
28,0.0,0.0,0.0
29,0.0,0.0,0.0
30,0.0,0.0,0.0
31,0.0,0.0,0.0
32,0.0,0.0,0.0
33,0.0,0.0,0.0
34,0.0,0.0,0.0
35,0.0,0.0,0.0
36,0.0,0.0,0.0
37,0.0,0.0,0.0
38,0.0,0.0,0.0
39,0.0,0.0,0.0
40,0.0,0.0,0.0
41,0.0,0.0,0.0
42,0.0,0.0,0.0
43,0.0,0.0,0.0
44,0.0,0.0,0.0
45,0.0,0.0,0.0
46,0.0,0.0,0.0
47,0.0,0.0,0.0
48,0.0,0.0,0.0
49,0.0,0.0,0.0
50,0.0,0.0,0.0
51,0.0,0.0,0.0
52,0.0,0.0,0.0
53,0.0,0.0,0.0
54,0.0,0.0,0.0
55,0.0,0.0,0.0
56,0.0,0.0,0.0
57,0.0,0.0,0.0
58,0.0,0.0,0.0
59,0.0,0.0,0.0
60,0.0,0.0,0.0
61,0.0,0.0,0.0
62,0.0,0.0,0.0
63,0.0,0.0,0.0
64,0.0,0.0,0.0
65,0.0,0.0,0.0
66,0.0,0.0,0.0
67,0.0,0.0,0.0
68,0.0,0.0,0.0
69,0.0,0.0,0.0
70,0.0,0.0,0.0
71,0.0,0.0,0.0
72,0.0,0.0,0.0
73,0.0,0.0,0.0
74,0.0,0.0,0.0
75,0.0,0.0,0.0
76,0.0,0.0,0.0
77,0.0,0.0,0.0
78,0.0,0.0,0.0
79,0.0,0.0,0.0
80,0.0,0.0,0.0
81,0.0,0.0,0.0
82,0.0,0.0,0.0
83,0.0,0.0,0.0
84,0.0,0.0,0.0
85,0.0,0.0,0.0
86,0.0,0.0,0.0
87,0.0,0.0,0.0
88,0.0,0.0,0.0
89,0.0,0.0,0.0
90,0.0,0.0,0.0
91,0.0,0.0,0.0
92,0.0,0.0,0.0
93,0.0,0.0,0.0
94,0.0,0.0,0.0
95,0.0,0.0,0.0
96,0.0,0.0,0.0
97,0.0,0.0,0.0
98,0.0,0.0,0.0
99,0.0,0.0,0.0
100,0.0,0.0,0.0
101,0.0,0.0,0.0
102,0.0,0.0,0.0
103,0.0,0.0,0.0
104,0.0,0.0,0.0
105,0.0,0.0,0.0
106,0.0,0.0,0.0
107,0.0,0.0,0.0
108,0.0,0.0,0.0
109,0.0,0.0,0.0
110,0.0,0.0,0.0
111,0.0,0.0,0.0
112,0.0,0.0,0.0
113,0.0,0.0,0.0
114,0.0,0.0,0.0
115,0.0,0.0,0.0
116,0.0,0.0,0.0
117,0.0,0.0,0.0
118,0.0,0.0,0.0
119,0.0,0.0,0.0
120,0.0,0.0,0.0
121,0.0,0.0,0.0
122,0.0,0.0,0.0
123,0.0,0.0,0.0
124,0.0,0.0,0.0
125,0.0,0.0,0.0
126,0.0,0.0,0.0
127,0.0,0.0,0.0
128,0.0,0.0,0.0
129,0.0,0.0,0.0
130,0.0,0.0,0.0
131,0.0,0.0,0.0
132,0.0,0.0,0.0
133,0.0,0.0,0.0
134,0.0,0.0,0.0
135,0.0,0.0,0.0
136,0.0,0.0,0.0
137,0.0,0.0,0.0
138,0.0,0.0,0.0
139,0.0,0.0,0.0
140,0.0,0.0,0.0
141,0.0,0.0,0.0
142,0.0,0.0,0.0
143,0.0,0.0,0.0
144,0.0,0.0,0.0
145,0.0,0.0,0.0
146,0.0,0.0,0.0
147,0.0,0.0,0.0
148,0.0,0.0,0.0
149,0.0,0.0,0.0
150,0.0,0.0,0.0
151,0.0,0.0,0.0
152,0.0,0.0,0.0
153,0.0,0.0,0.0
154,0.0,0.0,0.0
155,0.0,0.0,0.0
156,0.0,0.0,0.0
157,0.0,0.0,0.0
158,0.0,0.0,0.0
159,0.0,0.0,0.0
160,0.0,0.0,0.0
161,0.0,0.0,0.0
162,0.0,0.0,0.0
163,0.0,0.0,0.0
164,0.0,0.0,0.0
165,0.0,0.0,0.0
166,0.0,0.0,0.0
167,0.0,0.0,0.0
168,0.0,0.0,0.0
169,0.0,0.0,0.0
170,0.0,0.0,0.0
171,0.0,0.0,0.0
172,0.0,0.0,0.0
173,0.0,0.0,0.0
174,0.0,0.0,0.0
175,0.0,0.0,0.0
176,0.0,0.0,0.0
177,0.0,0.0,0.0
178,0.0,0.0,0.0
179,0.0,0.0,0.0
180,0.0,0.0,0.0
181,0.0,0.0,0.0
182,0.0,0.0,0.0
183,0.0,0.0,0.0
184,0.0,0.0,0.0
185,0.0,0.0,0.0
186,0.0,0.0,0.0
187,0.0,0.0,0.0
188,0.0,0.0,0.0
189,0.0,0.0,0.0
190,0.0,0.0,0.0
191,0.0,0.0,0.0
192,0.0,0.0,0.0
GAS_GT,2010,2015,2020
1,42.24,88.35,32.82
2,42.24,88.35,32.82
3,42.24,88.35,32.82
4,42.24,88.35,32.82
5,42.24,88.35,32.82
6,42.24,88.35,32.82
7,42.24,88.35,32.82
8,42.24,88.35,32.82
9,42.24,88.35,32.82
10,42.24,88.35,32.82
11,42.24,88.35,32.82
12,42.24,88.35,32.82
13,42.24,88.35,32.82
14,42.24,88.35,32.82
15,42.24,88.35,32.82
16,42.24,88.35,32.82
17,42.24,88.35,32.82
18,42.24,88.35,32.82
19,42.24,88.35,32.82
20,42.24,88.35,32.82
21,42.24,88.35,32.82
22,42.24,88.35,32.82
23,42.24,88.35,32.82
24,42.24,88.35,32.82
25,74.55,88.35,31.59
26,74.55,88.35,31.59
27,74.55,88.35,31.59
28,74.55,88.35,31.59
29,74.55,88.35,31.59
30,74.55,88.35,31.59
31,74.55,88.35,31.59
32,74.55,88.35,31.59
33,74.55,88.35,31.59
34,74.55,88.35,31.59
35,74.55,88.35,31.59
36,74.55,88.35,31.59
37,74.55,88.35,31.59
38,74.55,88.35,31.59
39,74.55,88.35,31.59
40,74.55,88.35,31.59
41,74.55,88.35,31.59
42,74.55,88.35,31.59
43,74.55,88.35,31.59
44,74.55,88.35,31.59
45,74.55,88.35,31.59
46,74.55,88.35,31.59
47,74.55,88.35,31.59
48,74.55,88.35,31.59
49,74.55,73.62,31.59
50,74.55,73.62,31.59
51,74.55,73.62,31.59
52,74.55,73.62,31.59
53,74.55,73.62,31.59
54,74.55,73.62,31.59
55,74.55,73.62,31.59
56,74.55,73.62,31.59
57,74.55,73.62,31.59
58,74.55,73.62,31.59
59,74.55,73.62,31.59
60,74.55,73.62,31.59
61,74.55,73.62,31.59
62,74.55,73.62,31.59
63,74.55,73.62,31.59
64,74.55,73.62,31.59
65,74.55,73.62,31.59
66,74.55,73.62,31.59
67,74.55,73.62,31.59
68,74.55,73.62,31.59
69,74.55,73.62,31.59
70,74.55,73.62,31.59
71,74.55,73.62,31.59
72,74.55,73.62,31.59
73,74.55,88.35,63.18
74,74.55,88.35,63.18
75,74.55,88.35,63.18
76,74.55,88.35,63.18
77,74.55,88.35,63.18
78,74.55,88.35,63.18
79,74.55,88.35,63.18
80,74.55,88.35,63.18
81,74.55,88.35,63.18
82,74.55,88.35,63.18
83,74.55,88.35,63.18
84,74.55,88.35,63.18
85,74.55,88.35,63.18
86,74.55,88.35,63.18
87,74.55,88.35,63.18
88,74.55,88.35,63.18
89,74.55,88.35,63.18
90,74.55,88.35,63.18
91,74.55,88.35,63.18
92,74.55,88.35,63.18
93,74.55,88.35,63.18
94,74.55,88.35,63.18
95,74.55,88.35,63.18
96,74.55,88.35,63.18
97,31.06,88.35,31.59
98,31.06,88.35,31.59
99,31.06,88.35,31.59
100,31.06,88.35,31.59
101,31.06,88.35,31.59
102,31.06,88.35,31.59
103,31.06,88.35,31.59
104,31.06,88.35,31.59
105,31.06,88.35,31.59
106,31.06,88.35,31.59
107,31.06,88.35,31.59
108,31.06,88.35,31.59
109,31.06,88.35,31.59
110,31.06,88.35,31.59
111,31.06,88.35,31.59
112,31.06,88.35,31.59
113,31.06,88.35,31.59
114,31.06,88.35,31.59
115,31.06,88.35,31.59
116,31.06,88.35,31.59
117,31.06,88.35,31.59
118,31.06,88.35,31.59
119,31.06,88.35,31.59
120,31.06,88.35,31.59
121,74.55,88.35,63.18
122,74.55,88.35,63.18
123,74.55,88.35,63.18
124,74.55,88.35,63.18
125,74.55,88.35,63.18
126,74.55,88.35,63.18
127,74.55,88.35,63.18
128,74.55,88.35,63.18
129,74.55,88.35,63.18
130,74.55,88.35,63.18
131,74.55,88.35,63.18
132,74.55,88.35,63.18
133,74.55,88.35,63.18
134,74.55,88.35,63.18
135,74.55,88.35,63.18
136,74.55,88.35,63.18
137,74.55,88.35,63.18
138,74.55,88.35,63.18
139,74.55,88.35,63.18
140,74.55,88.35,63.18
141,74.55,88.35,63.18
142,74.55,88.35,63.18
143,74.55,88.35,63.18
144,74.55,88.35,63.18
145,60.74,88.35,32.82
146,60.74,88.35,32.82
147,60.74,88.35,32.82
148,60.74,88.35,32.82
149,60.74,88.35,32.82
150,60.74,88.35,32.82
151,60.74,88.35,32.82
152,60.74,88.35,32.82
153,60.74,88.35,32.82
154,60.74,88.35,32.82
155,60.74,88.35,32.82
156,60.74,88.35,32.82
157,60.74,88.35,32.82
158,60.74,88.35,32.82
159,60.74,88.35,32.82
160,60.74,88.35,32.82
161,60.74,88.35,32.82
162,60.74,88.35,32.82
163,60.74,88.35,32.82
164,60.74,88.35,32.82
165,60.74,88.35,32.82
166,60.74,88.35,32.82
167,60.74,88.35,32.82
168,60.74,88.35,32.82
169,74.55,88.35,47.38
170,74.55,88.35,47.38
171,74.55,88.35,47.38
172,74.55,88.35,47.38
173,74.55,88.35,47.38
174,74.55,88.35,47.38
175,74.55,88.35,47.38
176,74.55,88.35,47.38
177,74.55,88.35,47.38
178,74.55,88.35,47.38
179,74.55,88.35,47.38
180,74.55,88.35,47.38
181,74.55,88.35,47.38
182,74.55,88.35,47.38
183,74.55,88.35,47.38
184,74.55,88.35,47.38
185,74.55,88.35,47.38
186,74.55,88.35,47.38
187,74.55,88.35,47.38
188,74.55,88.35,47.38
189,74.55,88.35,47.38
190,74.55,88.35,47.38
191,74.55,88.35,47.38
192,74.55,88.35,47.38
GAS_CC,2010,2015,2020
1,0.66,7.47,8.89
2,0.66,7.47,8.89
3,0.66,7.47,8.89
4,0.66,7.47,8.89
5,0.66,7.47,8.89
6,0.66,7.47,8.89
7,0.66,7.47,8.89
8,0.66,7.47,8.89
9,0.66,7.47,8.89
10,0.66,7.47,8.89
11,0.66,7.47,8.89
12,0.66,7.47,8.89
13,0.66,7.47,8.89
14,0.66,7.47,8.89
15,0.66,7.47,8.89
16,0.66,7.47,8.89
17,0.66,7.47,8.89
18,0.66,7.47,8.89
19,0.66,7.47,8.89
20,0.66,7.47,8.89
21,0.66,7.47,8.89
22,0.66,7.47,8.89
23,0.66,7.47,8.89
24,0.66,7.47,8.89
25,1.57,8.83,8.89
26,1.57,8.83,8.89
27,1.57,8.83,8.89
28,1.57,8.83,8.89
29,1.57,8.83,8.89
30,1.57,8.83,8.89
31,1.57,8.83,8.89
32,1.57,8.83,8.89
33,1.57,8.83,8.89
34,1.57,8.83,8.89
35,1.57,8.83,8.89
36,1.57,8.83,8.89
37,1.57,8.83,8.89
38,1.57,8.83,8.89
39,1.57,8.83,8.89
40,1.57,8.83,8.89
41,1.57,8.83,8.89
42,1.57,8.83,8.89
43,1.57,8.83,8.89
44,1.57,8.83,8.89
45,1.57,8.83,8.89
46,1.57,8.83,8.89
47,1.57,8.83,8.89
48,1.57,8.83,8.89
49,0.66,7.47,8.89
50,0.66,7.47,8.89
51,0.66,7.47,8.89
52,0.66,7.47,8.89
53,0.66,7.47,8.89
54,0.66,7.47,8.89
55,0.66,7.47,8.89
56,0.66,7.47,8.89
57,0.66,7.47,8.89
58,0.66,7.47,8.89
59,0.66,7.47,8.89
60,0.66,7.47,8.89
61,0.66,7.47,8.89
62,0.66,7.47,8.89
63,0.66,7.47,8.89
64,0.66,7.47,8.89
65,0.66,7.47,8.89
66,0.66,7.47,8.89
67,0.66,7.47,8.89
68,0.66,7.47,8.89
69,0.66,7.47,8.89
70,0.66,7.47,8.89
71,0.66,7.47,8.89
72,0.66,7.47,8.89
73,2.04,8.83,2.53
74,2.04,8.83,2.53
75,2.04,8.83,2.53
76,2.04,8.83,2.53
77,2.04,8.83,2.53
78,2.04,8.83,2.53
79,2.04,8.83,2.53
80,2.04,8.83,2.53
81,2.04,8.83,2.53
82,2.04,8.83,2.53
83,2.04,8.83,2.53
84,2.04,8.83,2.53
85,2.04,8.83,2.53
86,2.04,8.83,2.53
87,2.04,8.83,2.53
88,2.04,8.83,2.53
89,2.04,8.83,2.53
90,2.04,8.83,2.53
91,2.04,8.83,2.53
92,2.04,8.83,2.53
93,2.04,8.83,2.53
94,2.04,8.83,2.53
95,2.04,8.83,2.53
96,2.04,8.83,2.53
97,13.47,8.83,8.89
98,13.47,8.83,8.89
99,13.47,8.83,8.89
100,13.47,8.83,8.89
101,13.47,8.83,8.89
102,13.47,8.83,8.89
103,13.47,8.83,8.89
104,13.47,8.83,8.89
105,13.47,8.83,8.89
106,13.47,8.83,8.89
107,13.47,8.83,8.89
108,13.47,8.83,8.89
109,13.47,8.83,8.89
110,13.47,8.83,8.89
111,13.47,8.83,8.89
112,13.47,8.83,8.89
113,13.47,8.83,8.89
114,13.47,8.83,8.89
115,13.47,8.83,8.89
116,13.47,8.83,8.89
117,13.47,8.83,8.89
118,13.47,8.83,8.89
119,13.47,8.83,8.89
120,13.47,8.83,8.89
121,2.04,8.83,2.53
122,2.04,8.83,2.53
123,2.04,8.83,2.53
124,2.04,8.83,2.53
125,2.04,8.83,2.53
126,2.04,8.83,2.53
127,2.04,8.83,2.53
128,2.04,8.83,2.53
129,2.04,8.83,2.53
130,2.04,8.83,2.53
131,2.04,8.83,2.53
132,2.04,8.83,2.53
133,2.04,8.83,2.53
134,2.04,8.83,2.53
135,2.04,8.83,2.53
136,2.04,8.83,2.53
137,2.04,8.83,2.53
138,2.04,8.83,2.53
139,2.04,8.83,2.53
140,2.04,8.83,2.53
141,2.04,8.83,2.53
142,2.04,8.83,2.53
143,2.04,8.83,2.53
144,2.04,8.83,2.53
145,0.66,8.83,8.89
146,0.66,8.83,8.89
147,0.66,8.83,8.89
148,0.66,8.83,8.89
149,0.66,8.83,8.89
150,0.66,8.83,8.89
151,0.66,8.83,8.89
152,0.66,8.83,8.89
153,0.66,8.83,8.89
154,0.66,8.83,8.89
155,0.66,8.83,8.89
156,0.66,8.83,8.89
157,0.66,8.83,8.89
158,0.66,8.83,8.89
159,0.66,8.83,8.89
160,0.66,8.83,8.89
161,0.66,8.83,8.89
162,0.66,8.83,8.89
163,0.66,8.83,8.89
164,0.66,8.83,8.89
165,0.66,8.83,8.89
166,0.66,8.83,8.89
167,0.66,8.83,8.89
168,0.66,8.83,8.89
169,0.22,8.83,4.65
170,0.22,8.83,4.65
171,0.22,8.83,4.65
172,0.22,8.83,4.65
173,0.22,8.83,4.65
174,0.22,8.83,4.65
175,0.22,8.83,4.65
176,0.22,8.83,4.65
177,0.22,8.83,4.65
178,0.22,8.83,4.65
179,0.22,8.83,4.65
180,0.22,8.83,4.65
181,0.22,8.83,4.65
182,0.22,8.83,4.65
183,0.22,8.83,4.65
184,0.22,8.83,4.65
185,0.22,8.83,4.65
186,0.22,8.83,4.65
187,0.22,8.83,4.65
188,0.22,8.83,4.65
189,0.22,8.83,4.65
190,0.22,8.83,4.65
191,0.22,8.83,4.65
192,0.22,8.83,4.65
GAS_NGCC_POS_CCS,2010,2015,2020
1,0.0,0.0,0.0
2,0.0,0.0,0.0
3,0.0,0.0,0.0
4,0.0,0.0,0.0
5,0.0,0.0,0.0
6,0.0,0.0,0.0
7,0.0,0.0,0.0
8,0.0,0.0,0.0
9,0.0,0.0,0.0
10,0.0,0.0,0.0
11,0.0,0.0,0.0
12,0.0,0.0,0.0
13,0.0,0.0,0.0
14,0.0,0.0,0.0
15,0.0,0.0,0.0
16,0.0,0.0,0.0
17,0.0,0.0,0.0
18,0.0,0.0,0.0
19,0.0,0.0,0.0
20,0.0,0.0,0.0
21,0.0,0.0,0.0
22,0.0,0.0,0.0
23,0.0,0.0,0.0
24,0.0,0.0,0.0
25,0.0,0.0,0.0
26,0.0,0.0,0.0
27,0.0,0.0,0.0
28,0.0,0.0,0.0
29,0.0,0.0,0.0
30,0.0,0.0,0.0
31,0.0,0.0,0.0
32,0.0,0.0,0.0
33,0.0,0.0,0.0
34,0.0,0.0,0.0
35,0.0,0.0,0.0
36,0.0,0.0,0.0
37,0.0,0.0,0.0
38,0.0,0.0,0.0
39,0.0,0.0,0.0
40,0.0,0.0,0.0
41,0.0,0.0,0.0
42,0.0,0.0,0.0
43,0.0,0.0,0.0
44,0.0,0.0,0.0
45,0.0,0.0,0.0
46,0.0,0.0,0.0
47,0.0,0.0,0.0
48,0.0,0.0,0.0
49,0.0,0.0,0.0
50,0.0,0.0,0.0
51,0.0,0.0,0.0
52,0.0,0.0,0.0
53,0.0,0.0,0.0
54,0.0,0.0,0.0
55,0.0,0.0,0.0
56,0.0,0.0,0.0
57,0.0,0.0,0.0
58,0.0,0.0,0.0
59,0.0,0.0,0.0
60,0.0,0.0,0.0
61,0.0,0.0,0.0
62,0.0,0.0,0.0
63,0.0,0.0,0.0
64,0.0,0.0,0.0
65,0.0,0.0,0.0
66,0.0,0.0,0.0
67,0.0,0.0,0.0
68,0.0,0.0,0.0
69,0.0,0.0,0.0
70,0.0,0.0,0.0
71,0.0,0.0,0.0
72,0.0,0.0,0.0
73,0.0,0.0,0.0
74,0.0,0.0,0.0
75,0.0,0.0,0.0
76,0.0,0.0,0.0
77,0.0,0.0,0.0
78,0.0,0.0,0.0
79,0.0,0.0,0.0
80,0.0,0.0,0.0
81,0.0,0.0,0.0
82,0.0,0.0,0.0
83,0.0,0.0,0.0
84,0.0,0.0,0.0
85,0.0,0.0,0.0
86,0.0,0.0,0.0
87,0.0,0.0,0.0
88,0.0,0.0,0.0
89,0.0,0.0,0.0
90,0.0,0.0,0.0
91,0.0,0.0,0.0
92,0.0,0.0,0.0
93,0.0,0.0,0.0
94,0.0,0.0,0.0
95,0.0,0.0,0.0
96,0.0,0.0,0.0
97,0.0,0.0,0.0
98,0.0,0.0,0.0
99,0.0,0.0,0.0
100,0.0,0.0,0.0
101,0.0,0.0,0.0
102,0.0,0.0,0.0
103,0.0,0.0,0.0
104,0.0,0.0,0.0
105,0.0,0.0,0.0
106,0.0,0.0,0.0
107,0.0,0.0,0.0
108,0.0,0.0,0.0
109,0.0,0.0,0.0
110,0.0,0.0,0.0
111,0.0,0.0,0.0
112,0.0,0.0,0.0
113,0.0,0.0,0.0
114,0.0,0.0,0.0
115,0.0,0.0,0.0
116,0.0,0.0,0.0
117,0.0,0.0,0.0
118,0.0,0.0,0.0
119,0.0,0.0,0.0
120,0.0,0.0,0.0
121,0.0,0.0,0.0
122,0.0,0.0,0.0
123,0.0,0.0,0.0
124,0.0,0.0,0.0
125,0.0,0.0,0.0
126,0.0,0.0,0.0
127,0.0,0.0,0.0
128,0.0,0.0,0.0
129,0.0,0.0,0.0
130,0.0,0.0,0.0
131,0.0,0.0,0.0
132,0.0,0.0,0.0
133,0.0,0.0,0.0
134,0.0,0.0,0.0
135,0.0,0.0,0.0
136,0.0,0.0,0.0
137,0.0,0.0,0.0
138,0.0,0.0,0.0
139,0.0,0.0,0.0
140,0.0,0.0,0.0
141,0.0,0.0,0.0
142,0.0,0.0,0.0
143,0.0,0.0,0.0
144,0.0,0.0,0.0
145,0.0,0.0,0.0
146,0.0,0.0,0.0
147,0.0,0.0,0.0
148,0.0,0.0,0.0
149,0.0,0.0,0.0
150,0.0,0.0,0.0
151,0.0,0.0,0.0
152,0.0,0.0,0.0
153,0.0,0.0,0.0
154,0.0,0.0,0.0
155,0.0,0.0,0.0
156,0.0,0.0,0.0
157,0.0,0.0,0.0
158,0.0,0.0,0.0
159,0.0,0.0,0.0
160,0.0,0.0,0.0
161,0.0,0.0,0.0
162,0.0,0.0,0.0
163,0.0,0.0,0.0
164,0.0,0.0,0.0
165,0.0,0.0,0.0
166,0.0,0.0,0.0
167,0.0,0.0,0.0
168,0.0,0.0,0.0
169,0.0,0.0,0.0
170,0.0,0.0,0.0
171,0.0,0.0,0.0
172,0.0,0.0,0.0
173,0.0,0.0,0.0
174,0.0,0.0,0.0
175,0.0,0.0,0.0
176,0.0,0.0,0.0
177,0.0,0.0,0.0
178,0.0,0.0,0.0
179,0.0,0.0,0.0
180,0.0,0.0,0.0
181,0.0,0.0,0.0
182,0.0,0.0,0.0
183,0.0,0.0,0.0
184,0.0,0.0,0.0
185,0.0,0.0,0.0
186,0.0,0.0,0.0
187,0.0,0.0,0.0
188,0.0,0.0,0.0
189,0.0,0.0,0.0
190,0.0,0.0,0.0
191,0.0,0.0,0.0
192,0.0,0.0,0.0
GAS_NGCC_OXY_CCS,2010,2015,2020
1,0.0,0.0,0.0
2,0.0,0.0,0.0
3,0.0,0.0,0.0
4,0.0,0.0,0.0
5,0.0,0.0,0.0
6,0.0,0.0,0.0
7,0.0,0.0,0.0
8,0.0,0.0,0.0
9,0.0,0.0,0.0
10,0.0,0.0,0.0
11,0.0,0.0,0.0
12,0.0,0.0,0.0
13,0.0,0.0,0.0
14,0.0,0.0,0.0
15,0.0,0.0,0.0
16,0.0,0.0,0.0
17,0.0,0.0,0.0
18,0.0,0.0,0.0
19,0.0,0.0,0.0
20,0.0,0.0,0.0
21,0.0,0.0,0.0
22,0.0,0.0,0.0
23,0.0,0.0,0.0
24,0.0,0.0,0.0
25,0.0,0.0,0.0
26,0.0,0.0,0.0
27,0.0,0.0,0.0
28,0.0,0.0,0.0
29,0.0,0.0,0.0
30,0.0,0.0,0.0
31,0.0,0.0,0.0
32,0.0,0.0,0.0
33,0.0,0.0,0.0
34,0.0,0.0,0.0
35,0.0,0.0,0.0
36,0.0,0.0,0.0
37,0.0,0.0,0.0
38,0.0,0.0,0.0
39,0.0,0.0,0.0
40,0.0,0.0,0.0
41,0.0,0.0,0.0
42,0.0,0.0,0.0
43,0.0,0.0,0.0
44,0.0,0.0,0.0
45,0.0,0.0,0.0
46,0.0,0.0,0.0
47,0.0,0.0,0.0
48,0.0,0.0,0.0
49,0.0,0.0,0.0
50,0.0,0.0,0.0
51,0.0,0.0,0.0
52,0.0,0.0,0.0
53,0.0,0.0,0.0
54,0.0,0.0,0.0
55,0.0,0.0,0.0
56,0.0,0.0,0.0
57,0.0,0.0,0.0
58,0.0,0.0,0.0
59,0.0,0.0,0.0
60,0.0,0.0,0.0
61,0.0,0.0,0.0
62,0.0,0.0,0.0
63,0.0,0.0,0.0
64,0.0,0.0,0.0
65,0.0,0.0,0.0
66,0.0,0.0,0.0
67,0.0,0.0,0.0
68,0.0,0.0,0.0
69,0.0,0.0,0.0
70,0.0,0.0,0.0
71,0.0,0.0,0.0
72,0.0,0.0,0.0
73,0.0,0.0,0.0
74,0.0,0.0,0.0
75,0.0,0.0,0.0
76,0.0,0.0,0.0
77,0.0,0.0,0.0
78,0.0,0.0,0.0
79,0.0,0.0,0.0
80,0.0,0.0,0.0
81,0.0,0.0,0.0
82,0.0,0.0,0.0
83,0.0,0.0,0.0
84,0.0,0.0,0.0
85,0.0,0.0,0.0
86,0.0,0.0,0.0
87,0.0,0.0,0.0
88,0.0,0.0,0.0
89,0.0,0.0,0.0
90,0.0,0.0,0.0
91,0.0,0.0,0.0
92,0.0,0.0,0.0
93,0.0,0.0,0.0
94,0.0,0.0,0.0
95,0.0,0.0,0.0
96,0.0,0.0,0.0
97,0.0,0.0,0.0
98,0.0,0.0,0.0
99,0.0,0.0,0.0
100,0.0,0.0,0.0
101,0.0,0.0,0.0
102,0.0,0.0,0.0
103,0.0,0.0,0.0
104,0.0,0.0,0.0
105,0.0,0.0,0.0
106,0.0,0.0,0.0
107,0.0,0.0,0.0
108,0.0,0.0,0.0
109,0.0,0.0,0.0
110,0.0,0.0,0.0
111,0.0,0.0,0.0
112,0.0,0.0,0.0
113,0.0,0.0,0.0
114,0.0,0.0,0.0
115,0.0,0.0,0.0
116,0.0,0.0,0.0
117,0.0,0.0,0.0
118,0.0,0.0,0.0
119,0.0,0.0,0.0
120,0.0,0.0,0.0
121,0.0,0.0,0.0
122,0.0,0.0,0.0
123,0.0,0.0,0.0
124,0.0,0.0,0.0
125,0.0,0.0,0.0
126,0.0,0.0,0.0
127,0.0,0.0,0.0
128,0.0,0.0,0.0
129,0.0,0.0,0.0
130,0.0,0.0,0.0
131,0.0,0.0,0.0
132,0.0,0.0,0.0
133,0.0,0.0,0.0
134,0.0,0.0,0.0
135,0.0,0.0,0.0
136,0.0,0.0,0.0
137,0.0,0.0,0.0
138,0.0,0.0,0.0
139,0.0,0.0,0.0
140,0.0,0.0,0.0
141,0.0,0.0,0.0
142,0.0,0.0,0.0
143,0.0,0.0,0.0
144,0.0,0.0,0.0
145,0.0,0.0,0.0
146,0.0,0.0,0.0
147,0.0,0.0,0.0
148,0.0,0.0,0.0
149,0.0,0.0,0.0
150,0.0,0.0,0.0
151,0.0,0.0,0.0
152,0.0,0.0,0.0
153,0.0,0.0,0.0
154,0.0,0.0,0.0
155,0.0,0.0,0.0
156,0.0,0.0,0.0
157,0.0,0.0,0.0
158,0.0,0.0,0.0
159,0.0,0.0,0.0
160,0.0,0.0,0.0
161,0.0,0.0,0.0
162,0.0,0.0,0.0
163,0.0,0.0,0.0
164,0.0,0.0,0.0
165,0.0,0.0,0.0
166,0.0,0.0,0.0
167,0.0,0.0,0.0
168,0.0,0.0,0.0
169,0.0,0.0,0.0
170,0.0,0.0,0.0
171,0.0,0.0,0.0
172,0.0,0.0,0.0
173,0.0,0.0,0.0
174,0.0,0.0,0.0
175,0.0,0.0,0.0
176,0.0,0.0,0.0
177,0.0,0.0,0.0
178,0.0,0.0,0.0
179,0.0,0.0,0.0
180,0.0,0.0,0.0
181,0.0,0.0,0.0
182,0.0,0.0,0.0
183,0.0,0.0,0.0
184,0.0,0.0,0.0
185,0.0,0.0,0.0
186,0.0,0.0,0.0
187,0.0,0.0,0.0
188,0.0,0.0,0.0
189,0.0,0.0,0.0
190,0.0,0.0,0.0
191,0.0,0.0,0.0
192,0.0,0.0,0.0
NUK_LWR,2010,2015,2020
1,0.0,0.0,1.33
2,0.0,0.0,1.33
3,0.0,0.0,1.33
4,0.0,0.0,1.33
5,0.0,0.0,1.33
6,0.0,0.0,1.33
7,0.0,0.0,1.33
8,0.0,0.0,1.33
9,0.0,0.0,1.33
10,0.0,0.0,1.33
11,0.0,0.0,1.33
12,0.0,0.0,1.33
13,0.0,0.0,1.33
14,0.0,0.0,1.33
15,0.0,0.0,1.33
16,0.0,0.0,1.33
17,0.0,0.0,1.33
18,0.0,0.0,1.33
19,0.0,0.0,1.33
20,0.0,0.0,1.33
21,0.0,0.0,1.33
22,0.0,0.0,1.33
23,0.0,0.0,1.33
24,0.0,0.0,1.33
25,0.0,0.0,1.33
26,0.0,0.0,1.33
27,0.0,0.0,1.33
28,0.0,0.0,1.33
29,0.0,0.0,1.33
30,0.0,0.0,1.33
31,0.0,0.0,1.33
32,0.0,0.0,1.33
33,0.0,0.0,1.33
34,0.0,0.0,1.33
35,0.0,0.0,1.33
36,0.0,0.0,1.33
37,0.0,0.0,1.33
38,0.0,0.0,1.33
39,0.0,0.0,1.33
40,0.0,0.0,1.33
41,0.0,0.0,1.33
42,0.0,0.0,1.33
43,0.0,0.0,1.33
44,0.0,0.0,1.33
45,0.0,0.0,1.33
46,0.0,0.0,1.33
47,0.0,0.0,1.33
48,0.0,0.0,1.33
49,0.0,0.0,1.33
50,0.0,0.0,1.33
51,0.0,0.0,1.33
52,0.0,0.0,1.33
53,0.0,0.0,1.33
54,0.0,0.0,1.33
55,0.0,0.0,1.33
56,0.0,0.0,1.33
57,0.0,0.0,1.33
58,0.0,0.0,1.33
59,0.0,0.0,1.33
60,0.0,0.0,1.33
61,0.0,0.0,1.33
62,0.0,0.0,1.33
63,0.0,0.0,1.33
64,0.0,0.0,1.33
65,0.0,0.0,1.33
66,0.0,0.0,1.33
67,0.0,0.0,1.33
68,0.0,0.0,1.33
69,0.0,0.0,1.33
70,0.0,0.0,1.33
71,0.0,0.0,1.33
72,0.0,0.0,1.33
73,0.0,0.0,0.0
74,0.0,0.0,0.0
75,0.0,0.0,0.0
76,0.0,0.0,0.0
77,0.0,0.0,0.0
78,0.0,0.0,0.0
79,0.0,0.0,0.0
80,0.0,0.0,0.0
81,0.0,0.0,0.0
82,0.0,0.0,0.0
83,0.0,0.0,0.0
84,0.0,0.0,0.0
85,0.0,0.0,0.0
86,0.0,0.0,0.0
87,0.0,0.0,0.0
88,0.0,0.0,0.0
89,0.0,0.0,0.0
90,0.0,0.0,0.0
91,0.0,0.0,0.0
92,0.0,0.0,0.0
93,0.0,0.0,0.0
94,0.0,0.0,0.0
95,0.0,0.0,0.0
96,0.0,0.0,0.0
97,0.0,0.0,1.33
98,0.0,0.0,1.33
99,0.0,0.0,1.33
100,0.0,0.0,1.33
101,0.0,0.0,1.33
102,0.0,0.0,1.33
103,0.0,0.0,1.33
104,0.0,0.0,1.33
105,0.0,0.0,1.33
106,0.0,0.0,1.33
107,0.0,0.0,1.33
108,0.0,0.0,1.33
109,0.0,0.0,1.33
110,0.0,0.0,1.33
111,0.0,0.0,1.33
112,0.0,0.0,1.33
113,0.0,0.0,1.33
114,0.0,0.0,1.33
115,0.0,0.0,1.33
116,0.0,0.0,1.33
117,0.0,0.0,1.33
118,0.0,0.0,1.33
119,0.0,0.0,1.33
120,0.0,0.0,1.33
121,0.0,0.0,0.0
122,0.0,0.0,0.0
123,0.0,0.0,0.0
124,0.0,0.0,0.0
125,0.0,0.0,0.0
126,0.0,0.0,0.0
127,0.0,0.0,0.0
128,0.0,0.0,0.0
129,0.0,0.0,0.0
130,0.0,0.0,0.0
131,0.0,0.0,0.0
132,0.0,0.0,0.0
133,0.0,0.0,0.0
134,0.0,0.0,0.0
135,0.0,0.0,0.0
136,0.0,0.0,0.0
137,0.0,0.0,0.0
138,0.0,0.0,0.0
139,0.0,0.0,0.0
140,0.0,0.0,0.0
141,0.0,0.0,0.0
142,0.0,0.0,0.0
143,0.0,0.0,0.0
144,0.0,0.0,0.0
145,0.0,0.0,1.33
146,0.0,0.0,1.33
147,0.0,0.0,1.33
148,0.0,0.0,1.33
149,0.0,0.0,1.33
150,0.0,0.0,1.33
151,0.0,0.0,1.33
152,0.0,0.0,1.33
153,0.0,0.0,1.33
154,0.0,0.0,1.33
155,0.0,0.0,1.33
156,0.0,0.0,1.33
157,0.0,0.0,1.33
158,0.0,0.0,1.33
159,0.0,0.0,1.33
160,0.0,0.0,1.33
161,0.0,0.0,1.33
162,0.0,0.0,1.33
163,0.0,0.0,1.33
164,0.0,0.0,1.33
165,0.0,0.0,1.33
166,0.0,0.0,1.33
167,0.0,0.0,1.33
168,0.0,0.0,1.33
169,0.0,0.0,1.33
170,0.0,0.0,1.33
171,0.0,0.0,1.33
172,0.0,0.0,1.33
173,0.0,0.0,1.33
174,0.0,0.0,1.33
175,0.0,0.0,1.33
176,0.0,0.0,1.33
177,0.0,0.0,1.33
178,0.0,0.0,1.33
179,0.0,0.0,1.33
180,0.0,0.0,1.33
181,0.0,0.0,1.33
182,0.0,0.0,1.33
183,0.0,0.0,1.33
184,0.0,0.0,1.33
185,0.0,0.0,1.33
186,0.0,0.0,1.33
187,0.0,0.0,1.33
188,0.0,0.0,1.33
189,0.0,0.0,1.33
190,0.0,0.0,1.33
191,0.0,0.0,1.33
192,0.0,0.0,1.33
REW_HYD_LG,2010,2015,2020
1,9.4,9.4,11.06
2,9.4,9.4,11.06
3,9.4,9.4,11.06
4,9.4,9.4,11.06
5,9.4,9.4,11.06
6,9.4,9.4,11.06
7,9.4,9.4,11.06
8,9.4,9.4,11.06
9,9.4,9.4,11.06
10,9.4,9.4,11.06
11,9.4,9.4,11.06
12,9.4,9.4,11.06
13,9.4,9.4,11.06
14,9.4,9.4,11.06
15,9.4,9.4,11.06
16,9.4,9.4,11.06
17,9.4,9.4,11.06
18,9.4,9.4,11.06
19,9.4,9.4,11.06
20,9.4,9.4,11.06
21,9.4,9.4,11.06
22,9.4,9.4,11.06
23,9.4,9.4,11.06
24,9.4,9.4,11.06
25,9.4,9.4,12.72
26,9.4,9.4,12.72
27,9.4,9.4,12.72
28,9.4,9.4,12.72
29,9.4,9.4,12.72
30,9.4,9.4,12.72
31,9.4,9.4,12.72
32,9.4,9.4,12.72
33,9.4,9.4,12.72
34,9.4,9.4,12.72
35,9.4,9.4,12.72
36,9.4,9.4,12.72
37,9.4,9.4,12.72
38,9.4,9.4,12.72
39,9.4,9.4,12.72
40,9.4,9.4,12.72
41,9.4,9.4,12.72
42,9.4,9.4,12.72
43,9.4,9.4,12.72
44,9.4,9.4,12.72
45,9.4,9.4,12.72
46,9.4,9.4,12.72
47,9.4,9.4,12.72
48,9.4,9.4,12.72
49,9.4,9.4,11.06
50,9.4,9.4,11.06
51,9.4,9.4,11.06
52,9.4,9.4,11.06
53,9.4,9.4,11.06
54,9.4,9.4,11.06
55,9.4,9.4,11.06
56,9.4,9.4,11.06
57,9.4,9.4,11.06
58,9.4,9.4,11.06
59,9.4,9.4,11.06
60,9.4,9.4,11.06
61,9.4,9.4,11.06
62,9.4,9.4,11.06
63,9.4,9.4,11.06
64,9.4,9.4,11.06
65,9.4,9.4,11.06
66,9.4,9.4,11.06
67,9.4,9.4,11.06
68,9.4,9.4,11.06
69,9.4,9.4,11.06
70,9.4,9.4,11.06
71,9.4,9.4,11.06
72,9.4,9.4,11.06
73,9.4,9.4,12.72
74,9.4,9.4,12.72
75,9.4,9.4,12.72
76,9.4,9.4,12.72
77,9.4,9.4,12.72
78,9.4,9.4,12.72
79,9.4,9.4,12.72
80,9.4,9.4,12.72
81,9.4,9.4,12.72
82,9.4,9.4,12.72
83,9.4,9.4,12.72
84,9.4,9.4,12.72
85,9.4,9.4,12.72
86,9.4,9.4,12.72
87,9.4,9.4,12.72
88,9.4,9.4,12.72
89,9.4,9.4,12.72
90,9.4,9.4,12.72
91,9.4,9.4,12.72
92,9.4,9.4,12.72
93,9.4,9.4,12.72
94,9.4,9.4,12.72
95,9.4,9.4,12.72
96,9.4,9.4,12.72
97,9.4,9.4,11.06
98,9.4,9.4,11.06
99,9.4,9.4,11.06
100,9.4,9.4,11.06
101,9.4,9.4,11.06
102,9.4,9.4,11.06
103,9.4,9.4,11.06
104,9.4,9.4,11.06
105,9.4,9.4,11.06
106,9.4,9.4,11.06
107,9.4,9.4,11.06
108,9.4,9.4,11.06
109,9.4,9.4,11.06
110,9.4,9.4,11.06
111,9.4,9.4,11.06
112,9.4,9.4,11.06
113,9.4,9.4,11.06
114,9.4,9.4,11.06
115,9.4,9.4,11.06
116,9.4,9.4,11.06
117,9.4,9.4,11.06
118,9.4,9.4,11.06
119,9.4,9.4,11.06
120,9.4,9.4,11.06
121,9.4,9.4,12.72
122,9.4,9.4,12.72
123,9.4,9.4,12.72
124,9.4,9.4,12.72
125,9.4,9.4,12.72
126,9.4,9.4,12.72
127,9.4,9.4,12.72
128,9.4,9.4,12.72
129,9.4,9.4,12.72
130,9.4,9.4,12.72
131,9.4,9.4,12.72
132,9.4,9.4,12.72
133,9.4,9.4,12.72
134,9.4,9.4,12.72
135,9.4,9.4,12.72
136,9.4,9.4,12.72
137,9.4,9.4,12.72
138,9.4,9.4,12.72
139,9.4,9.4,12.72
140,9.4,9.4,12.72
141,9.4,9.4,12.72
142,9.4,9.4,12.72
143,9.4,9.4,12.72
144,9.4,9.4,12.72
145,9.4,9.4,11.06
146,9.4,9.4,11.06
147,9.4,9.4,11.06
148,9.4,9.4,11.06
149,9.4,9.4,11.06
150,9.4,9.4,11.06
151,9.4,9.4,11.06
152,9.4,9.4,11.06
153,9.4,9.4,11.06
154,9.4,9.4,11.06
155,9.4,9.4,11.06
156,9.4,9.4,11.06
157,9.4,9.4,11.06
158,9.4,9.4,11.06
159,9.4,9.4,11.06
160,9.4,9.4,11.06
161,9.4,9.4,11.06
162,9.4,9.4,11.06
163,9.4,9.4,11.06
164,9.4,9.4,11.06
165,9.4,9.4,11.06
166,9.4,9.4,11.06
167,9.4,9.4,11.06
168,9.4,9.4,11.06
169,9.4,9.4,12.72
170,9.4,9.4,12.72
171,9.4,9.4,12.72
172,9.4,9.4,12.72
173,9.4,9.4,12.72
174,9.4,9.4,12.72
175,9.4,9.4,12.72
176,9.4,9.4,12.72
177,9.4,9.4,12.72
178,9.4,9.4,12.72
179,9.4,9.4,12.72
180,9.4,9.4,12.72
181,9.4,9.4,12.72
182,9.4,9.4,12.72
183,9.4,9.4,12.72
184,9.4,9.4,12.72
185,9.4,9.4,12.72
186,9.4,9.4,12.72
187,9.4,9.4,12.72
188,9.4,9.4,12.72
189,9.4,9.4,12.72
190,9.4,9.4,12.72
191,9.4,9.4,12.72
192,9.4,9.4,12.72
REW_HYD_PS,2010,2015,2020
1,9.5,9.5,9.5
2,9.5,9.5,9.5
3,9.5,9.5,9.5
4,9.5,9.5,9.5
5,9.5,9.5,9.5
6,9.5,9.5,9.5
7,9.5,9.5,9.5
8,9.5,9.5,9.5
9,9.5,9.5,9.5
10,9.5,9.5,9.5
11,9.5,9.5,9.5
12,9.5,9.5,9.5
13,9.5,9.5,9.5
14,9.5,9.5,9.5
15,9.5,9.5,9.5
16,9.5,9.5,9.5
17,9.5,9.5,9.5
18,9.5,9.5,9.5
19,9.5,9.5,9.5
20,9.5,9.5,9.5
21,9.5,9.5,9.5
22,9.5,9.5,9.5
23,9.5,9.5,9.5
24,9.5,9.5,9.5
25,9.5,14.25,9.5
26,9.5,14.25,9.5
27,9.5,14.25,9.5
28,9.5,14.25,9.5
29,9.5,14.25,9.5
30,9.5,14.25,9.5
31,9.5,14.25,9.5
32,9.5,14.25,9.5
33,9.5,14.25,9.5
34,9.5,14.25,9.5
35,9.5,14.25,9.5
36,9.5,14.25,9.5
37,9.5,14.25,9.5
38,9.5,14.25,9.5
39,9.5,14.25,9.5
40,9.5,14.25,9.5
41,9.5,14.25,9.5
42,9.5,14.25,9.5
43,9.5,14.25,9.5
44,9.5,14.25,9.5
45,9.5,14.25,9.5
46,9.5,14.25,9.5
47,9.5,14.25,9.5
48,9.5,14.25,9.5
49,9.5,4.75,9.5
50,9.5,4.75,9.5
51,9.5,4.75,9.5
52,9.5,4.75,9.5
53,9.5,4.75,9.5
54,9.5,4.75,9.5
55,9.5,4.75,9.5
56,9.5,4.75,9.5
57,9.5,4.75,9.5
58,9.5,4.75,9.5
59,9.5,4.75,9.5
60,9.5,4.75,9.5
61,9.5,4.75,9.5
62,9.5,4.75,9.5
63,9.5,4.75,9.5
64,9.5,4.75,9.5
65,9.5,4.75,9.5
66,9.5,4.75,9.5
67,9.5,4.75,9.5
68,9.5,4.75,9.5
69,9.5,4.75,9.5
70,9.5,4.75,9.5
71,9.5,4.75,9.5
72,9.5,4.75,9.5
73,9.5,19.0,14.25
74,9.5,19.0,14.25
75,9.5,19.0,14.25
76,9.5,19.0,14.25
77,9.5,19.0,14.25
78,9.5,19.0,14.25
79,9.5,19.0,14.25
80,9.5,19.0,14.25
81,9.5,19.0,14.25
82,9.5,19.0,14.25
83,9.5,19.0,14.25
84,9.5,19.0,14.25
85,9.5,19.0,14.25
86,9.5,19.0,14.25
87,9.5,19.0,14.25
88,9.5,19.0,14.25
89,9.5,19.0,14.25
90,9.5,19.0,14.25
91,9.5,19.0,14.25
92,9.5,19.0,14.25
93,9.5,19.0,14.25
94,9.5,19.0,14.25
95,9.5,19.0,14.25
96,9.5,19.0,14.25
97,9.5,9.5,4.75
98,9.5,9.5,4.75
99,9.5,9.5,4.75
100,9.5,9.5,4.75
101,9.5,9.5,4.75
102,9.5,9.5,4.75
103,9.5,9.5,4.75
104,9.5,9.5,4.75
105,9.5,9.5,4.75
106,9.5,9.5,4.75
107,9.5,9.5,4.75
108,9.5,9.5,4.75
109,9.5,9.5,4.75
110,9.5,9.5,4.75
111,9.5,9.5,4.75
112,9.5,9.5,4.75
113,9.5,9.5,4.75
114,9.5,9.5,4.75
115,9.5,9.5,4.75
116,9.5,9.5,4.75
117,9.5,9.5,4.75
118,9.5,9.5,4.75
119,9.5,9.5,4.75
120,9.5,9.5,4.75
121,9.5,19.0,14.25
122,9.5,19.0,14.25
123,9.5,19.0,14.25
124,9.5,19.0,14.25
125,9.5,19.0,14.25
126,9.5,19.0,14.25
127,9.5,19.0,14.25
128,9.5,19.0,14.25
129,9.5,19.0,14.25
130,9.5,19.0,14.25
131,9.5,19.0,14.25
132,9.5,19.0,14.25
133,9.5,19.0,14.25
134,9.5,19.0,14.25
135,9.5,19.0,14.25
136,9.5,19.0,14.25
137,9.5,19.0,14.25
138,9.5,19.0,14.25
139,9.5,19.0,14.25
140,9.5,19.0,14.25
141,9.5,19.0,14.25
142,9.5,19.0,14.25
143,9.5,19.0,14.25
144,9.5,19.0,14.25
145,9.5,9.5,9.5
146,9.5,9.5,9.5
147,9.5,9.5,9.5
148,9.5,9.5,9.5
149,9.5,9.5,9.5
150,9.5,9.5,9.5
151,9.5,9.5,9.5
152,9.5,9.5,9.5
153,9.5,9.5,9.5
154,9.5,9.5,9.5
155,9.5,9.5,9.5
156,9.5,9.5,9.5
157,9.5,9.5,9.5
158,9.5,9.5,9.5
159,9.5,9.5,9.5
160,9.5,9.5,9.5
161,9.5,9.5,9.5
162,9.5,9.5,9.5
163,9.5,9.5,9.5
164,9.5,9.5,9.5
165,9.5,9.5,9.5
166,9.5,9.5,9.5
167,9.5,9.5,9.5
168,9.5,9.5,9.5
169,9.5,14.25,14.25
170,9.5,14.25,14.25
171,9.5,14.25,14.25
172,9.5,14.25,14.25
173,9.5,14.25,14.25
174,9.5,14.25,14.25
175,9.5,14.25,14.25
176,9.5,14.25,14.25
177,9.5,14.25,14.25
178,9.5,14.25,14.25
179,9.5,14.25,14.25
180,9.5,14.25,14.25
181,9.5,14.25,14.25
182,9.5,14.25,14.25
183,9.5,14.25,14.25
184,9.5,14.25,14.25
185,9.5,14.25,14.25
186,9.5,14.25,14.25
187,9.5,14.25,14.25
188,9.5,14.25,14.25
189,9.5,14.25,14.25
190,9.5,14.25,14.25
191,9.5,14.25,14.25
192,9.5,14.25,14.25
REW_WND_ON_2530,2010,2015,2020
1,0.0,0.0,0.0
2,0.0,0.0,0.0
3,0.0,0.0,0.0
4,0.0,0.0,0.0
5,0.0,0.0,0.0
6,0.0,0.0,0.0
7,0.0,0.0,0.0
8,0.0,0.0,0.0
9,0.0,0.0,0.0
10,0.0,0.0,0.0
11,0.0,0.0,0.0
12,0.0,0.0,0.0
13,0.0,0.0,0.0
14,0.0,0.0,0.0
15,0.0,0.0,0.0
16,0.0,0.0,0.0
17,0.0,0.0,0.0
18,0.0,0.0,0.0
19,0.0,0.0,0.0
20,0.0,0.0,0.0
21,0.0,0.0,0.0
22,0.0,0.0,0.0
23,0.0,0.0,0.0
24,0.0,0.0,0.0
25,0.0,0.0,0.0
26,0.0,0.0,0.0
27,0.0,0.0,0.0
28,0.0,0.0,0.0
29,0.0,0.0,0.0
30,0.0,0.0,0.0
31,0.0,0.0,0.0
32,0.0,0.0,0.0
33,0.0,0.0,0.0
34,0.0,0.0,0.0
35,0.0,0.0,0.0
36,0.0,0.0,0.0
37,0.0,0.0,0.0
38,0.0,0.0,0.0
39,0.0,0.0,0.0
40,0.0,0.0,0.0
41,0.0,0.0,0.0
42,0.0,0.0,0.0
43,0.0,0.0,0.0
44,0.0,0.0,0.0
45,0.0,0.0,0.0
46,0.0,0.0,0.0
47,0.0,0.0,0.0
48,0.0,0.0,0.0
49,0.0,0.0,0.0
50,0.0,0.0,0.0
51,0.0,0.0,0.0
52,0.0,0.0,0.0
53,0.0,0.0,0.0
54,0.0,0.0,0.0
55,0.0,0.0,0.0
56,0.0,0.0,0.0
57,0.0,0.0,0.0
58,0.0,0.0,0.0
59,0.0,0.0,0.0
60,0.0,0.0,0.0
61,0.0,0.0,0.0
62,0.0,0.0,0.0
63,0.0,0.0,0.0
64,0.0,0.0,0.0
65,0.0,0.0,0.0
66,0.0,0.0,0.0
67,0.0,0.0,0.0
68,0.0,0.0,0.0
69,0.0,0.0,0.0
70,0.0,0.0,0.0
71,0.0,0.0,0.0
72,0.0,0.0,0.0
73,0.0,0.0,0.0
74,0.0,0.0,0.0
75,0.0,0.0,0.0
76,0.0,0.0,0.0
77,0.0,0.0,0.0
78,0.0,0.0,0.0
79,0.0,0.0,0.0
80,0.0,0.0,0.0
81,0.0,0.0,0.0
82,0.0,0.0,0.0
83,0.0,0.0,0.0
84,0.0,0.0,0.0
85,0.0,0.0,0.0
86,0.0,0.0,0.0
87,0.0,0.0,0.0
88,0.0,0.0,0.0
89,0.0,0.0,0.0
90,0.0,0.0,0.0
91,0.0,0.0,0.0
92,0.0,0.0,0.0
93,0.0,0.0,0.0
94,0.0,0.0,0.0
95,0.0,0.0,0.0
96,0.0,0.0,0.0
97,0.0,0.0,0.0
98,0.0,0.0,0.0
99,0.0,0.0,0.0
100,0.0,0.0,0.0
101,0.0,0.0,0.0
102,0.0,0.0,0.0
103,0.0,0.0,0.0
104,0.0,0.0,0.0
105,0.0,0.0,0.0
106,0.0,0.0,0.0
107,0.0,0.0,0.0
108,0.0,0.0,0.0
109,0.0,0.0,0.0
110,0.0,0.0,0.0
111,0.0,0.0,0.0
112,0.0,0.0,0.0
113,0.0,0.0,0.0
114,0.0,0.0,0.0
115,0.0,0.0,0.0
116,0.0,0.0,0.0
117,0.0,0.0,0.0
118,0.0,0.0,0.0
119,0.0,0.0,0.0
120,0.0,0.0,0.0
121,0.0,0.0,0.0
122,0.0,0.0,0.0
123,0.0,0.0,0.0
124,0.0,0.0,0.0
125,0.0,0.0,0.0
126,0.0,0.0,0.0
127,0.0,0.0,0.0
128,0.0,0.0,0.0
129,0.0,0.0,0.0
130,0.0,0.0,0.0
131,0.0,0.0,0.0
132,0.0,0.0,0.0
133,0.0,0.0,0.0
134,0.0,0.0,0.0
135,0.0,0.0,0.0
136,0.0,0.0,0.0
137,0.0,0.0,0.0
138,0.0,0.0,0.0
139,0.0,0.0,0.0
140,0.0,0.0,0.0
141,0.0,0.0,0.0
142,0.0,0.0,0.0
143,0.0,0.0,0.0
144,0.0,0.0,0.0
145,0.0,0.0,0.0
146,0.0,0.0,0.0
147,0.0,0.0,0.0
148,0.0,0.0,0.0
149,0.0,0.0,0.0
150,0.0,0.0,0.0
151,0.0,0.0,0.0
152,0.0,0.0,0.0
153,0.0,0.0,0.0
154,0.0,0.0,0.0
155,0.0,0.0,0.0
156,0.0,0.0,0.0
157,0.0,0.0,0.0
158,0.0,0.0,0.0
159,0.0,0.0,0.0
160,0.0,0.0,0.0
161,0.0,0.0,0.0
162,0.0,0.0,0.0
163,0.0,0.0,0.0
164,0.0,0.0,0.0
165,0.0,0.0,0.0
166,0.0,0.0,0.0
167,0.0,0.0,0.0
168,0.0,0.0,0.0
169,0.0,0.0,0.0
170,0.0,0.0,0.0
171,0.0,0.0,0.0
172,0.0,0.0,0.0
173,0.0,0.0,0.0
174,0.0,0.0,0.0
175,0.0,0.0,0.0
176,0.0,0.0,0.0
177,0.0,0.0,0.0
178,0.0,0.0,0.0
179,0.0,0.0,0.0
180,0.0,0.0,0.0
181,0.0,0.0,0.0
182,0.0,0.0,0.0
183,0.0,0.0,0.0
184,0.0,0.0,0.0
185,0.0,0.0,0.0
186,0.0,0.0,0.0
187,0.0,0.0,0.0
188,0.0,0.0,0.0
189,0.0,0.0,0.0
190,0.0,0.0,0.0
191,0.0,0.0,0.0
192,0.0,0.0,0.0
REW_WND_ON_3035,2010,2015,2020
1,0.0,0.0,0.0
2,0.0,0.0,0.0
3,0.0,0.0,0.0
4,0.0,0.0,0.0
5,0.0,0.0,0.0
6,0.0,0.0,0.0
7,0.0,0.0,0.0
8,0.0,0.0,0.0
9,0.0,0.0,0.0
10,0.0,0.0,0.0
11,0.0,0.0,0.0
12,0.0,0.0,0.0
13,0.0,0.0,0.0
14,0.0,0.0,0.0
15,0.0,0.0,0.0
16,0.0,0.0,0.0
17,0.0,0.0,0.0
18,0.0,0.0,0.0
19,0.0,0.0,0.0
20,0.0,0.0,0.0
21,0.0,0.0,0.0
22,0.0,0.0,0.0
23,0.0,0.0,0.0
24,0.0,0.0,0.0
25,0.0,0.0,0.0
26,0.0,0.0,0.0
27,0.0,0.0,0.0
28,0.0,0.0,0.0
29,0.0,0.0,0.0
30,0.0,0.0,0.0
31,0.0,0.0,0.0
32,0.0,0.0,0.0
33,0.0,0.0,0.0
34,0.0,0.0,0.0
35,0.0,0.0,0.0
36,0.0,0.0,0.0
37,0.0,0.0,0.0
38,0.0,0.0,0.0
39,0.0,0.0,0.0
40,0.0,0.0,0.0
41,0.0,0.0,0.0
42,0.0,0.0,0.0
43,0.0,0.0,0.0
44,0.0,0.0,0.0
45,0.0,0.0,0.0
46,0.0,0.0,0.0
47,0.0,0.0,0.0
48,0.0,0.0,0.0
49,0.0,0.0,0.0
50,0.0,0.0,0.0
51,0.0,0.0,0.0
52,0.0,0.0,0.0
53,0.0,0.0,0.0
54,0.0,0.0,0.0
55,0.0,0.0,0.0
56,0.0,0.0,0.0
57,0.0,0.0,0.0
58,0.0,0.0,0.0
59,0.0,0.0,0.0
60,0.0,0.0,0.0
61,0.0,0.0,0.0
62,0.0,0.0,0.0
63,0.0,0.0,0.0
64,0.0,0.0,0.0
65,0.0,0.0,0.0
66,0.0,0.0,0.0
67,0.0,0.0,0.0
68,0.0,0.0,0.0
69,0.0,0.0,0.0
70,0.0,0.0,0.0
71,0.0,0.0,0.0
72,0.0,0.0,0.0
73,0.0,0.0,0.0
74,0.0,0.0,0.0
75,0.0,0.0,0.0
76,0.0,0.0,0.0
77,0.0,0.0,0.0
78,0.0,0.0,0.0
79,0.0,0.0,0.0
80,0.0,0.0,0.0
81,0.0,0.0,0.0
82,0.0,0.0,0.0
83,0.0,0.0,0.0
84,0.0,0.0,0.0
85,0.0,0.0,0.0
86,0.0,0.0,0.0
87,0.0,0.0,0.0
88,0.0,0.0,0.0
89,0.0,0.0,0.0
90,0.0,0.0,0.0
91,0.0,0.0,0.0
92,0.0,0.0,0.0
93,0.0,0.0,0.0
94,0.0,0.0,0.0
95,0.0,0.0,0.0
96,0.0,0.0,0.0
97,0.0,0.0,0.0
98,0.0,0.0,0.0
99,0.0,0.0,0.0
100,0.0,0.0,0.0
101,0.0,0.0,0.0
102,0.0,0.0,0.0
103,0.0,0.0,0.0
104,0.0,0.0,0.0
105,0.0,0.0,0.0
106,0.0,0.0,0.0
107,0.0,0.0,0.0
108,0.0,0.0,0.0
109,0.0,0.0,0.0
110,0.0,0.0,0.0
111,0.0,0.0,0.0
112,0.0,0.0,0.0
113,0.0,0.0,0.0
114,0.0,0.0,0.0
115,0.0,0.0,0.0
116,0.0,0.0,0.0
117,0.0,0.0,0.0
118,0.0,0.0,0.0
119,0.0,0.0,0.0
120,0.0,0.0,0.0
121,0.0,0.0,0.0
122,0.0,0.0,0.0
123,0.0,0.0,0.0
124,0.0,0.0,0.0
125,0.0,0.0,0.0
126,0.0,0.0,0.0
127,0.0,0.0,0.0
128,0.0,0.0,0.0
129,0.0,0.0,0.0
130,0.0,0.0,0.0
131,0.0,0.0,0.0
132,0.0,0.0,0.0
133,0.0,0.0,0.0
134,0.0,0.0,0.0
135,0.0,0.0,0.0
136,0.0,0.0,0.0
137,0.0,0.0,0.0
138,0.0,0.0,0.0
139,0.0,0.0,0.0
140,0.0,0.0,0.0
141,0.0,0.0,0.0
142,0.0,0.0,0.0
143,0.0,0.0,0.0
144,0.0,0.0,0.0
145,0.0,0.0,0.0
146,0.0,0.0,0.0
147,0.0,0.0,0.0
148,0.0,0.0,0.0
149,0.0,0.0,0.0
150,0.0,0.0,0.0
151,0.0,0.0,0.0
152,0.0,0.0,0.0
153,0.0,0.0,0.0
154,0.0,0.0,0.0
155,0.0,0.0,0.0
156,0.0,0.0,0.0
157,0.0,0.0,0.0
158,0.0,0.0,0.0
159,0.0,0.0,0.0
160,0.0,0.0,0.0
161,0.0,0.0,0.0
162,0.0,0.0,0.0
163,0.0,0.0,0.0
164,0.0,0.0,0.0
165,0.0,0.0,0.0
166,0.0,0.0,0.0
167,0.0,0.0,0.0
168,0.0,0.0,0.0
169,0.0,0.0,0.0
170,0.0,0.0,0.0
171,0.0,0.0,0.0
172,0.0,0.0,0.0
173,0.0,0.0,0.0
174,0.0,0.0,0.0
175,0.0,0.0,0.0
176,0.0,0.0,0.0
177,0.0,0.0,0.0
178,0.0,0.0,0.0
179,0.0,0.0,0.0
180,0.0,0.0,0.0
181,0.0,0.0,0.0
182,0.0,0.0,0.0
183,0.0,0.0,0.0
184,0.0,0.0,0.0
185,0.0,0.0,0.0
186,0.0,0.0,0.0
187,0.0,0.0,0.0
188,0.0,0.0,0.0
189,0.0,0.0,0.0
190,0.0,0.0,0.0
191,0.0,0.0,0.0
192,0.0,0.0,0.0
REW_WND_ON_3540,2010,2015,2020
1,0.0,0.0,0.0
2,0.0,0.0,0.0
3,0.0,0.0,0.0
4,0.0,0.0,0.0
5,0.0,0.0,0.0
6,0.0,0.0,0.0
7,0.0,0.0,0.0
8,0.0,0.0,0.0
9,0.0,0.0,0.0
10,0.0,0.0,0.0
11,0.0,0.0,0.0
12,0.0,0.0,0.0
13,0.0,0.0,0.0
14,0.0,0.0,0.0
15,0.0,0.0,0.0
16,0.0,0.0,0.0
17,0.0,0.0,0.0
18,0.0,0.0,0.0
19,0.0,0.0,0.0
20,0.0,0.0,0.0
21,0.0,0.0,0.0
22,0.0,0.0,0.0
23,0.0,0.0,0.0
24,0.0,0.0,0.0
25,0.0,0.0,0.0
26,0.0,0.0,0.0
27,0.0,0.0,0.0
28,0.0,0.0,0.0
29,0.0,0.0,0.0
30,0.0,0.0,0.0
31,0.0,0.0,0.0
32,0.0,0.0,0.0
33,0.0,0.0,0.0
34,0.0,0.0,0.0
35,0.0,0.0,0.0
36,0.0,0.0,0.0
37,0.0,0.0,0.0
38,0.0,0.0,0.0
39,0.0,0.0,0.0
40,0.0,0.0,0.0
41,0.0,0.0,0.0
42,0.0,0.0,0.0
43,0.0,0.0,0.0
44,0.0,0.0,0.0
45,0.0,0.0,0.0
46,0.0,0.0,0.0
47,0.0,0.0,0.0
48,0.0,0.0,0.0
49,0.0,0.0,0.0
50,0.0,0.0,0.0
51,0.0,0.0,0.0
52,0.0,0.0,0.0
53,0.0,0.0,0.0
54,0.0,0.0,0.0
55,0.0,0.0,0.0
56,0.0,0.0,0.0
57,0.0,0.0,0.0
58,0.0,0.0,0.0
59,0.0,0.0,0.0
60,0.0,0.0,0.0
61,0.0,0.0,0.0
62,0.0,0.0,0.0
63,0.0,0.0,0.0
64,0.0,0.0,0.0
65,0.0,0.0,0.0
66,0.0,0.0,0.0
67,0.0,0.0,0.0
68,0.0,0.0,0.0
69,0.0,0.0,0.0
70,0.0,0.0,0.0
71,0.0,0.0,0.0
72,0.0,0.0,0.0
73,0.0,0.0,0.0
74,0.0,0.0,0.0
75,0.0,0.0,0.0
76,0.0,0.0,0.0
77,0.0,0.0,0.0
78,0.0,0.0,0.0
79,0.0,0.0,0.0
80,0.0,0.0,0.0
81,0.0,0.0,0.0
82,0.0,0.0,0.0
83,0.0,0.0,0.0
84,0.0,0.0,0.0
85,0.0,0.0,0.0
86,0.0,0.0,0.0
87,0.0,0.0,0.0
88,0.0,0.0,0.0
89,0.0,0.0,0.0
90,0.0,0.0,0.0
91,0.0,0.0,0.0
92,0.0,0.0,0.0
93,0.0,0.0,0.0
94,0.0,0.0,0.0
95,0.0,0.0,0.0
96,0.0,0.0,0.0
97,0.0,0.0,0.0
98,0.0,0.0,0.0
99,0.0,0.0,0.0
100,0.0,0.0,0.0
101,0.0,0.0,0.0
102,0.0,0.0,0.0
103,0.0,0.0,0.0
104,0.0,0.0,0.0
105,0.0,0.0,0.0
106,0.0,0.0,0.0
107,0.0,0.0,0.0
108,0.0,0.0,0.0
109,0.0,0.0,0.0
110,0.0,0.0,0.0
111,0.0,0.0,0.0
112,0.0,0.0,0.0
113,0.0,0.0,0.0
114,0.0,0.0,0.0
115,0.0,0.0,0.0
116,0.0,0.0,0.0
117,0.0,0.0,0.0
118,0.0,0.0,0.0
119,0.0,0.0,0.0
120,0.0,0.0,0.0
121,0.0,0.0,0.0
122,0.0,0.0,0.0
123,0.0,0.0,0.0
124,0.0,0.0,0.0
125,0.0,0.0,0.0
126,0.0,0.0,0.0
127,0.0,0.0,0.0
128,0.0,0.0,0.0
129,0.0,0.0,0.0
130,0.0,0.0,0.0
131,0.0,0.0,0.0
132,0.0,0.0,0.0
133,0.0,0.0,0.0
134,0.0,0.0,0.0
135,0.0,0.0,0.0
136,0.0,0.0,0.0
137,0.0,0.0,0.0
138,0.0,0.0,0.0
139,0.0,0.0,0.0
140,0.0,0.0,0.0
141,0.0,0.0,0.0
142,0.0,0.0,0.0
143,0.0,0.0,0.0
144,0.0,0.0,0.0
145,0.0,0.0,0.0
146,0.0,0.0,0.0
147,0.0,0.0,0.0
148,0.0,0.0,0.0
149,0.0,0.0,0.0
150,0.0,0.0,0.0
151,0.0,0.0,0.0
152,0.0,0.0,0.0
153,0.0,0.0,0.0
154,0.0,0.0,0.0
155,0.0,0.0,0.0
156,0.0,0.0,0.0
157,0.0,0.0,0.0
158,0.0,0.0,0.0
159,0.0,0.0,0.0
160,0.0,0.0,0.0
161,0.0,0.0,0.0
162,0.0,0.0,0.0
163,0.0,0.0,0.0
164,0.0,0.0,0.0
165,0.0,0.0,0.0
166,0.0,0.0,0.0
167,0.0,0.0,0.0
168,0.0,0.0,0.0
169,0.0,0.0,0.0
170,0.0,0.0,0.0
171,0.0,0.0,0.0
172,0.0,0.0,0.0
173,0.0,0.0,0.0
174,0.0,0.0,0.0
175,0.0,0.0,0.0
176,0.0,0.0,0.0
177,0.0,0.0,0.0
178,0.0,0.0,0.0
179,0.0,0.0,0.0
180,0.0,0.0,0.0
181,0.0,0.0,0.0
182,0.0,0.0,0.0
183,0.0,0.0,0.0
184,0.0,0.0,0.0
185,0.0,0.0,0.0
186,0.0,0.0,0.0
187,0.0,0.0,0.0
188,0.0,0.0,0.0
189,0.0,0.0,0.0
190,0.0,0.0,0.0
191,0.0,0.0,0.0
192,0.0,0.0,0.0
REW_WND_ON_40UP,2010,2015,2020
1,0.0,0.0,0.0
2,0.0,0.0,0.0
3,0.0,0.0,0.0
4,0.0,0.0,0.0
5,0.0,0.0,0.0
6,0.0,0.0,0.0
7,0.0,0.0,0.0
8,0.0,0.0,0.0
9,0.0,0.0,0.0
10,0.0,0.0,0.0
11,0.0,0.0,0.0
12,0.0,0.0,0.0
13,0.0,0.0,0.0
14,0.0,0.0,0.0
15,0.0,0.0,0.0
16,0.0,0.0,0.0
17,0.0,0.0,0.0
18,0.0,0.0,0.0
19,0.0,0.0,0.0
20,0.0,0.0,0.0
21,0.0,0.0,0.0
22,0.0,0.0,0.0
23,0.0,0.0,0.0
24,0.0,0.0,0.0
25,0.0,0.0,0.0
26,0.0,0.0,0.0
27,0.0,0.0,0.0
28,0.0,0.0,0.0
29,0.0,0.0,0.0
30,0.0,0.0,0.0
31,0.0,0.0,0.0
32,0.0,0.0,0.0
33,0.0,0.0,0.0
34,0.0,0.0,0.0
35,0.0,0.0,0.0
36,0.0,0.0,0.0
37,0.0,0.0,0.0
38,0.0,0.0,0.0
39,0.0,0.0,0.0
40,0.0,0.0,0.0
41,0.0,0.0,0.0
42,0.0,0.0,0.0
43,0.0,0.0,0.0
44,0.0,0.0,0.0
45,0.0,0.0,0.0
46,0.0,0.0,0.0
47,0.0,0.0,0.0
48,0.0,0.0,0.0
49,0.0,0.0,0.0
50,0.0,0.0,0.0
51,0.0,0.0,0.0
52,0.0,0.0,0.0
53,0.0,0.0,0.0
54,0.0,0.0,0.0
55,0.0,0.0,0.0
56,0.0,0.0,0.0
57,0.0,0.0,0.0
58,0.0,0.0,0.0
59,0.0,0.0,0.0
60,0.0,0.0,0.0
61,0.0,0.0,0.0
62,0.0,0.0,0.0
63,0.0,0.0,0.0
64,0.0,0.0,0.0
65,0.0,0.0,0.0
66,0.0,0.0,0.0
67,0.0,0.0,0.0
68,0.0,0.0,0.0
69,0.0,0.0,0.0
70,0.0,0.0,0.0
71,0.0,0.0,0.0
72,0.0,0.0,0.0
73,0.0,0.0,0.0
74,0.0,0.0,0.0
75,0.0,0.0,0.0
76,0.0,0.0,0.0
77,0.0,0.0,0.0
78,0.0,0.0,0.0
79,0.0,0.0,0.0
80,0.0,0.0,0.0
81,0.0,0.0,0.0
82,0.0,0.0,0.0
83,0.0,0.0,0.0
84,0.0,0.0,0.0
85,0.0,0.0,0.0
86,0.0,0.0,0.0
87,0.0,0.0,0.0
88,0.0,0.0,0.0
89,0.0,0.0,0.0
90,0.0,0.0,0.0
91,0.0,0.0,0.0
92,0.0,0.0,0.0
93,0.0,0.0,0.0
94,0.0,0.0,0.0
95,0.0,0.0,0.0
96,0.0,0.0,0.0
97,0.0,0.0,0.0
98,0.0,0.0,0.0
99,0.0,0.0,0.0
100,0.0,0.0,0.0
101,0.0,0.0,0.0
102,0.0,0.0,0.0
103,0.0,0.0,0.0
104,0.0,0.0,0.0
105,0.0,0.0,0.0
106,0.0,0.0,0.0
107,0.0,0.0,0.0
108,0.0,0.0,0.0
109,0.0,0.0,0.0
110,0.0,0.0,0.0
111,0.0,0.0,0.0
112,0.0,0.0,0.0
113,0.0,0.0,0.0
114,0.0,0.0,0.0
115,0.0,0.0,0.0
116,0.0,0.0,0.0
117,0.0,0.0,0.0
118,0.0,0.0,0.0
119,0.0,0.0,0.0
120,0.0,0.0,0.0
121,0.0,0.0,0.0
122,0.0,0.0,0.0
123,0.0,0.0,0.0
124,0.0,0.0,0.0
125,0.0,0.0,0.0
126,0.0,0.0,0.0
127,0.0,0.0,0.0
128,0.0,0.0,0.0
129,0.0,0.0,0.0
130,0.0,0.0,0.0
131,0.0,0.0,0.0
132,0.0,0.0,0.0
133,0.0,0.0,0.0
134,0.0,0.0,0.0
135,0.0,0.0,0.0
136,0.0,0.0,0.0
137,0.0,0.0,0.0
138,0.0,0.0,0.0
139,0.0,0.0,0.0
140,0.0,0.0,0.0
141,0.0,0.0,0.0
142,0.0,0.0,0.0
143,0.0,0.0,0.0
144,0.0,0.0,0.0
145,0.0,0.0,0.0
146,0.0,0.0,0.0
147,0.0,0.0,0.0
148,0.0,0.0,0.0
149,0.0,0.0,0.0
150,0.0,0.0,0.0
151,0.0,0.0,0.0
152,0.0,0.0,0.0
153,0.0,0.0,0.0
154,0.0,0.0,0.0
155,0.0,0.0,0.0
156,0.0,0.0,0.0
157,0.0,0.0,0.0
158,0.0,0.0,0.0
159,0.0,0.0,0.0
160,0.0,0.0,0.0
161,0.0,0.0,0.0
162,0.0,0.0,0.0
163,0.0,0.0,0.0
164,0.0,0.0,0.0
165,0.0,0.0,0.0
166,0.0,0.0,0.0
167,0.0,0.0,0.0
168,0.0,0.0,0.0
169,0.0,0.0,0.0
170,0.0,0.0,0.0
171,0.0,0.0,0.0
172,0.0,0.0,0.0
173,0.0,0.0,0.0
174,0.0,0.0,0.0
175,0.0,0.0,0.0
176,0.0,0.0,0.0
177,0.0,0.0,0.0
178,0.0,0.0,0.0
179,0.0,0.0,0.0
180,0.0,0.0,0.0
181,0.0,0.0,0.0
182,0.0,0.0,0.0
183,0.0,0.0,0.0
184,0.0,0.0,0.0
185,0.0,0.0,0.0
186,0.0,0.0,0.0
187,0.0,0.0,0.0
188,0.0,0.0,0.0
189,0.0,0.0,0.0
190,0.0,0.0,0.0
191,0.0,0.0,0.0
192,0.0,0.0,0.0
REW_PV_UTI,2010,2015,2020
1,0.0,0.0,0.0
2,0.0,0.0,0.0
3,0.0,0.0,0.0
4,0.0,0.0,0.0
5,0.0,0.0,0.0
6,0.0,0.0,0.0
7,0.0,0.0,0.0
8,0.0,0.0,0.0
9,0.0,0.0,0.0
10,0.0,0.0,0.0
11,0.0,0.0,0.0
12,0.0,0.0,0.0
13,0.0,0.0,0.0
14,0.0,0.0,0.0
15,0.0,0.0,0.0
16,0.0,0.0,0.0
17,0.0,0.0,0.0
18,0.0,0.0,0.0
19,0.0,0.0,0.0
20,0.0,0.0,0.0
21,0.0,0.0,0.0
22,0.0,0.0,0.0
23,0.0,0.0,0.0
24,0.0,0.0,0.0
25,0.0,0.0,0.0
26,0.0,0.0,0.0
27,0.0,0.0,0.0
28,0.0,0.0,0.0
29,0.0,0.0,0.0
30,0.0,0.0,0.0
31,0.0,0.0,0.0
32,0.0,0.0,0.0
33,0.0,0.0,0.0
34,0.0,0.0,0.0
35,0.0,0.0,0.0
36,0.0,0.0,0.0
37,0.0,0.0,0.0
38,0.0,0.0,0.0
39,0.0,0.0,0.0
40,0.0,0.0,0.0
41,0.0,0.0,0.0
42,0.0,0.0,0.0
43,0.0,0.0,0.0
44,0.0,0.0,0.0
45,0.0,0.0,0.0
46,0.0,0.0,0.0
47,0.0,0.0,0.0
48,0.0,0.0,0.0
49,0.0,0.0,0.0
50,0.0,0.0,0.0
51,0.0,0.0,0.0
52,0.0,0.0,0.0
53,0.0,0.0,0.0
54,0.0,0.0,0.0
55,0.0,0.0,0.0
56,0.0,0.0,0.0
57,0.0,0.0,0.0
58,0.0,0.0,0.0
59,0.0,0.0,0.0
60,0.0,0.0,0.0
61,0.0,0.0,0.0
62,0.0,0.0,0.0
63,0.0,0.0,0.0
64,0.0,0.0,0.0
65,0.0,0.0,0.0
66,0.0,0.0,0.0
67,0.0,0.0,0.0
68,0.0,0.0,0.0
69,0.0,0.0,0.0
70,0.0,0.0,0.0
71,0.0,0.0,0.0
72,0.0,0.0,0.0
73,0.0,0.0,0.0
74,0.0,0.0,0.0
75,0.0,0.0,0.0
76,0.0,0.0,0.0
77,0.0,0.0,0.0
78,0.0,0.0,0.0
79,0.0,0.0,0.0
80,0.0,0.0,0.0
81,0.0,0.0,0.0
82,0.0,0.0,0.0
83,0.0,0.0,0.0
84,0.0,0.0,0.0
85,0.0,0.0,0.0
86,0.0,0.0,0.0
87,0.0,0.0,0.0
88,0.0,0.0,0.0
89,0.0,0.0,0.0
90,0.0,0.0,0.0
91,0.0,0.0,0.0
92,0.0,0.0,0.0
93,0.0,0.0,0.0
94,0.0,0.0,0.0
95,0.0,0.0,0.0
96,0.0,0.0,0.0
97,0.0,0.0,0.0
98,0.0,0.0,0.0
99,0.0,0.0,0.0
100,0.0,0.0,0.0
101,0.0,0.0,0.0
102,0.0,0.0,0.0
103,0.0,0.0,0.0
104,0.0,0.0,0.0
105,0.0,0.0,0.0
106,0.0,0.0,0.0
107,0.0,0.0,0.0
108,0.0,0.0,0.0
109,0.0,0.0,0.0
110,0.0,0.0,0.0
111,0.0,0.0,0.0
112,0.0,0.0,0.0
113,0.0,0.0,0.0
114,0.0,0.0,0.0
115,0.0,0.0,0.0
116,0.0,0.0,0.0
117,0.0,0.0,0.0
118,0.0,0.0,0.0
119,0.0,0.0,0.0
120,0.0,0.0,0.0
121,0.0,0.0,0.0
122,0.0,0.0,0.0
123,0.0,0.0,0.0
124,0.0,0.0,0.0
125,0.0,0.0,0.0
126,0.0,0.0,0.0
127,0.0,0.0,0.0
128,0.0,0.0,0.0
129,0.0,0.0,0.0
130,0.0,0.0,0.0
131,0.0,0.0,0.0
132,0.0,0.0,0.0
133,0.0,0.0,0.0
134,0.0,0.0,0.0
135,0.0,0.0,0.0
136,0.0,0.0,0.0
137,0.0,0.0,0.0
138,0.0,0.0,0.0
139,0.0,0.0,0.0
140,0.0,0.0,0.0
141,0.0,0.0,0.0
142,0.0,0.0,0.0
143,0.0,0.0,0.0
144,0.0,0.0,0.0
145,0.0,0.0,0.0
146,0.0,0.0,0.0
147,0.0,0.0,0.0
148,0.0,0.0,0.0
149,0.0,0.0,0.0
150,0.0,0.0,0.0
151,0.0,0.0,0.0
152,0.0,0.0,0.0
153,0.0,0.0,0.0
154,0.0,0.0,0.0
155,0.0,0.0,0.0
156,0.0,0.0,0.0
157,0.0,0.0,0.0
158,0.0,0.0,0.0
159,0.0,0.0,0.0
160,0.0,0.0,0.0
161,0.0,0.0,0.0
162,0.0,0.0,0.0
163,0.0,0.0,0.0
164,0.0,0.0,0.0
165,0.0,0.0,0.0
166,0.0,0.0,0.0
167,0.0,0.0,0.0
168,0.0,0.0,0.0
169,0.0,0.0,0.0
170,0.0,0.0,0.0
171,0.0,0.0,0.0
172,0.0,0.0,0.0
173,0.0,0.0,0.0
174,0.0,0.0,0.0
175,0.0,0.0,0.0
176,0.0,0.0,0.0
177,0.0,0.0,0.0
178,0.0,0.0,0.0
179,0.0,0.0,0.0
180,0.0,0.0,0.0
181,0.0,0.0,0.0
182,0.0,0.0,0.0
183,0.0,0.0,0.0
184,0.0,0.0,0.0
185,0.0,0.0,0.0
186,0.0,0.0,0.0
187,0.0,0.0,0.0
188,0.0,0.0,0.0
189,0.0,0.0,0.0
190,0.0,0.0,0.0
191,0.0,0.0,0.0
192,0.0,0.0,0.0
REW_PV_RFT,2010,2015,2020
1,0.0,0.0,0.0
2,0.0,0.0,0.0
3,0.0,0.0,0.0
4,0.0,0.0,0.0
5,0.0,0.0,0.0
6,0.0,0.0,0.0
7,0.0,0.0,0.0
8,0.0,0.0,0.0
9,0.0,0.0,0.0
10,0.0,0.0,0.0
11,0.0,0.0,0.0
12,0.0,0.0,0.0
13,0.0,0.0,0.0
14,0.0,0.0,0.0
15,0.0,0.0,0.0
16,0.0,0.0,0.0
17,0.0,0.0,0.0
18,0.0,0.0,0.0
19,0.0,0.0,0.0
20,0.0,0.0,0.0
21,0.0,0.0,0.0
22,0.0,0.0,0.0
23,0.0,0.0,0.0
24,0.0,0.0,0.0
25,0.0,0.0,0.0
26,0.0,0.0,0.0
27,0.0,0.0,0.0
28,0.0,0.0,0.0
29,0.0,0.0,0.0
30,0.0,0.0,0.0
31,0.0,0.0,0.0
32,0.0,0.0,0.0
33,0.0,0.0,0.0
34,0.0,0.0,0.0
35,0.0,0.0,0.0
36,0.0,0.0,0.0
37,0.0,0.0,0.0
38,0.0,0.0,0.0
39,0.0,0.0,0.0
40,0.0,0.0,0.0
41,0.0,0.0,0.0
42,0.0,0.0,0.0
43,0.0,0.0,0.0
44,0.0,0.0,0.0
45,0.0,0.0,0.0
46,0.0,0.0,0.0
47,0.0,0.0,0.0
48,0.0,0.0,0.0
49,0.0,0.0,0.0
50,0.0,0.0,0.0
51,0.0,0.0,0.0
52,0.0,0.0,0.0
53,0.0,0.0,0.0
54,0.0,0.0,0.0
55,0.0,0.0,0.0
56,0.0,0.0,0.0
57,0.0,0.0,0.0
58,0.0,0.0,0.0
59,0.0,0.0,0.0
60,0.0,0.0,0.0
61,0.0,0.0,0.0
62,0.0,0.0,0.0
63,0.0,0.0,0.0
64,0.0,0.0,0.0
65,0.0,0.0,0.0
66,0.0,0.0,0.0
67,0.0,0.0,0.0
68,0.0,0.0,0.0
69,0.0,0.0,0.0
70,0.0,0.0,0.0
71,0.0,0.0,0.0
72,0.0,0.0,0.0
73,0.0,0.0,0.0
74,0.0,0.0,0.0
75,0.0,0.0,0.0
76,0.0,0.0,0.0
77,0.0,0.0,0.0
78,0.0,0.0,0.0
79,0.0,0.0,0.0
80,0.0,0.0,0.0
81,0.0,0.0,0.0
82,0.0,0.0,0.0
83,0.0,0.0,0.0
84,0.0,0.0,0.0
85,0.0,0.0,0.0
86,0.0,0.0,0.0
87,0.0,0.0,0.0
88,0.0,0.0,0.0
89,0.0,0.0,0.0
90,0.0,0.0,0.0
91,0.0,0.0,0.0
92,0.0,0.0,0.0
93,0.0,0.0,0.0
94,0.0,0.0,0.0
95,0.0,0.0,0.0
96,0.0,0.0,0.0
97,0.0,0.0,0.0
98,0.0,0.0,0.0
99,0.0,0.0,0.0
100,0.0,0.0,0.0
101,0.0,0.0,0.0
102,0.0,0.0,0.0
103,0.0,0.0,0.0
104,0.0,0.0,0.0
105,0.0,0.0,0.0
106,0.0,0.0,0.0
107,0.0,0.0,0.0
108,0.0,0.0,0.0
109,0.0,0.0,0.0
110,0.0,0.0,0.0
111,0.0,0.0,0.0
112,0.0,0.0,0.0
113,0.0,0.0,0.0
114,0.0,0.0,0.0
115,0.0,0.0,0.0
116,0.0,0.0,0.0
117,0.0,0.0,0.0
118,0.0,0.0,0.0
119,0.0,0.0,0.0
120,0.0,0.0,0.0
121,0.0,0.0,0.0
122,0.0,0.0,0.0
123,0.0,0.0,0.0
124,0.0,0.0,0.0
125,0.0,0.0,0.0
126,0.0,0.0,0.0
127,0.0,0.0,0.0
128,0.0,0.0,0.0
129,0.0,0.0,0.0
130,0.0,0.0,0.0
131,0.0,0.0,0.0
132,0.0,0.0,0.0
133,0.0,0.0,0.0
134,0.0,0.0,0.0
135,0.0,0.0,0.0
136,0.0,0.0,0.0
137,0.0,0.0,0.0
138,0.0,0.0,0.0
139,0.0,0.0,0.0
140,0.0,0.0,0.0
141,0.0,0.0,0.0
142,0.0,0.0,0.0
143,0.0,0.0,0.0
144,0.0,0.0,0.0
145,0.0,0.0,0.0
146,0.0,0.0,0.0
147,0.0,0.0,0.0
148,0.0,0.0,0.0
149,0.0,0.0,0.0
150,0.0,0.0,0.0
151,0.0,0.0,0.0
152,0.0,0.0,0.0
153,0.0,0.0,0.0
154,0.0,0.0,0.0
155,0.0,0.0,0.0
156,0.0,0.0,0.0
157,0.0,0.0,0.0
158,0.0,0.0,0.0
159,0.0,0.0,0.0
160,0.0,0.0,0.0
161,0.0,0.0,0.0
162,0.0,0.0,0.0
163,0.0,0.0,0.0
164,0.0,0.0,0.0
165,0.0,0.0,0.0
166,0.0,0.0,0.0
167,0.0,0.0,0.0
168,0.0,0.0,0.0
169,0.0,0.0,0.0
170,0.0,0.0,0.0
171,0.0,0.0,0.0
172,0.0,0.0,0.0
173,0.0,0.0,0.0
174,0.0,0.0,0.0
175,0.0,0.0,0.0
176,0.0,0.0,0.0
177,0.0,0.0,0.0
178,0.0,0.0,0.0
179,0.0,0.0,0.0
180,0.0,0.0,0.0
181,0.0,0.0,0.0
182,0.0,0.0,0.0
183,0.0,0.0,0.0
184,0.0,0.0,0.0
185,0.0,0.0,0.0
186,0.0,0.0,0.0
187,0.0,0.0,0.0
188,0.0,0.0,0.0
189,0.0,0.0,0.0
190,0.0,0.0,0.0
191,0.0,0.0,0.0
192,0.0,0.0,0.0
BIO_ST,2010,2015,2020
1,0.0,0.0,0.0
2,0.0,0.0,0.0
3,0.0,0.0,0.0
4,0.0,0.0,0.0
5,0.0,0.0,0.0
6,0.0,0.0,0.0
7,0.0,0.0,0.0
8,0.0,0.0,0.0
9,0.0,0.0,0.0
10,0.0,0.0,0.0
11,0.0,0.0,0.0
12,0.0,0.0,0.0
13,0.0,0.0,0.0
14,0.0,0.0,0.0
15,0.0,0.0,0.0
16,0.0,0.0,0.0
17,0.0,0.0,0.0
18,0.0,0.0,0.0
19,0.0,0.0,0.0
20,0.0,0.0,0.0
21,0.0,0.0,0.0
22,0.0,0.0,0.0
23,0.0,0.0,0.0
24,0.0,0.0,0.0
25,0.0,0.0,0.0
26,0.0,0.0,0.0
27,0.0,0.0,0.0
28,0.0,0.0,0.0
29,0.0,0.0,0.0
30,0.0,0.0,0.0
31,0.0,0.0,0.0
32,0.0,0.0,0.0
33,0.0,0.0,0.0
34,0.0,0.0,0.0
35,0.0,0.0,0.0
36,0.0,0.0,0.0
37,0.0,0.0,0.0
38,0.0,0.0,0.0
39,0.0,0.0,0.0
40,0.0,0.0,0.0
41,0.0,0.0,0.0
42,0.0,0.0,0.0
43,0.0,0.0,0.0
44,0.0,0.0,0.0
45,0.0,0.0,0.0
46,0.0,0.0,0.0
47,0.0,0.0,0.0
48,0.0,0.0,0.0
49,0.0,0.0,0.0
50,0.0,0.0,0.0
51,0.0,0.0,0.0
52,0.0,0.0,0.0
53,0.0,0.0,0.0
54,0.0,0.0,0.0
55,0.0,0.0,0.0
56,0.0,0.0,0.0
57,0.0,0.0,0.0
58,0.0,0.0,0.0
59,0.0,0.0,0.0
60,0.0,0.0,0.0
61,0.0,0.0,0.0
62,0.0,0.0,0.0
63,0.0,0.0,0.0
64,0.0,0.0,0.0
65,0.0,0.0,0.0
66,0.0,0.0,0.0
67,0.0,0.0,0.0
68,0.0,0.0,0.0
69,0.0,0.0,0.0
70,0.0,0.0,0.0
71,0.0,0.0,0.0
72,0.0,0.0,0.0
73,0.0,0.0,0.0
74,0.0,0.0,0.0
75,0.0,0.0,0.0
76,0.0,0.0,0.0
77,0.0,0.0,0.0
78,0.0,0.0,0.0
79,0.0,0.0,0.0
80,0.0,0.0,0.0
81,0.0,0.0,0.0
82,0.0,0.0,0.0
83,0.0,0.0,0.0
84,0.0,0.0,0.0
85,0.0,0.0,0.0
86,0.0,0.0,0.0
87,0.0,0.0,0.0
88,0.0,0.0,0.0
89,0.0,0.0,0.0
90,0.0,0.0,0.0
91,0.0,0.0,0.0
92,0.0,0.0,0.0
93,0.0,0.0,0.0
94,0.0,0.0,0.0
95,0.0,0.0,0.0
96,0.0,0.0,0.0
97,0.0,0.0,0.0
98,0.0,0.0,0.0
99,0.0,0.0,0.0
100,0.0,0.0,0.0
101,0.0,0.0,0.0
102,0.0,0.0,0.0
103,0.0,0.0,0.0
104,0.0,0.0,0.0
105,0.0,0.0,0.0
106,0.0,0.0,0.0
107,0.0,0.0,0.0
108,0.0,0.0,0.0
109,0.0,0.0,0.0
110,0.0,0.0,0.0
111,0.0,0.0,0.0
112,0.0,0.0,0.0
113,0.0,0.0,0.0
114,0.0,0.0,0.0
115,0.0,0.0,0.0
116,0.0,0.0,0.0
117,0.0,0.0,0.0
118,0.0,0.0,0.0
119,0.0,0.0,0.0
120,0.0,0.0,0.0
121,0.0,0.0,0.0
122,0.0,0.0,0.0
123,0.0,0.0,0.0
124,0.0,0.0,0.0
125,0.0,0.0,0.0
126,0.0,0.0,0.0
127,0.0,0.0,0.0
128,0.0,0.0,0.0
129,0.0,0.0,0.0
130,0.0,0.0,0.0
131,0.0,0.0,0.0
132,0.0,0.0,0.0
133,0.0,0.0,0.0
134,0.0,0.0,0.0
135,0.0,0.0,0.0
136,0.0,0.0,0.0
137,0.0,0.0,0.0
138,0.0,0.0,0.0
139,0.0,0.0,0.0
140,0.0,0.0,0.0
141,0.0,0.0,0.0
142,0.0,0.0,0.0
143,0.0,0.0,0.0
144,0.0,0.0,0.0
145,0.0,0.0,0.0
146,0.0,0.0,0.0
147,0.0,0.0,0.0
148,0.0,0.0,0.0
149,0.0,0.0,0.0
150,0.0,0.0,0.0
151,0.0,0.0,0.0
152,0.0,0.0,0.0
153,0.0,0.0,0.0
154,0.0,0.0,0.0
155,0.0,0.0,0.0
156,0.0,0.0,0.0
157,0.0,0.0,0.0
158,0.0,0.0,0.0
159,0.0,0.0,0.0
160,0.0,0.0,0.0
161,0.0,0.0,0.0
162,0.0,0.0,0.0
163,0.0,0.0,0.0
164,0.0,0.0,0.0
165,0.0,0.0,0.0
166,0.0,0.0,0.0
167,0.0,0.0,0.0
168,0.0,0.0,0.0
169,0.0,0.0,0.0
170,0.0,0.0,0.0
171,0.0,0.0,0.0
172,0.0,0.0,0.0
173,0.0,0.0,0.0
174,0.0,0.0,0.0
175,0.0,0.0,0.0
176,0.0,0.0,0.0
177,0.0,0.0,0.0
178,0.0,0.0,0.0
179,0.0,0.0,0.0
180,0.0,0.0,0.0
181,0.0,0.0,0.0
182,0.0,0.0,0.0
183,0.0,0.0,0.0
184,0.0,0.0,0.0
185,0.0,0.0,0.0
186,0.0,0.0,0.0
187,0.0,0.0,0.0
188,0.0,0.0,0.0
189,0.0,0.0,0.0
190,0.0,0.0,0.0
191,0.0,0.0,0.0
192,0.0,0.0,0.0
BIO_CHP,2010,2015,2020
1,8.83,8.83,8.83
2,8.83,8.83,8.83
3,8.83,8.83,8.83
4,8.83,8.83,8.83
5,8.83,8.83,8.83
6,8.83,8.83,8.83
7,8.83,8.83,8.83
8,8.83,8.83,8.83
9,8.83,8.83,8.83
10,8.83,8.83,8.83
11,8.83,8.83,8.83
12,8.83,8.83,8.83
13,8.83,8.83,8.83
14,8.83,8.83,8.83
15,8.83,8.83,8.83
16,8.83,8.83,8.83
17,8.83,8.83,8.83
18,8.83,8.83,8.83
19,8.83,8.83,8.83
20,8.83,8.83,8.83
21,8.83,8.83,8.83
22,8.83,8.83,8.83
23,8.83,8.83,8.83
24,8.83,8.83,8.83
25,8.83,8.83,8.83
26,8.83,8.83,8.83
27,8.83,8.83,8.83
28,8.83,8.83,8.83
29,8.83,8.83,8.83
30,8.83,8.83,8.83
31,8.83,8.83,8.83
32,8.83,8.83,8.83
33,8.83,8.83,8.83
34,8.83,8.83,8.83
35,8.83,8.83,8.83
36,8.83,8.83,8.83
37,8.83,8.83,8.83
38,8.83,8.83,8.83
39,8.83,8.83,8.83
40,8.83,8.83,8.83
41,8.83,8.83,8.83
42,8.83,8.83,8.83
43,8.83,8.83,8.83
44,8.83,8.83,8.83
45,8.83,8.83,8.83
46,8.83,8.83,8.83
47,8.83,8.83,8.83
48,8.83,8.83,8.83
49,8.83,8.83,8.83
50,8.83,8.83,8.83
51,8.83,8.83,8.83
52,8.83,8.83,8.83
53,8.83,8.83,8.83
54,8.83,8.83,8.83
55,8.83,8.83,8.83
56,8.83,8.83,8.83
57,8.83,8.83,8.83
58,8.83,8.83,8.83
59,8.83,8.83,8.83
60,8.83,8.83,8.83
61,8.83,8.83,8.83
62,8.83,8.83,8.83
63,8.83,8.83,8.83
64,8.83,8.83,8.83
65,8.83,8.83,8.83
66,8.83,8.83,8.83
67,8.83,8.83,8.83
68,8.83,8.83,8.83
69,8.83,8.83,8.83
70,8.83,8.83,8.83
71,8.83,8.83,8.83
72,8.83,8.83,8.83
73,8.83,8.83,8.83
74,8.83,8.83,8.83
75,8.83,8.83,8.83
76,8.83,8.83,8.83
77,8.83,8.83,8.83
78,8.83,8.83,8.83
79,8.83,8.83,8.83
80,8.83,8.83,8.83
81,8.83,8.83,8.83
82,8.83,8.83,8.83
83,8.83,8.83,8.83
84,8.83,8.83,8.83
85,8.83,8.83,8.83
86,8.83,8.83,8.83
87,8.83,8.83,8.83
88,8.83,8.83,8.83
89,8.83,8.83,8.83
90,8.83,8.83,8.83
91,8.83,8.83,8.83
92,8.83,8.83,8.83
93,8.83,8.83,8.83
94,8.83,8.83,8.83
95,8.83,8.83,8.83
96,8.83,8.83,8.83
97,0.44,8.83,8.83
98,0.44,8.83,8.83
99,0.44,8.83,8.83
100,0.44,8.83,8.83
101,0.44,8.83,8.83
102,0.44,8.83,8.83
103,0.44,8.83,8.83
104,0.44,8.83,8.83
105,0.44,8.83,8.83
106,0.44,8.83,8.83
107,0.44,8.83,8.83
108,0.44,8.83,8.83
109,0.44,8.83,8.83
110,0.44,8.83,8.83
111,0.44,8.83,8.83
112,0.44,8.83,8.83
113,0.44,8.83,8.83
114,0.44,8.83,8.83
115,0.44,8.83,8.83
116,0.44,8.83,8.83
117,0.44,8.83,8.83
118,0.44,8.83,8.83
119,0.44,8.83,8.83
120,0.44,8.83,8.83
121,8.83,8.83,8.83
122,8.83,8.83,8.83
123,8.83,8.83,8.83
124,8.83,8.83,8.83
125,8.83,8.83,8.83
126,8.83,8.83,8.83
127,8.83,8.83,8.83
128,8.83,8.83,8.83
129,8.83,8.83,8.83
130,8.83,8.83,8.83
131,8.83,8.83,8.83
132,8.83,8.83,8.83
133,8.83,8.83,8.83
134,8.83,8.83,8.83
135,8.83,8.83,8.83
136,8.83,8.83,8.83
137,8.83,8.83,8.83
138,8.83,8.83,8.83
139,8.83,8.83,8.83
140,8.83,8.83,8.83
141,8.83,8.83,8.83
142,8.83,8.83,8.83
143,8.83,8.83,8.83
144,8.83,8.83,8.83
145,0.44,8.83,8.83
146,0.44,8.83,8.83
147,0.44,8.83,8.83
148,0.44,8.83,8.83
149,0.44,8.83,8.83
150,0.44,8.83,8.83
151,0.44,8.83,8.83
152,0.44,8.83,8.83
153,0.44,8.83,8.83
154,0.44,8.83,8.83
155,0.44,8.83,8.83
156,0.44,8.83,8.83
157,0.44,8.83,8.83
158,0.44,8.83,8.83
159,0.44,8.83,8.83
160,0.44,8.83,8.83
161,0.44,8.83,8.83
162,0.44,8.83,8.83
163,0.44,8.83,8.83
164,0.44,8.83,8.83
165,0.44,8.83,8.83
166,0.44,8.83,8.83
167,0.44,8.83,8.83
168,0.44,8.83,8.83
169,8.83,8.83,8.83
170,8.83,8.83,8.83
171,8.83,8.83,8.83
172,8.83,8.83,8.83
173,8.83,8.83,8.83
174,8.83,8.83,8.83
175,8.83,8.83,8.83
176,8.83,8.83,8.83
177,8.83,8.83,8.83
178,8.83,8.83,8.83
179,8.83,8.83,8.83
180,8.83,8.83,8.83
181,8.83,8.83,8.83
182,8.83,8.83,8.83
183,8.83,8.83,8.83
184,8.83,8.83,8.83
185,8.83,8.83,8.83
186,8.83,8.83,8.83
187,8.83,8.83,8.83
188,8.83,8.83,8.83
189,8.83,8.83,8.83
190,8.83,8.83,8.83
191,8.83,8.83,8.83
192,8.83,8.83,8.83
BIO_IGCC_CHP,2010,2015,2020
1,0.0,0.0,0.0
2,0.0,0.0,0.0
3,0.0,0.0,0.0
4,0.0,0.0,0.0
5,0.0,0.0,0.0
6,0.0,0.0,0.0
7,0.0,0.0,0.0
8,0.0,0.0,0.0
9,0.0,0.0,0.0
10,0.0,0.0,0.0
11,0.0,0.0,0.0
12,0.0,0.0,0.0
13,0.0,0.0,0.0
14,0.0,0.0,0.0
15,0.0,0.0,0.0
16,0.0,0.0,0.0
17,0.0,0.0,0.0
18,0.0,0.0,0.0
19,0.0,0.0,0.0
20,0.0,0.0,0.0
21,0.0,0.0,0.0
22,0.0,0.0,0.0
23,0.0,0.0,0.0
24,0.0,0.0,0.0
25,0.0,0.0,0.0
26,0.0,0.0,0.0
27,0.0,0.0,0.0
28,0.0,0.0,0.0
29,0.0,0.0,0.0
30,0.0,0.0,0.0
31,0.0,0.0,0.0
32,0.0,0.0,0.0
33,0.0,0.0,0.0
34,0.0,0.0,0.0
35,0.0,0.0,0.0
36,0.0,0.0,0.0
37,0.0,0.0,0.0
38,0.0,0.0,0.0
39,0.0,0.0,0.0
40,0.0,0.0,0.0
41,0.0,0.0,0.0
42,0.0,0.0,0.0
43,0.0,0.0,0.0
44,0.0,0.0,0.0
45,0.0,0.0,0.0
46,0.0,0.0,0.0
47,0.0,0.0,0.0
48,0.0,0.0,0.0
49,0.0,0.0,0.0
50,0.0,0.0,0.0
51,0.0,0.0,0.0
52,0.0,0.0,0.0
53,0.0,0.0,0.0
54,0.0,0.0,0.0
55,0.0,0.0,0.0
56,0.0,0.0,0.0
57,0.0,0.0,0.0
58,0.0,0.0,0.0
59,0.0,0.0,0.0
60,0.0,0.0,0.0
61,0.0,0.0,0.0
62,0.0,0.0,0.0
63,0.0,0.0,0.0
64,0.0,0.0,0.0
65,0.0,0.0,0.0
66,0.0,0.0,0.0
67,0.0,0.0,0.0
68,0.0,0.0,0.0
69,0.0,0.0,0.0
70,0.0,0.0,0.0
71,0.0,0.0,0.0
72,0.0,0.0,0.0
73,0.0,0.0,0.0
74,0.0,0.0,0.0
75,0.0,0.0,0.0
76,0.0,0.0,0.0
77,0.0,0.0,0.0
78,0.0,0.0,0.0
79,0.0,0.0,0.0
80,0.0,0.0,0.0
81,0.0,0.0,0.0
82,0.0,0.0,0.0
83,0.0,0.0,0.0
84,0.0,0.0,0.0
85,0.0,0.0,0.0
86,0.0,0.0,0.0
87,0.0,0.0,0.0
88,0.0,0.0,0.0
89,0.0,0.0,0.0
90,0.0,0.0,0.0
91,0.0,0.0,0.0
92,0.0,0.0,0.0
93,0.0,0.0,0.0
94,0.0,0.0,0.0
95,0.0,0.0,0.0
96,0.0,0.0,0.0
97,0.0,0.0,0.0
98,0.0,0.0,0.0
99,0.0,0.0,0.0
100,0.0,0.0,0.0
101,0.0,0.0,0.0
102,0.0,0.0,0.0
103,0.0,0.0,0.0
104,0.0,0.0,0.0
105,0.0,0.0,0.0
106,0.0,0.0,0.0
107,0.0,0.0,0.0
108,0.0,0.0,0.0
109,0.0,0.0,0.0
110,0.0,0.0,0.0
111,0.0,0.0,0.0
112,0.0,0.0,0.0
113,0.0,0.0,0.0
114,0.0,0.0,0.0
115,0.0,0.0,0.0
116,0.0,0.0,0.0
117,0.0,0.0,0.0
118,0.0,0.0,0.0
119,0.0,0.0,0.0
120,0.0,0.0,0.0
121,0.0,0.0,0.0
122,0.0,0.0,0.0
123,0.0,0.0,0.0
124,0.0,0.0,0.0
125,0.0,0.0,0.0
126,0.0,0.0,0.0
127,0.0,0.0,0.0
128,0.0,0.0,0.0
129,0.0,0.0,0.0
130,0.0,0.0,0.0
131,0.0,0.0,0.0
132,0.0,0.0,0.0
133,0.0,0.0,0.0
134,0.0,0.0,0.0
135,0.0,0.0,0.0
136,0.0,0.0,0.0
137,0.0,0.0,0.0
138,0.0,0.0,0.0
139,0.0,0.0,0.0
140,0.0,0.0,0.0
141,0.0,0.0,0.0
142,0.0,0.0,0.0
143,0.0,0.0,0.0
144,0.0,0.0,0.0
145,0.0,0.0,0.0
146,0.0,0.0,0.0
147,0.0,0.0,0.0
148,0.0,0.0,0.0
149,0.0,0.0,0.0
150,0.0,0.0,0.0
151,0.0,0.0,0.0
152,0.0,0.0,0.0
153,0.0,0.0,0.0
154,0.0,0.0,0.0
155,0.0,0.0,0.0
156,0.0,0.0,0.0
157,0.0,0.0,0.0
158,0.0,0.0,0.0
159,0.0,0.0,0.0
160,0.0,0.0,0.0
161,0.0,0.0,0.0
162,0.0,0.0,0.0
163,0.0,0.0,0.0
164,0.0,0.0,0.0
165,0.0,0.0,0.0
166,0.0,0.0,0.0
167,0.0,0.0,0.0
168,0.0,0.0,0.0
169,0.0,0.0,0.0
170,0.0,0.0,0.0
171,0.0,0.0,0.0
172,0.0,0.0,0.0
173,0.0,0.0,0.0
174,0.0,0.0,0.0
175,0.0,0.0,0.0
176,0.0,0.0,0.0
177,0.0,0.0,0.0
178,0.0,0.0,0.0
179,0.0,0.0,0.0
180,0.0,0.0,0.0
181,0.0,0.0,0.0
182,0.0,0.0,0.0
183,0.0,0.0,0.0
184,0.0,0.0,0.0
185,0.0,0.0,0.0
186,0.0,0.0,0.0
187,0.0,0.0,0.0
188,0.0,0.0,0.0
189,0.0,0.0,0.0
190,0.0,0.0,0.0
191,0.0,0.0,0.0
192,0.0,0.0,0.0
COA_CHP_BP_DH,2010,2015,2020
1,8.83,8.83,8.83
2,8.83,8.83,8.83
3,8.83,8.83,8.83
4,8.83,8.83,8.83
5,8.83,8.83,8.83
6,8.83,8.83,8.83
7,8.83,8.83,8.83
8,8.83,8.83,8.83
9,8.83,8.83,8.83
10,8.83,8.83,8.83
11,8.83,8.83,8.83
12,8.83,8.83,8.83
13,8.83,8.83,8.83
14,8.83,8.83,8.83
15,8.83,8.83,8.83
16,8.83,8.83,8.83
17,8.83,8.83,8.83
18,8.83,8.83,8.83
19,8.83,8.83,8.83
20,8.83,8.83,8.83
21,8.83,8.83,8.83
22,8.83,8.83,8.83
23,8.83,8.83,8.83
24,8.83,8.83,8.83
25,8.83,8.83,8.83
26,8.83,8.83,8.83
27,8.83,8.83,8.83
28,8.83,8.83,8.83
29,8.83,8.83,8.83
30,8.83,8.83,8.83
31,8.83,8.83,8.83
32,8.83,8.83,8.83
33,8.83,8.83,8.83
34,8.83,8.83,8.83
35,8.83,8.83,8.83
36,8.83,8.83,8.83
37,8.83,8.83,8.83
38,8.83,8.83,8.83
39,8.83,8.83,8.83
40,8.83,8.83,8.83
41,8.83,8.83,8.83
42,8.83,8.83,8.83
43,8.83,8.83,8.83
44,8.83,8.83,8.83
45,8.83,8.83,8.83
46,8.83,8.83,8.83
47,8.83,8.83,8.83
48,8.83,8.83,8.83
49,8.83,8.83,8.83
50,8.83,8.83,8.83
51,8.83,8.83,8.83
52,8.83,8.83,8.83
53,8.83,8.83,8.83
54,8.83,8.83,8.83
55,8.83,8.83,8.83
56,8.83,8.83,8.83
57,8.83,8.83,8.83
58,8.83,8.83,8.83
59,8.83,8.83,8.83
60,8.83,8.83,8.83
61,8.83,8.83,8.83
62,8.83,8.83,8.83
63,8.83,8.83,8.83
64,8.83,8.83,8.83
65,8.83,8.83,8.83
66,8.83,8.83,8.83
67,8.83,8.83,8.83
68,8.83,8.83,8.83
69,8.83,8.83,8.83
70,8.83,8.83,8.83
71,8.83,8.83,8.83
72,8.83,8.83,8.83
73,8.83,8.83,8.83
74,8.83,8.83,8.83
75,8.83,8.83,8.83
76,8.83,8.83,8.83
77,8.83,8.83,8.83
78,8.83,8.83,8.83
79,8.83,8.83,8.83
80,8.83,8.83,8.83
81,8.83,8.83,8.83
82,8.83,8.83,8.83
83,8.83,8.83,8.83
84,8.83,8.83,8.83
85,8.83,8.83,8.83
86,8.83,8.83,8.83
87,8.83,8.83,8.83
88,8.83,8.83,8.83
89,8.83,8.83,8.83
90,8.83,8.83,8.83
91,8.83,8.83,8.83
92,8.83,8.83,8.83
93,8.83,8.83,8.83
94,8.83,8.83,8.83
95,8.83,8.83,8.83
96,8.83,8.83,8.83
97,0.44,8.83,8.83
98,0.44,8.83,8.83
99,0.44,8.83,8.83
100,0.44,8.83,8.83
101,0.44,8.83,8.83
102,0.44,8.83,8.83
103,0.44,8.83,8.83
104,0.44,8.83,8.83
105,0.44,8.83,8.83
106,0.44,8.83,8.83
107,0.44,8.83,8.83
108,0.44,8.83,8.83
109,0.44,8.83,8.83
110,0.44,8.83,8.83
111,0.44,8.83,8.83
112,0.44,8.83,8.83
113,0.44,8.83,8.83
114,0.44,8.83,8.83
115,0.44,8.83,8.83
116,0.44,8.83,8.83
117,0.44,8.83,8.83
118,0.44,8.83,8.83
119,0.44,8.83,8.83
120,0.44,8.83,8.83
121,8.83,8.83,8.83
122,8.83,8.83,8.83
123,8.83,8.83,8.83
124,8.83,8.83,8.83
125,8.83,8.83,8.83
126,8.83,8.83,8.83
127,8.83,8.83,8.83
128,8.83,8.83,8.83
129,8.83,8.83,8.83
130,8.83,8.83,8.83
131,8.83,8.83,8.83
132,8.83,8.83,8.83
133,8.83,8.83,8.83
134,8.83,8.83,8.83
135,8.83,8.83,8.83
136,8.83,8.83,8.83
137,8.83,8.83,8.83
138,8.83,8.83,8.83
139,8.83,8.83,8.83
140,8.83,8.83,8.83
141,8.83,8.83,8.83
142,8.83,8.83,8.83
143,8.83,8.83,8.83
144,8.83,8.83,8.83
145,0.44,8.83,8.83
146,0.44,8.83,8.83
147,0.44,8.83,8.83
148,0.44,8.83,8.83
149,0.44,8.83,8.83
150,0.44,8.83,8.83
151,0.44,8.83,8.83
152,0.44,8.83,8.83
153,0.44,8.83,8.83
154,0.44,8.83,8.83
155,0.44,8.83,8.83
156,0.44,8.83,8.83
157,0.44,8.83,8.83
158,0.44,8.83,8.83
159,0.44,8.83,8.83
160,0.44,8.83,8.83
161,0.44,8.83,8.83
162,0.44,8.83,8.83
163,0.44,8.83,8.83
164,0.44,8.83,8.83
165,0.44,8.83,8.83
166,0.44,8.83,8.83
167,0.44,8.83,8.83
168,0.44,8.83,8.83
169,8.83,8.83,8.83
170,8.83,8.83,8.83
171,8.83,8.83,8.83
172,8.83,8.83,8.83
173,8.83,8.83,8.83
174,8.83,8.83,8.83
175,8.83,8.83,8.83
176,8.83,8.83,8.83
177,8.83,8.83,8.83
178,8.83,8.83,8.83
179,8.83,8.83,8.83
180,8.83,8.83,8.83
181,8.83,8.83,8.83
182,8.83,8.83,8.83
183,8.83,8.83,8.83
184,8.83,8.83,8.83
185,8.83,8.83,8.83
186,8.83,8.83,8.83
187,8.83,8.83,8.83
188,8.83,8.83,8.83
189,8.83,8.83,8.83
190,8.83,8.83,8.83
191,8.83,8.83,8.83
192,8.83,8.83,8.83
COA_CHP_EC_DH,2010,2015,2020
1,0.0,0.0,0.0
2,0.0,0.0,0.0
3,0.0,0.0,0.0
4,0.0,0.0,0.0
5,0.0,0.0,0.0
6,0.0,0.0,0.0
7,0.0,0.0,0.0
8,0.0,0.0,0.0
9,0.0,0.0,0.0
10,0.0,0.0,0.0
11,0.0,0.0,0.0
12,0.0,0.0,0.0
13,0.0,0.0,0.0
14,0.0,0.0,0.0
15,0.0,0.0,0.0
16,0.0,0.0,0.0
17,0.0,0.0,0.0
18,0.0,0.0,0.0
19,0.0,0.0,0.0
20,0.0,0.0,0.0
21,0.0,0.0,0.0
22,0.0,0.0,0.0
23,0.0,0.0,0.0
24,0.0,0.0,0.0
25,0.0,0.0,0.0
26,0.0,0.0,0.0
27,0.0,0.0,0.0
28,0.0,0.0,0.0
29,0.0,0.0,0.0
30,0.0,0.0,0.0
31,0.0,0.0,0.0
32,0.0,0.0,0.0
33,0.0,0.0,0.0
34,0.0,0.0,0.0
35,0.0,0.0,0.0
36,0.0,0.0,0.0
37,0.0,0.0,0.0
38,0.0,0.0,0.0
39,0.0,0.0,0.0
40,0.0,0.0,0.0
41,0.0,0.0,0.0
42,0.0,0.0,0.0
43,0.0,0.0,0.0
44,0.0,0.0,0.0
45,0.0,0.0,0.0
46,0.0,0.0,0.0
47,0.0,0.0,0.0
48,0.0,0.0,0.0
49,0.0,0.0,0.0
50,0.0,0.0,0.0
51,0.0,0.0,0.0
52,0.0,0.0,0.0
53,0.0,0.0,0.0
54,0.0,0.0,0.0
55,0.0,0.0,0.0
56,0.0,0.0,0.0
57,0.0,0.0,0.0
58,0.0,0.0,0.0
59,0.0,0.0,0.0
60,0.0,0.0,0.0
61,0.0,0.0,0.0
62,0.0,0.0,0.0
63,0.0,0.0,0.0
64,0.0,0.0,0.0
65,0.0,0.0,0.0
66,0.0,0.0,0.0
67,0.0,0.0,0.0
68,0.0,0.0,0.0
69,0.0,0.0,0.0
70,0.0,0.0,0.0
71,0.0,0.0,0.0
72,0.0,0.0,0.0
73,0.0,0.0,0.0
74,0.0,0.0,0.0
75,0.0,0.0,0.0
76,0.0,0.0,0.0
77,0.0,0.0,0.0
78,0.0,0.0,0.0
79,0.0,0.0,0.0
80,0.0,0.0,0.0
81,0.0,0.0,0.0
82,0.0,0.0,0.0
83,0.0,0.0,0.0
84,0.0,0.0,0.0
85,0.0,0.0,0.0
86,0.0,0.0,0.0
87,0.0,0.0,0.0
88,0.0,0.0,0.0
89,0.0,0.0,0.0
90,0.0,0.0,0.0
91,0.0,0.0,0.0
92,0.0,0.0,0.0
93,0.0,0.0,0.0
94,0.0,0.0,0.0
95,0.0,0.0,0.0
96,0.0,0.0,0.0
97,0.0,0.0,0.0
98,0.0,0.0,0.0
99,0.0,0.0,0.0
100,0.0,0.0,0.0
101,0.0,0.0,0.0
102,0.0,0.0,0.0
103,0.0,0.0,0.0
104,0.0,0.0,0.0
105,0.0,0.0,0.0
106,0.0,0.0,0.0
107,0.0,0.0,0.0
108,0.0,0.0,0.0
109,0.0,0.0,0.0
110,0.0,0.0,0.0
111,0.0,0.0,0.0
112,0.0,0.0,0.0
113,0.0,0.0,0.0
114,0.0,0.0,0.0
115,0.0,0.0,0.0
116,0.0,0.0,0.0
117,0.0,0.0,0.0
118,0.0,0.0,0.0
119,0.0,0.0,0.0
120,0.0,0.0,0.0
121,0.0,0.0,0.0
122,0.0,0.0,0.0
123,0.0,0.0,0.0
124,0.0,0.0,0.0
125,0.0,0.0,0.0
126,0.0,0.0,0.0
127,0.0,0.0,0.0
128,0.0,0.0,0.0
129,0.0,0.0,0.0
130,0.0,0.0,0.0
131,0.0,0.0,0.0
132,0.0,0.0,0.0
133,0.0,0.0,0.0
134,0.0,0.0,0.0
135,0.0,0.0,0.0
136,0.0,0.0,0.0
137,0.0,0.0,0.0
138,0.0,0.0,0.0
139,0.0,0.0,0.0
140,0.0,0.0,0.0
141,0.0,0.0,0.0
142,0.0,0.0,0.0
143,0.0,0.0,0.0
144,0.0,0.0,0.0
145,0.0,0.0,0.0
146,0.0,0.0,0.0
147,0.0,0.0,0.0
148,0.0,0.0,0.0
149,0.0,0.0,0.0
150,0.0,0.0,0.0
151,0.0,0.0,0.0
152,0.0,0.0,0.0
153,0.0,0.0,0.0
154,0.0,0.0,0.0
155,0.0,0.0,0.0
156,0.0,0.0,0.0
157,0.0,0.0,0.0
158,0.0,0.0,0.0
159,0.0,0.0,0.0
160,0.0,0.0,0.0
161,0.0,0.0,0.0
162,0.0,0.0,0.0
163,0.0,0.0,0.0
164,0.0,0.0,0.0
165,0.0,0.0,0.0
166,0.0,0.0,0.0
167,0.0,0.0,0.0
168,0.0,0.0,0.0
169,0.0,0.0,0.0
170,0.0,0.0,0.0
171,0.0,0.0,0.0
172,0.0,0.0,0.0
173,0.0,0.0,0.0
174,0.0,0.0,0.0
175,0.0,0.0,0.0
176,0.0,0.0,0.0
177,0.0,0.0,0.0
178,0.0,0.0,0.0
179,0.0,0.0,0.0
180,0.0,0.0,0.0
181,0.0,0.0,0.0
182,0.0,0.0,0.0
183,0.0,0.0,0.0
184,0.0,0.0,0.0
185,0.0,0.0,0.0
186,0.0,0.0,0.0
187,0.0,0.0,0.0
188,0.0,0.0,0.0
189,0.0,0.0,0.0
190,0.0,0.0,0.0
191,0.0,0.0,0.0
192,0.0,0.0,0.0
GAS_CHP_BP_DH,2010,2015,2020
1,0.66,8.83,8.83
2,0.66,8.83,8.83
3,0.66,8.83,8.83
4,0.66,8.83,8.83
5,0.66,8.83,8.83
6,0.66,8.83,8.83
7,0.66,8.83,8.83
8,0.66,8.83,8.83
9,0.66,8.83,8.83
10,0.66,8.83,8.83
11,0.66,8.83,8.83
12,0.66,8.83,8.83
13,0.66,8.83,8.83
14,0.66,8.83,8.83
15,0.66,8.83,8.83
16,0.66,8.83,8.83
17,0.66,8.83,8.83
18,0.66,8.83,8.83
19,0.66,8.83,8.83
20,0.66,8.83,8.83
21,0.66,8.83,8.83
22,0.66,8.83,8.83
23,0.66,8.83,8.83
24,0.66,8.83,8.83
25,8.83,8.83,8.83
26,8.83,8.83,8.83
27,8.83,8.83,8.83
28,8.83,8.83,8.83
29,8.83,8.83,8.83
30,8.83,8.83,8.83
31,8.83,8.83,8.83
32,8.83,8.83,8.83
33,8.83,8.83,8.83
34,8.83,8.83,8.83
35,8.83,8.83,8.83
36,8.83,8.83,8.83
37,8.83,8.83,8.83
38,8.83,8.83,8.83
39,8.83,8.83,8.83
40,8.83,8.83,8.83
41,8.83,8.83,8.83
42,8.83,8.83,8.83
43,8.83,8.83,8.83
44,8.83,8.83,8.83
45,8.83,8.83,8.83
46,8.83,8.83,8.83
47,8.83,8.83,8.83
48,8.83,8.83,8.83
49,8.83,8.83,8.83
50,8.83,8.83,8.83
51,8.83,8.83,8.83
52,8.83,8.83,8.83
53,8.83,8.83,8.83
54,8.83,8.83,8.83
55,8.83,8.83,8.83
56,8.83,8.83,8.83
57,8.83,8.83,8.83
58,8.83,8.83,8.83
59,8.83,8.83,8.83
60,8.83,8.83,8.83
61,8.83,8.83,8.83
62,8.83,8.83,8.83
63,8.83,8.83,8.83
64,8.83,8.83,8.83
65,8.83,8.83,8.83
66,8.83,8.83,8.83
67,8.83,8.83,8.83
68,8.83,8.83,8.83
69,8.83,8.83,8.83
70,8.83,8.83,8.83
71,8.83,8.83,8.83
72,8.83,8.83,8.83
73,8.83,8.83,8.83
74,8.83,8.83,8.83
75,8.83,8.83,8.83
76,8.83,8.83,8.83
77,8.83,8.83,8.83
78,8.83,8.83,8.83
79,8.83,8.83,8.83
80,8.83,8.83,8.83
81,8.83,8.83,8.83
82,8.83,8.83,8.83
83,8.83,8.83,8.83
84,8.83,8.83,8.83
85,8.83,8.83,8.83
86,8.83,8.83,8.83
87,8.83,8.83,8.83
88,8.83,8.83,8.83
89,8.83,8.83,8.83
90,8.83,8.83,8.83
91,8.83,8.83,8.83
92,8.83,8.83,8.83
93,8.83,8.83,8.83
94,8.83,8.83,8.83
95,8.83,8.83,8.83
96,8.83,8.83,8.83
97,0.66,8.83,8.83
98,0.66,8.83,8.83
99,0.66,8.83,8.83
100,0.66,8.83,8.83
101,0.66,8.83,8.83
102,0.66,8.83,8.83
103,0.66,8.83,8.83
104,0.66,8.83,8.83
105,0.66,8.83,8.83
106,0.66,8.83,8.83
107,0.66,8.83,8.83
108,0.66,8.83,8.83
109,0.66,8.83,8.83
110,0.66,8.83,8.83
111,0.66,8.83,8.83
112,0.66,8.83,8.83
113,0.66,8.83,8.83
114,0.66,8.83,8.83
115,0.66,8.83,8.83
116,0.66,8.83,8.83
117,0.66,8.83,8.83
118,0.66,8.83,8.83
119,0.66,8.83,8.83
120,0.66,8.83,8.83
121,8.83,8.83,8.83
122,8.83,8.83,8.83
123,8.83,8.83,8.83
124,8.83,8.83,8.83
125,8.83,8.83,8.83
126,8.83,8.83,8.83
127,8.83,8.83,8.83
128,8.83,8.83,8.83
129,8.83,8.83,8.83
130,8.83,8.83,8.83
131,8.83,8.83,8.83
132,8.83,8.83,8.83
133,8.83,8.83,8.83
134,8.83,8.83,8.83
135,8.83,8.83,8.83
136,8.83,8.83,8.83
137,8.83,8.83,8.83
138,8.83,8.83,8.83
139,8.83,8.83,8.83
140,8.83,8.83,8.83
141,8.83,8.83,8.83
142,8.83,8.83,8.83
143,8.83,8.83,8.83
144,8.83,8.83,8.83
145,0.66,8.83,8.83
146,0.66,8.83,8.83
147,0.66,8.83,8.83
148,0.66,8.83,8.83
149,0.66,8.83,8.83
150,0.66,8.83,8.83
151,0.66,8.83,8.83
152,0.66,8.83,8.83
153,0.66,8.83,8.83
154,0.66,8.83,8.83
155,0.66,8.83,8.83
156,0.66,8.83,8.83
157,0.66,8.83,8.83
158,0.66,8.83,8.83
159,0.66,8.83,8.83
160,0.66,8.83,8.83
161,0.66,8.83,8.83
162,0.66,8.83,8.83
163,0.66,8.83,8.83
164,0.66,8.83,8.83
165,0.66,8.83,8.83
166,0.66,8.83,8.83
167,0.66,8.83,8.83
168,0.66,8.83,8.83
169,8.83,8.83,8.83
170,8.83,8.83,8.83
171,8.83,8.83,8.83
172,8.83,8.83,8.83
173,8.83,8.83,8.83
174,8.83,8.83,8.83
175,8.83,8.83,8.83
176,8.83,8.83,8.83
177,8.83,8.83,8.83
178,8.83,8.83,8.83
179,8.83,8.83,8.83
180,8.83,8.83,8.83
181,8.83,8.83,8.83
182,8.83,8.83,8.83
183,8.83,8.83,8.83
184,8.83,8.83,8.83
185,8.83,8.83,8.83
186,8.83,8.83,8.83
187,8.83,8.83,8.83
188,8.83,8.83,8.83
189,8.83,8.83,8.83
190,8.83,8.83,8.83
191,8.83,8.83,8.83
192,8.83,8.83,8.83
GAS_CHP_EC_DH,2010,2015,2020
1,0.0,0.0,0.0
2,0.0,0.0,0.0
3,0.0,0.0,0.0
4,0.0,0.0,0.0
5,0.0,0.0,0.0
6,0.0,0.0,0.0
7,0.0,0.0,0.0
8,0.0,0.0,0.0
9,0.0,0.0,0.0
10,0.0,0.0,0.0
11,0.0,0.0,0.0
12,0.0,0.0,0.0
13,0.0,0.0,0.0
14,0.0,0.0,0.0
15,0.0,0.0,0.0
16,0.0,0.0,0.0
17,0.0,0.0,0.0
18,0.0,0.0,0.0
19,0.0,0.0,0.0
20,0.0,0.0,0.0
21,0.0,0.0,0.0
22,0.0,0.0,0.0
23,0.0,0.0,0.0
24,0.0,0.0,0.0
25,0.0,0.0,0.0
26,0.0,0.0,0.0
27,0.0,0.0,0.0
28,0.0,0.0,0.0
29,0.0,0.0,0.0
30,0.0,0.0,0.0
31,0.0,0.0,0.0
32,0.0,0.0,0.0
33,0.0,0.0,0.0
34,0.0,0.0,0.0
35,0.0,0.0,0.0
36,0.0,0.0,0.0
37,0.0,0.0,0.0
38,0.0,0.0,0.0
39,0.0,0.0,0.0
40,0.0,0.0,0.0
41,0.0,0.0,0.0
42,0.0,0.0,0.0
43,0.0,0.0,0.0
44,0.0,0.0,0.0
45,0.0,0.0,0.0
46,0.0,0.0,0.0
47,0.0,0.0,0.0
48,0.0,0.0,0.0
49,0.0,0.0,0.0
50,0.0,0.0,0.0
51,0.0,0.0,0.0
52,0.0,0.0,0.0
53,0.0,0.0,0.0
54,0.0,0.0,0.0
55,0.0,0.0,0.0
56,0.0,0.0,0.0
57,0.0,0.0,0.0
58,0.0,0.0,0.0
59,0.0,0.0,0.0
60,0.0,0.0,0.0
61,0.0,0.0,0.0
62,0.0,0.0,0.0
63,0.0,0.0,0.0
64,0.0,0.0,0.0
65,0.0,0.0,0.0
66,0.0,0.0,0.0
67,0.0,0.0,0.0
68,0.0,0.0,0.0
69,0.0,0.0,0.0
70,0.0,0.0,0.0
71,0.0,0.0,0.0
72,0.0,0.0,0.0
73,0.0,0.0,0.0
74,0.0,0.0,0.0
75,0.0,0.0,0.0
76,0.0,0.0,0.0
77,0.0,0.0,0.0
78,0.0,0.0,0.0
79,0.0,0.0,0.0
80,0.0,0.0,0.0
81,0.0,0.0,0.0
82,0.0,0.0,0.0
83,0.0,0.0,0.0
84,0.0,0.0,0.0
85,0.0,0.0,0.0
86,0.0,0.0,0.0
87,0.0,0.0,0.0
88,0.0,0.0,0.0
89,0.0,0.0,0.0
90,0.0,0.0,0.0
91,0.0,0.0,0.0
92,0.0,0.0,0.0
93,0.0,0.0,0.0
94,0.0,0.0,0.0
95,0.0,0.0,0.0
96,0.0,0.0,0.0
97,0.0,0.0,0.0
98,0.0,0.0,0.0
99,0.0,0.0,0.0
100,0.0,0.0,0.0
101,0.0,0.0,0.0
102,0.0,0.0,0.0
103,0.0,0.0,0.0
104,0.0,0.0,0.0
105,0.0,0.0,0.0
106,0.0,0.0,0.0
107,0.0,0.0,0.0
108,0.0,0.0,0.0
109,0.0,0.0,0.0
110,0.0,0.0,0.0
111,0.0,0.0,0.0
112,0.0,0.0,0.0
113,0.0,0.0,0.0
114,0.0,0.0,0.0
115,0.0,0.0,0.0
116,0.0,0.0,0.0
117,0.0,0.0,0.0
118,0.0,0.0,0.0
119,0.0,0.0,0.0
120,0.0,0.0,0.0
121,0.0,0.0,0.0
122,0.0,0.0,0.0
123,0.0,0.0,0.0
124,0.0,0.0,0.0
125,0.0,0.0,0.0
126,0.0,0.0,0.0
127,0.0,0.0,0.0
128,0.0,0.0,0.0
129,0.0,0.0,0.0
130,0.0,0.0,0.0
131,0.0,0.0,0.0
132,0.0,0.0,0.0
133,0.0,0.0,0.0
134,0.0,0.0,0.0
135,0.0,0.0,0.0
136,0.0,0.0,0.0
137,0.0,0.0,0.0
138,0.0,0.0,0.0
139,0.0,0.0,0.0
140,0.0,0.0,0.0
141,0.0,0.0,0.0
142,0.0,0.0,0.0
143,0.0,0.0,0.0
144,0.0,0.0,0.0
145,0.0,0.0,0.0
146,0.0,0.0,0.0
147,0.0,0.0,0.0
148,0.0,0.0,0.0
149,0.0,0.0,0.0
150,0.0,0.0,0.0
151,0.0,0.0,0.0
152,0.0,0.0,0.0
153,0.0,0.0,0.0
154,0.0,0.0,0.0
155,0.0,0.0,0.0
156,0.0,0.0,0.0
157,0.0,0.0,0.0
158,0.0,0.0,0.0
159,0.0,0.0,0.0
160,0.0,0.0,0.0
161,0.0,0.0,0.0
162,0.0,0.0,0.0
163,0.0,0.0,0.0
164,0.0,0.0,0.0
165,0.0,0.0,0.0
166,0.0,0.0,0.0
167,0.0,0.0,0.0
168,0.0,0.0,0.0
169,0.0,0.0,0.0
170,0.0,0.0,0.0
171,0.0,0.0,0.0
172,0.0,0.0,0.0
173,0.0,0.0,0.0
174,0.0,0.0,0.0
175,0.0,0.0,0.0
176,0.0,0.0,0.0
177,0.0,0.0,0.0
178,0.0,0.0,0.0
179,0.0,0.0,0.0
180,0.0,0.0,0.0
181,0.0,0.0,0.0
182,0.0,0.0,0.0
183,0.0,0.0,0.0
184,0.0,0.0,0.0
185,0.0,0.0,0.0
186,0.0,0.0,0.0
187,0.0,0.0,0.0
188,0.0,0.0,0.0
189,0.0,0.0,0.0
190,0.0,0.0,0.0
191,0.0,0.0,0.0
192,0.0,0.0,0.0
COA_CHP_EC_CCS_DH,2010,2015,2020
1,0.0,0.0,0.0
2,0.0,0.0,0.0
3,0.0,0.0,0.0
4,0.0,0.0,0.0
5,0.0,0.0,0.0
6,0.0,0.0,0.0
7,0.0,0.0,0.0
8,0.0,0.0,0.0
9,0.0,0.0,0.0
10,0.0,0.0,0.0
11,0.0,0.0,0.0
12,0.0,0.0,0.0
13,0.0,0.0,0.0
14,0.0,0.0,0.0
15,0.0,0.0,0.0
16,0.0,0.0,0.0
17,0.0,0.0,0.0
18,0.0,0.0,0.0
19,0.0,0.0,0.0
20,0.0,0.0,0.0
21,0.0,0.0,0.0
22,0.0,0.0,0.0
23,0.0,0.0,0.0
24,0.0,0.0,0.0
25,0.0,0.0,0.0
26,0.0,0.0,0.0
27,0.0,0.0,0.0
28,0.0,0.0,0.0
29,0.0,0.0,0.0
30,0.0,0.0,0.0
31,0.0,0.0,0.0
32,0.0,0.0,0.0
33,0.0,0.0,0.0
34,0.0,0.0,0.0
35,0.0,0.0,0.0
36,0.0,0.0,0.0
37,0.0,0.0,0.0
38,0.0,0.0,0.0
39,0.0,0.0,0.0
40,0.0,0.0,0.0
41,0.0,0.0,0.0
42,0.0,0.0,0.0
43,0.0,0.0,0.0
44,0.0,0.0,0.0
45,0.0,0.0,0.0
46,0.0,0.0,0.0
47,0.0,0.0,0.0
48,0.0,0.0,0.0
49,0.0,0.0,0.0
50,0.0,0.0,0.0
51,0.0,0.0,0.0
52,0.0,0.0,0.0
53,0.0,0.0,0.0
54,0.0,0.0,0.0
55,0.0,0.0,0.0
56,0.0,0.0,0.0
57,0.0,0.0,0.0
58,0.0,0.0,0.0
59,0.0,0.0,0.0
60,0.0,0.0,0.0
61,0.0,0.0,0.0
62,0.0,0.0,0.0
63,0.0,0.0,0.0
64,0.0,0.0,0.0
65,0.0,0.0,0.0
66,0.0,0.0,0.0
67,0.0,0.0,0.0
68,0.0,0.0,0.0
69,0.0,0.0,0.0
70,0.0,0.0,0.0
71,0.0,0.0,0.0
72,0.0,0.0,0.0
73,0.0,0.0,0.0
74,0.0,0.0,0.0
75,0.0,0.0,0.0
76,0.0,0.0,0.0
77,0.0,0.0,0.0
78,0.0,0.0,0.0
79,0.0,0.0,0.0
80,0.0,0.0,0.0
81,0.0,0.0,0.0
82,0.0,0.0,0.0
83,0.0,0.0,0.0
84,0.0,0.0,0.0
85,0.0,0.0,0.0
86,0.0,0.0,0.0
87,0.0,0.0,0.0
88,0.0,0.0,0.0
89,0.0,0.0,0.0
90,0.0,0.0,0.0
91,0.0,0.0,0.0
92,0.0,0.0,0.0
93,0.0,0.0,0.0
94,0.0,0.0,0.0
95,0.0,0.0,0.0
96,0.0,0.0,0.0
97,0.0,0.0,0.0
98,0.0,0.0,0.0
99,0.0,0.0,0.0
100,0.0,0.0,0.0
101,0.0,0.0,0.0
102,0.0,0.0,0.0
103,0.0,0.0,0.0
104,0.0,0.0,0.0
105,0.0,0.0,0.0
106,0.0,0.0,0.0
107,0.0,0.0,0.0
108,0.0,0.0,0.0
109,0.0,0.0,0.0
110,0.0,0.0,0.0
111,0.0,0.0,0.0
112,0.0,0.0,0.0
113,0.0,0.0,0.0
114,0.0,0.0,0.0
115,0.0,0.0,0.0
116,0.0,0.0,0.0
117,0.0,0.0,0.0
118,0.0,0.0,0.0
119,0.0,0.0,0.0
120,0.0,0.0,0.0
121,0.0,0.0,0.0
122,0.0,0.0,0.0
123,0.0,0.0,0.0
124,0.0,0.0,0.0
125,0.0,0.0,0.0
126,0.0,0.0,0.0
127,0.0,0.0,0.0
128,0.0,0.0,0.0
129,0.0,0.0,0.0
130,0.0,0.0,0.0
131,0.0,0.0,0.0
132,0.0,0.0,0.0
133,0.0,0.0,0.0
134,0.0,0.0,0.0
135,0.0,0.0,0.0
136,0.0,0.0,0.0
137,0.0,0.0,0.0
138,0.0,0.0,0.0
139,0.0,0.0,0.0
140,0.0,0.0,0.0
141,0.0,0.0,0.0
142,0.0,0.0,0.0
143,0.0,0.0,0.0
144,0.0,0.0,0.0
145,0.0,0.0,0.0
146,0.0,0.0,0.0
147,0.0,0.0,0.0
148,0.0,0.0,0.0
149,0.0,0.0,0.0
150,0.0,0.0,0.0
151,0.0,0.0,0.0
152,0.0,0.0,0.0
153,0.0,0.0,0.0
154,0.0,0.0,0.0
155,0.0,0.0,0.0
156,0.0,0.0,0.0
157,0.0,0.0,0.0
158,0.0,0.0,0.0
159,0.0,0.0,0.0
160,0.0,0.0,0.0
161,0.0,0.0,0.0
162,0.0,0.0,0.0
163,0.0,0.0,0.0
164,0.0,0.0,0.0
165,0.0,0.0,0.0
166,0.0,0.0,0.0
167,0.0,0.0,0.0
168,0.0,0.0,0.0
169,0.0,0.0,0.0
170,0.0,0.0,0.0
171,0.0,0.0,0.0
172,0.0,0.0,0.0
173,0.0,0.0,0.0
174,0.0,0.0,0.0
175,0.0,0.0,0.0
176,0.0,0.0,0.0
177,0.0,0.0,0.0
178,0.0,0.0,0.0
179,0.0,0.0,0.0
180,0.0,0.0,0.0
181,0.0,0.0,0.0
182,0.0,0.0,0.0
183,0.0,0.0,0.0
184,0.0,0.0,0.0
185,0.0,0.0,0.0
186,0.0,0.0,0.0
187,0.0,0.0,0.0
188,0.0,0.0,0.0
189,0.0,0.0,0.0
190,0.0,0.0,0.0
191,0.0,0.0,0.0
192,0.0,0.0,0.0
GAS_CHP_EC_CCS_DH,2010,2015,2020
1,0.0,0.88,8.83
2,0.0,0.88,8.83
3,0.0,0.88,8.83
4,0.0,0.88,8.83
5,0.0,0.88,8.83
6,0.0,0.88,8.83
7,0.0,0.88,8.83
8,0.0,0.88,8.83
9,0.0,0.88,8.83
10,0.0,0.88,8.83
11,0.0,0.88,8.83
12,0.0,0.88,8.83
13,0.0,0.88,8.83
14,0.0,0.88,8.83
15,0.0,0.88,8.83
16,0.0,0.88,8.83
17,0.0,0.88,8.83
18,0.0,0.88,8.83
19,0.0,0.88,8.83
20,0.0,0.88,8.83
21,0.0,0.88,8.83
22,0.0,0.88,8.83
23,0.0,0.88,8.83
24,0.0,0.88,8.83
25,0.0,8.83,8.83
26,0.0,8.83,8.83
27,0.0,8.83,8.83
28,0.0,8.83,8.83
29,0.0,8.83,8.83
30,0.0,8.83,8.83
31,0.0,8.83,8.83
32,0.0,8.83,8.83
33,0.0,8.83,8.83
34,0.0,8.83,8.83
35,0.0,8.83,8.83
36,0.0,8.83,8.83
37,0.0,8.83,8.83
38,0.0,8.83,8.83
39,0.0,8.83,8.83
40,0.0,8.83,8.83
41,0.0,8.83,8.83
42,0.0,8.83,8.83
43,0.0,8.83,8.83
44,0.0,8.83,8.83
45,0.0,8.83,8.83
46,0.0,8.83,8.83
47,0.0,8.83,8.83
48,0.0,8.83,8.83
49,0.0,0.88,8.83
50,0.0,0.88,8.83
51,0.0,0.88,8.83
52,0.0,0.88,8.83
53,0.0,0.88,8.83
54,0.0,0.88,8.83
55,0.0,0.88,8.83
56,0.0,0.88,8.83
57,0.0,0.88,8.83
58,0.0,0.88,8.83
59,0.0,0.88,8.83
60,0.0,0.88,8.83
61,0.0,0.88,8.83
62,0.0,0.88,8.83
63,0.0,0.88,8.83
64,0.0,0.88,8.83
65,0.0,0.88,8.83
66,0.0,0.88,8.83
67,0.0,0.88,8.83
68,0.0,0.88,8.83
69,0.0,0.88,8.83
70,0.0,0.88,8.83
71,0.0,0.88,8.83
72,0.0,0.88,8.83
73,0.0,8.83,8.83
74,0.0,8.83,8.83
75,0.0,8.83,8.83
76,0.0,8.83,8.83
77,0.0,8.83,8.83
78,0.0,8.83,8.83
79,0.0,8.83,8.83
80,0.0,8.83,8.83
81,0.0,8.83,8.83
82,0.0,8.83,8.83
83,0.0,8.83,8.83
84,0.0,8.83,8.83
85,0.0,8.83,8.83
86,0.0,8.83,8.83
87,0.0,8.83,8.83
88,0.0,8.83,8.83
89,0.0,8.83,8.83
90,0.0,8.83,8.83
91,0.0,8.83,8.83
92,0.0,8.83,8.83
93,0.0,8.83,8.83
94,0.0,8.83,8.83
95,0.0,8.83,8.83
96,0.0,8.83,8.83
97,0.0,8.83,8.83
98,0.0,8.83,8.83
99,0.0,8.83,8.83
100,0.0,8.83,8.83
101,0.0,8.83,8.83
102,0.0,8.83,8.83
103,0.0,8.83,8.83
104,0.0,8.83,8.83
105,0.0,8.83,8.83
106,0.0,8.83,8.83
107,0.0,8.83,8.83
108,0.0,8.83,8.83
109,0.0,8.83,8.83
110,0.0,8.83,8.83
111,0.0,8.83,8.83
112,0.0,8.83,8.83
113,0.0,8.83,8.83
114,0.0,8.83,8.83
115,0.0,8.83,8.83
116,0.0,8.83,8.83
117,0.0,8.83,8.83
118,0.0,8.83,8.83
119,0.0,8.83,8.83
120,0.0,8.83,8.83
121,0.0,8.83,8.83
122,0.0,8.83,8.83
123,0.0,8.83,8.83
124,0.0,8.83,8.83
125,0.0,8.83,8.83
126,0.0,8.83,8.83
127,0.0,8.83,8.83
128,0.0,8.83,8.83
129,0.0,8.83,8.83
130,0.0,8.83,8.83
131,0.0,8.83,8.83
132,0.0,8.83,8.83
133,0.0,8.83,8.83
134,0.0,8.83,8.83
135,0.0,8.83,8.83
136,0.0,8.83,8.83
137,0.0,8.83,8.83
138,0.0,8.83,8.83
139,0.0,8.83,8.83
140,0.0,8.83,8.83
141,0.0,8.83,8.83
142,0.0,8.83,8.83
143,0.0,8.83,8.83
144,0.0,8.83,8.83
145,0.0,8.83,8.83
146,0.0,8.83,8.83
147,0.0,8.83,8.83
148,0.0,8.83,8.83
149,0.0,8.83,8.83
150,0.0,8.83,8.83
151,0.0,8.83,8.83
152,0.0,8.83,8.83
153,0.0,8.83,8.83
154,0.0,8.83,8.83
155,0.0,8.83,8.83
156,0.0,8.83,8.83
157,0.0,8.83,8.83
158,0.0,8.83,8.83
159,0.0,8.83,8.83
160,0.0,8.83,8.83
161,0.0,8.83,8.83
162,0.0,8.83,8.83
163,0.0,8.83,8.83
164,0.0,8.83,8.83
165,0.0,8.83,8.83
166,0.0,8.83,8.83
167,0.0,8.83,8.83
168,0.0,8.83,8.83
169,0.0,8.83,8.83
170,0.0,8.83,8.83
171,0.0,8.83,8.83
172,0.0,8.83,8.83
173,0.0,8.83,8.83
174,0.0,8.83,8.83
175,0.0,8.83,8.83
176,0.0,8.83,8.83
177,0.0,8.83,8.83
178,0.0,8.83,8.83
179,0.0,8.83,8.83
180,0.0,8.83,8.83
181,0.0,8.83,8.83
182,0.0,8.83,8.83
183,0.0,8.83,8.83
184,0.0,8.83,8.83
185,0.0,8.83,8.83
186,0.0,8.83,8.83
187,0.0,8.83,8.83
188,0.0,8.83,8.83
189,0.0,8.83,8.83
190,0.0,8.83,8.83
191,0.0,8.83,8.83
192,0.0,8.83,8.83
OIL_ST,2010,2015,2020
1,88.35,58.9,0.0
2,88.35,58.9,0.0
3,88.35,58.9,0.0
4,88.35,58.9,0.0
5,88.35,58.9,0.0
6,88.35,58.9,0.0
7,88.35,58.9,0.0
8,88.35,58.9,0.0
9,88.35,58.9,0.0
10,88.35,58.9,0.0
11,88.35,58.9,0.0
12,88.35,58.9,0.0
13,88.35,58.9,0.0
14,88.35,58.9,0.0
15,88.35,58.9,0.0
16,88.35,58.9,0.0
17,88.35,58.9,0.0
18,88.35,58.9,0.0
19,88.35,58.9,0.0
20,88.35,58.9,0.0
21,88.35,58.9,0.0
22,88.35,58.9,0.0
23,88.35,58.9,0.0
24,88.35,58.9,0.0
25,0.0,58.9,0.0
26,0.0,58.9,0.0
27,0.0,58.9,0.0
28,0.0,58.9,0.0
29,0.0,58.9,0.0
30,0.0,58.9,0.0
31,0.0,58.9,0.0
32,0.0,58.9,0.0
33,0.0,58.9,0.0
34,0.0,58.9,0.0
35,0.0,58.9,0.0
36,0.0,58.9,0.0
37,0.0,58.9,0.0
38,0.0,58.9,0.0
39,0.0,58.9,0.0
40,0.0,58.9,0.0
41,0.0,58.9,0.0
42,0.0,58.9,0.0
43,0.0,58.9,0.0
44,0.0,58.9,0.0
45,0.0,58.9,0.0
46,0.0,58.9,0.0
47,0.0,58.9,0.0
48,0.0,58.9,0.0
49,0.0,88.35,0.0
50,0.0,88.35,0.0
51,0.0,88.35,0.0
52,0.0,88.35,0.0
53,0.0,88.35,0.0
54,0.0,88.35,0.0
55,0.0,88.35,0.0
56,0.0,88.35,0.0
57,0.0,88.35,0.0
58,0.0,88.35,0.0
59,0.0,88.35,0.0
60,0.0,88.35,0.0
61,0.0,88.35,0.0
62,0.0,88.35,0.0
63,0.0,88.35,0.0
64,0.0,88.35,0.0
65,0.0,88.35,0.0
66,0.0,88.35,0.0
67,0.0,88.35,0.0
68,0.0,88.35,0.0
69,0.0,88.35,0.0
70,0.0,88.35,0.0
71,0.0,88.35,0.0
72,0.0,88.35,0.0
73,0.0,58.9,0.0
74,0.0,58.9,0.0
75,0.0,58.9,0.0
76,0.0,58.9,0.0
77,0.0,58.9,0.0
78,0.0,58.9,0.0
79,0.0,58.9,0.0
80,0.0,58.9,0.0
81,0.0,58.9,0.0
82,0.0,58.9,0.0
83,0.0,58.9,0.0
84,0.0,58.9,0.0
85,0.0,58.9,0.0
86,0.0,58.9,0.0
87,0.0,58.9,0.0
88,0.0,58.9,0.0
89,0.0,58.9,0.0
90,0.0,58.9,0.0
91,0.0,58.9,0.0
92,0.0,58.9,0.0
93,0.0,58.9,0.0
94,0.0,58.9,0.0
95,0.0,58.9,0.0
96,0.0,58.9,0.0
97,88.35,58.9,0.0
98,88.35,58.9,0.0
99,88.35,58.9,0.0
100,88.35,58.9,0.0
101,88.35,58.9,0.0
102,88.35,58.9,0.0
103,88.35,58.9,0.0
104,88.35,58.9,0.0
105,88.35,58.9,0.0
106,88.35,58.9,0.0
107,88.35,58.9,0.0
108,88.35,58.9,0.0
109,88.35,58.9,0.0
110,88.35,58.9,0.0
111,88.35,58.9,0.0
112,88.35,58.9,0.0
113,88.35,58.9,0.0
114,88.35,58.9,0.0
115,88.35,58.9,0.0
116,88.35,58.9,0.0
117,88.35,58.9,0.0
118,88.35,58.9,0.0
119,88.35,58.9,0.0
120,88.35,58.9,0.0
121,0.0,58.9,0.0
122,0.0,58.9,0.0
123,0.0,58.9,0.0
124,0.0,58.9,0.0
125,0.0,58.9,0.0
126,0.0,58.9,0.0
127,0.0,58.9,0.0
128,0.0,58.9,0.0
129,0.0,58.9,0.0
130,0.0,58.9,0.0
131,0.0,58.9,0.0
132,0.0,58.9,0.0
133,0.0,58.9,0.0
134,0.0,58.9,0.0
135,0.0,58.9,0.0
136,0.0,58.9,0.0
137,0.0,58.9,0.0
138,0.0,58.9,0.0
139,0.0,58.9,0.0
140,0.0,58.9,0.0
141,0.0,58.9,0.0
142,0.0,58.9,0.0
143,0.0,58.9,0.0
144,0.0,58.9,0.0
145,58.9,29.45,0.0
146,58.9,29.45,0.0
147,58.9,29.45,0.0
148,58.9,29.45,0.0
149,58.9,29.45,0.0
150,58.9,29.45,0.0
151,58.9,29.45,0.0
152,58.9,29.45,0.0
153,58.9,29.45,0.0
154,58.9,29.45,0.0
155,58.9,29.45,0.0
156,58.9,29.45,0.0
157,58.9,29.45,0.0
158,58.9,29.45,0.0
159,58.9,29.45,0.0
160,58.9,29.45,0.0
161,58.9,29.45,0.0
162,58.9,29.45,0.0
163,58.9,29.45,0.0
164,58.9,29.45,0.0
165,58.9,29.45,0.0
166,58.9,29.45,0.0
167,58.9,29.45,0.0
168,58.9,29.45,0.0
169,0.0,58.9,0.0
170,0.0,58.9,0.0
171,0.0,58.9,0.0
172,0.0,58.9,0.0
173,0.0,58.9,0.0
174,0.0,58.9,0.0
175,0.0,58.9,0.0
176,0.0,58.9,0.0
177,0.0,58.9,0.0
178,0.0,58.9,0.0
179,0.0,58.9,0.0
180,0.0,58.9,0.0
181,0.0,58.9,0.0
182,0.0,58.9,0.0
183,0.0,58.9,0.0
184,0.0,58.9,0.0
185,0.0,58.9,0.0
186,0.0,58.9,0.0
187,0.0,58.9,0.0
188,0.0,58.9,0.0
189,0.0,58.9,0.0
190,0.0,58.9,0.0
191,0.0,58.9,0.0
192,0.0,58.9,0.0
