COA_SUB_HC,2010,2015
1,636.12,353.4
2,611.35,0.0
3,554.57,0.0
4,636.12,0.0
5,636.12,0.0
6,636.12,353.4
7,636.12,353.4
8,636.12,478.21
9,636.12,444.64
10,636.12,431.8
11,636.12,408.28
12,636.12,485.68
13,636.12,379.88
14,636.12,382.37
15,636.12,419.69
16,636.12,402.51
17,636.12,445.5
18,636.12,622.0
19,636.12,592.16
20,636.12,444.36
21,636.12,407.24
22,636.12,353.4
23,636.12,353.4
24,636.12,353.4
25,550.35,0.0
26,636.12,0.0
27,636.12,0.0
28,636.12,0.0
29,636.12,0.0
30,636.12,0.0
31,636.12,0.0
32,569.54,0.0
33,540.3,0.0
34,594.95,0.0
35,614.21,0.0
36,622.6,0.0
37,536.86,0.0
38,516.64,0.0
39,541.9,0.0
40,624.89,0.0
41,636.12,0.0
42,636.12,0.0
43,636.12,0.0
44,636.12,0.0
45,636.12,0.0
46,630.61,0.0
47,611.97,0.0
48,580.23,0.0
49,636.12,0.0
50,636.12,0.0
51,612.29,0.0
52,569.37,0.0
53,611.18,0.0
54,636.12,0.0
55,537.35,0.0
56,602.01,0.0
57,612.99,0.0
58,636.12,0.0
59,626.9,0.0
60,629.37,0.0
61,545.98,0.0
62,543.99,0.0
63,561.21,0.0
64,600.63,0.0
65,636.12,0.0
66,613.31,0.0
67,636.12,0.0
68,636.12,0.0
69,636.12,0.0
70,600.97,0.0
71,555.31,0.0
72,636.12,0.0
73,575.06,0.0
74,459.2,0.0
75,510.87,0.0
76,455.65,0.0
77,451.75,0.0
78,492.79,0.0
79,500.61,0.0
80,461.5,0.0
81,491.77,0.0
82,504.04,0.0
83,505.18,0.0
84,524.03,0.0
85,428.29,0.0
86,474.87,0.0
87,472.48,0.0
88,467.73,0.0
89,499.02,0.0
90,516.35,0.0
91,583.9,0.0
92,636.12,0.0
93,636.12,0.0
94,602.56,0.0
95,626.82,0.0
96,578.19,0.0
97,652.02,0.0
98,544.57,0.0
99,505.54,0.0
100,676.23,0.0
101,700.62,0.0
102,603.03,0.0
103,703.27,0.0
104,703.27,0.0
105,703.27,0.0
106,703.27,0.0
107,703.27,0.0
108,703.27,0.0
109,703.27,0.0
110,703.27,0.0
111,703.27,0.0
112,703.27,0.0
113,703.27,0.0
114,703.27,0.0
115,703.27,0.0
116,703.27,0.0
117,703.27,0.0
118,703.27,0.0
119,703.27,0.0
120,703.27,0.0
121,464.76,0.0
122,573.49,0.0
123,618.65,0.0
124,570.78,0.0
125,555.04,0.0
126,551.74,0.0
127,568.99,0.0
128,600.03,0.0
129,552.43,0.0
130,580.3,0.0
131,598.76,0.0
132,628.54,0.0
133,565.55,0.0
134,618.65,0.0
135,606.13,0.0
136,589.58,0.0
137,445.85,0.0
138,446.41,0.0
139,501.26,0.0
140,502.27,0.0
141,493.17,0.0
142,495.75,0.0
143,495.97,0.0
144,457.75,0.0
145,636.12,0.0
146,636.12,0.0
147,636.12,0.0
148,632.26,0.0
149,636.12,0.0
150,636.12,0.0
151,636.12,0.0
152,636.12,353.4
153,636.12,353.4
154,636.12,353.4
155,636.12,353.4
156,636.12,353.4
157,636.12,353.4
158,636.12,353.4
159,636.12,353.4
160,636.12,353.4
161,636.12,353.4
162,636.12,353.4
163,636.12,353.4
164,636.12,353.4
165,636.12,353.4
166,636.12,0.0
167,636.12,0.0
168,548.37,0.0
169,636.12,0.0
170,626.24,0.0
171,570.58,0.0
172,505.35,0.0
173,501.86,0.0
174,556.09,0.0
175,593.97,0.0
176,636.12,0.0
177,636.12,0.0
178,636.12,0.0
179,636.12,0.0
180,636.12,0.0
181,587.63,0.0
182,631.51,0.0
183,636.12,0.0
184,600.57,0.0
185,636.12,0.0
186,636.12,0.0
187,636.12,0.0
188,636.12,0.0
189,636.12,0.0
190,636.12,0.0
191,636.12,0.0
192,636.12,0.0
COA_SC_HC,2010,2015
1,0.0,0.0
2,0.0,0.0
3,0.0,0.0
4,0.0,0.0
5,0.0,0.0
6,0.0,0.0
7,0.0,0.0
8,0.0,0.0
9,0.0,0.0
10,0.0,0.0
11,0.0,0.0
12,0.0,0.0
13,0.0,0.0
14,0.0,0.0
15,0.0,0.0
16,0.0,0.0
17,0.0,0.0
18,0.0,0.0
19,0.0,0.0
20,0.0,0.0
21,0.0,0.0
22,0.0,0.0
23,0.0,0.0
24,0.0,0.0
25,0.0,0.0
26,0.0,0.0
27,0.0,0.0
28,0.0,0.0
29,0.0,0.0
30,0.0,0.0
31,0.0,0.0
32,0.0,0.0
33,0.0,0.0
34,0.0,0.0
35,0.0,0.0
36,0.0,0.0
37,0.0,0.0
38,0.0,0.0
39,0.0,0.0
40,0.0,0.0
41,0.0,0.0
42,0.0,0.0
43,0.0,0.0
44,0.0,0.0
45,0.0,0.0
46,0.0,0.0
47,0.0,0.0
48,0.0,0.0
49,0.0,0.0
50,0.0,0.0
51,0.0,0.0
52,0.0,0.0
53,0.0,0.0
54,0.0,0.0
55,0.0,0.0
56,0.0,0.0
57,0.0,0.0
58,0.0,0.0
59,0.0,0.0
60,0.0,0.0
61,0.0,0.0
62,0.0,0.0
63,0.0,0.0
64,0.0,0.0
65,0.0,0.0
66,0.0,0.0
67,0.0,0.0
68,0.0,0.0
69,0.0,0.0
70,0.0,0.0
71,0.0,0.0
72,0.0,0.0
73,0.0,0.0
74,0.0,0.0
75,0.0,0.0
76,0.0,0.0
77,0.0,0.0
78,0.0,0.0
79,0.0,0.0
80,0.0,0.0
81,0.0,0.0
82,0.0,0.0
83,0.0,0.0
84,0.0,0.0
85,0.0,0.0
86,0.0,0.0
87,0.0,0.0
88,0.0,0.0
89,0.0,0.0
90,0.0,0.0
91,0.0,0.0
92,0.0,0.0
93,0.0,0.0
94,0.0,0.0
95,0.0,0.0
96,0.0,0.0
97,0.0,0.0
98,0.0,0.0
99,0.0,0.0
100,0.0,0.0
101,0.0,0.0
102,0.0,0.0
103,0.0,0.0
104,0.0,0.0
105,0.0,0.0
106,0.0,0.0
107,0.0,0.0
108,0.0,0.0
109,0.0,0.0
110,0.0,0.0
111,0.0,0.0
112,0.0,0.0
113,0.0,0.0
114,0.0,0.0
115,0.0,0.0
116,0.0,0.0
117,0.0,0.0
118,0.0,0.0
119,0.0,0.0
120,0.0,0.0
121,0.0,0.0
122,0.0,0.0
123,0.0,0.0
124,0.0,0.0
125,0.0,0.0
126,0.0,0.0
127,0.0,0.0
128,0.0,0.0
129,0.0,0.0
130,0.0,0.0
131,0.0,0.0
132,0.0,0.0
133,0.0,0.0
134,0.0,0.0
135,0.0,0.0
136,0.0,0.0
137,0.0,0.0
138,0.0,0.0
139,0.0,0.0
140,0.0,0.0
141,0.0,0.0
142,0.0,0.0
143,0.0,0.0
144,0.0,0.0
145,0.0,0.0
146,0.0,0.0
147,0.0,0.0
148,0.0,0.0
149,0.0,0.0
150,0.0,0.0
151,0.0,0.0
152,0.0,0.0
153,0.0,0.0
154,0.0,0.0
155,0.0,0.0
156,0.0,0.0
157,0.0,0.0
158,0.0,0.0
159,0.0,0.0
160,0.0,0.0
161,0.0,0.0
162,0.0,0.0
163,0.0,0.0
164,0.0,0.0
165,0.0,0.0
166,0.0,0.0
167,0.0,0.0
168,0.0,0.0
169,0.0,0.0
170,0.0,0.0
171,0.0,0.0
172,0.0,0.0
173,0.0,0.0
174,0.0,0.0
175,0.0,0.0
176,0.0,0.0
177,0.0,0.0
178,0.0,0.0
179,0.0,0.0
180,0.0,0.0
181,0.0,0.0
182,0.0,0.0
183,0.0,0.0
184,0.0,0.0
185,0.0,0.0
186,0.0,0.0
187,0.0,0.0
188,0.0,0.0
189,0.0,0.0
190,0.0,0.0
191,0.0,0.0
192,0.0,0.0
COA_USC_HC,2010,2015
1,0.0,0.0
2,0.0,0.0
3,0.0,0.0
4,0.0,0.0
5,0.0,0.0
6,0.0,0.0
7,0.0,0.0
8,0.0,0.0
9,0.0,0.0
10,0.0,0.0
11,0.0,0.0
12,0.0,0.0
13,0.0,0.0
14,0.0,0.0
15,0.0,0.0
16,0.0,0.0
17,0.0,0.0
18,0.0,0.0
19,0.0,0.0
20,0.0,0.0
21,0.0,0.0
22,0.0,0.0
23,0.0,0.0
24,0.0,0.0
25,0.0,0.0
26,0.0,0.0
27,0.0,0.0
28,0.0,0.0
29,0.0,0.0
30,0.0,0.0
31,0.0,0.0
32,0.0,0.0
33,0.0,0.0
34,0.0,0.0
35,0.0,0.0
36,0.0,0.0
37,0.0,0.0
38,0.0,0.0
39,0.0,0.0
40,0.0,0.0
41,0.0,0.0
42,0.0,0.0
43,0.0,0.0
44,0.0,0.0
45,0.0,0.0
46,0.0,0.0
47,0.0,0.0
48,0.0,0.0
49,0.0,0.0
50,0.0,0.0
51,0.0,0.0
52,0.0,0.0
53,0.0,0.0
54,0.0,0.0
55,0.0,0.0
56,0.0,0.0
57,0.0,0.0
58,0.0,0.0
59,0.0,0.0
60,0.0,0.0
61,0.0,0.0
62,0.0,0.0
63,0.0,0.0
64,0.0,0.0
65,0.0,0.0
66,0.0,0.0
67,0.0,0.0
68,0.0,0.0
69,0.0,0.0
70,0.0,0.0
71,0.0,0.0
72,0.0,0.0
73,0.0,0.0
74,0.0,0.0
75,0.0,0.0
76,0.0,0.0
77,0.0,0.0
78,0.0,0.0
79,0.0,0.0
80,0.0,0.0
81,0.0,0.0
82,0.0,0.0
83,0.0,0.0
84,0.0,0.0
85,0.0,0.0
86,0.0,0.0
87,0.0,0.0
88,0.0,0.0
89,0.0,0.0
90,0.0,0.0
91,0.0,0.0
92,0.0,0.0
93,0.0,0.0
94,0.0,0.0
95,0.0,0.0
96,0.0,0.0
97,0.0,0.0
98,0.0,0.0
99,0.0,0.0
100,0.0,0.0
101,0.0,0.0
102,0.0,0.0
103,0.0,0.0
104,0.0,0.0
105,0.0,0.0
106,0.0,0.0
107,0.0,0.0
108,0.0,0.0
109,0.0,0.0
110,0.0,0.0
111,0.0,0.0
112,0.0,0.0
113,0.0,0.0
114,0.0,0.0
115,0.0,0.0
116,0.0,0.0
117,0.0,0.0
118,0.0,0.0
119,0.0,0.0
120,0.0,0.0
121,0.0,0.0
122,0.0,0.0
123,0.0,0.0
124,0.0,0.0
125,0.0,0.0
126,0.0,0.0
127,0.0,0.0
128,0.0,0.0
129,0.0,0.0
130,0.0,0.0
131,0.0,0.0
132,0.0,0.0
133,0.0,0.0
134,0.0,0.0
135,0.0,0.0
136,0.0,0.0
137,0.0,0.0
138,0.0,0.0
139,0.0,0.0
140,0.0,0.0
141,0.0,0.0
142,0.0,0.0
143,0.0,0.0
144,0.0,0.0
145,0.0,0.0
146,0.0,0.0
147,0.0,0.0
148,0.0,0.0
149,0.0,0.0
150,0.0,0.0
151,0.0,0.0
152,0.0,0.0
153,0.0,0.0
154,0.0,0.0
155,0.0,0.0
156,0.0,0.0
157,0.0,0.0
158,0.0,0.0
159,0.0,0.0
160,0.0,0.0
161,0.0,0.0
162,0.0,0.0
163,0.0,0.0
164,0.0,0.0
165,0.0,0.0
166,0.0,0.0
167,0.0,0.0
168,0.0,0.0
169,0.0,0.0
170,0.0,0.0
171,0.0,0.0
172,0.0,0.0
173,0.0,0.0
174,0.0,0.0
175,0.0,0.0
176,0.0,0.0
177,0.0,0.0
178,0.0,0.0
179,0.0,0.0
180,0.0,0.0
181,0.0,0.0
182,0.0,0.0
183,0.0,0.0
184,0.0,0.0
185,0.0,0.0
186,0.0,0.0
187,0.0,0.0
188,0.0,0.0
189,0.0,0.0
190,0.0,0.0
191,0.0,0.0
192,0.0,0.0
COA_IGCC_HC,2010,2015
1,0.0,0.0
2,0.0,0.0
3,0.0,0.0
4,0.0,0.0
5,0.0,0.0
6,0.0,0.0
7,0.0,0.0
8,0.0,0.0
9,0.0,0.0
10,0.0,0.0
11,0.0,0.0
12,0.0,0.0
13,0.0,0.0
14,0.0,0.0
15,0.0,0.0
16,0.0,0.0
17,0.0,0.0
18,0.0,0.0
19,0.0,0.0
20,0.0,0.0
21,0.0,0.0
22,0.0,0.0
23,0.0,0.0
24,0.0,0.0
25,0.0,0.0
26,0.0,0.0
27,0.0,0.0
28,0.0,0.0
29,0.0,0.0
30,0.0,0.0
31,0.0,0.0
32,0.0,0.0
33,0.0,0.0
34,0.0,0.0
35,0.0,0.0
36,0.0,0.0
37,0.0,0.0
38,0.0,0.0
39,0.0,0.0
40,0.0,0.0
41,0.0,0.0
42,0.0,0.0
43,0.0,0.0
44,0.0,0.0
45,0.0,0.0
46,0.0,0.0
47,0.0,0.0
48,0.0,0.0
49,0.0,0.0
50,0.0,0.0
51,0.0,0.0
52,0.0,0.0
53,0.0,0.0
54,0.0,0.0
55,0.0,0.0
56,0.0,0.0
57,0.0,0.0
58,0.0,0.0
59,0.0,0.0
60,0.0,0.0
61,0.0,0.0
62,0.0,0.0
63,0.0,0.0
64,0.0,0.0
65,0.0,0.0
66,0.0,0.0
67,0.0,0.0
68,0.0,0.0
69,0.0,0.0
70,0.0,0.0
71,0.0,0.0
72,0.0,0.0
73,0.0,0.0
74,0.0,0.0
75,0.0,0.0
76,0.0,0.0
77,0.0,0.0
78,0.0,0.0
79,0.0,0.0
80,0.0,0.0
81,0.0,0.0
82,0.0,0.0
83,0.0,0.0
84,0.0,0.0
85,0.0,0.0
86,0.0,0.0
87,0.0,0.0
88,0.0,0.0
89,0.0,0.0
90,0.0,0.0
91,0.0,0.0
92,0.0,0.0
93,0.0,0.0
94,0.0,0.0
95,0.0,0.0
96,0.0,0.0
97,0.0,0.0
98,0.0,0.0
99,0.0,0.0
100,0.0,0.0
101,0.0,0.0
102,0.0,0.0
103,0.0,0.0
104,0.0,0.0
105,0.0,0.0
106,0.0,0.0
107,0.0,0.0
108,0.0,0.0
109,0.0,0.0
110,0.0,0.0
111,0.0,0.0
112,0.0,0.0
113,0.0,0.0
114,0.0,0.0
115,0.0,0.0
116,0.0,0.0
117,0.0,0.0
118,0.0,0.0
119,0.0,0.0
120,0.0,0.0
121,0.0,0.0
122,0.0,0.0
123,0.0,0.0
124,0.0,0.0
125,0.0,0.0
126,0.0,0.0
127,0.0,0.0
128,0.0,0.0
129,0.0,0.0
130,0.0,0.0
131,0.0,0.0
132,0.0,0.0
133,0.0,0.0
134,0.0,0.0
135,0.0,0.0
136,0.0,0.0
137,0.0,0.0
138,0.0,0.0
139,0.0,0.0
140,0.0,0.0
141,0.0,0.0
142,0.0,0.0
143,0.0,0.0
144,0.0,0.0
145,0.0,0.0
146,0.0,0.0
147,0.0,0.0
148,0.0,0.0
149,0.0,0.0
150,0.0,0.0
151,0.0,0.0
152,0.0,0.0
153,0.0,0.0
154,0.0,0.0
155,0.0,0.0
156,0.0,0.0
157,0.0,0.0
158,0.0,0.0
159,0.0,0.0
160,0.0,0.0
161,0.0,0.0
162,0.0,0.0
163,0.0,0.0
164,0.0,0.0
165,0.0,0.0
166,0.0,0.0
167,0.0,0.0
168,0.0,0.0
169,0.0,0.0
170,0.0,0.0
171,0.0,0.0
172,0.0,0.0
173,0.0,0.0
174,0.0,0.0
175,0.0,0.0
176,0.0,0.0
177,0.0,0.0
178,0.0,0.0
179,0.0,0.0
180,0.0,0.0
181,0.0,0.0
182,0.0,0.0
183,0.0,0.0
184,0.0,0.0
185,0.0,0.0
186,0.0,0.0
187,0.0,0.0
188,0.0,0.0
189,0.0,0.0
190,0.0,0.0
191,0.0,0.0
192,0.0,0.0
COA_USC_POS_CCS_HC,2010,2015
1,0.0,0.0
2,0.0,0.0
3,0.0,0.0
4,0.0,0.0
5,0.0,0.0
6,0.0,0.0
7,0.0,0.0
8,0.0,0.0
9,0.0,0.0
10,0.0,0.0
11,0.0,0.0
12,0.0,0.0
13,0.0,0.0
14,0.0,0.0
15,0.0,0.0
16,0.0,0.0
17,0.0,0.0
18,0.0,0.0
19,0.0,0.0
20,0.0,0.0
21,0.0,0.0
22,0.0,0.0
23,0.0,0.0
24,0.0,0.0
25,0.0,0.0
26,0.0,0.0
27,0.0,0.0
28,0.0,0.0
29,0.0,0.0
30,0.0,0.0
31,0.0,0.0
32,0.0,0.0
33,0.0,0.0
34,0.0,0.0
35,0.0,0.0
36,0.0,0.0
37,0.0,0.0
38,0.0,0.0
39,0.0,0.0
40,0.0,0.0
41,0.0,0.0
42,0.0,0.0
43,0.0,0.0
44,0.0,0.0
45,0.0,0.0
46,0.0,0.0
47,0.0,0.0
48,0.0,0.0
49,0.0,0.0
50,0.0,0.0
51,0.0,0.0
52,0.0,0.0
53,0.0,0.0
54,0.0,0.0
55,0.0,0.0
56,0.0,0.0
57,0.0,0.0
58,0.0,0.0
59,0.0,0.0
60,0.0,0.0
61,0.0,0.0
62,0.0,0.0
63,0.0,0.0
64,0.0,0.0
65,0.0,0.0
66,0.0,0.0
67,0.0,0.0
68,0.0,0.0
69,0.0,0.0
70,0.0,0.0
71,0.0,0.0
72,0.0,0.0
73,0.0,0.0
74,0.0,0.0
75,0.0,0.0
76,0.0,0.0
77,0.0,0.0
78,0.0,0.0
79,0.0,0.0
80,0.0,0.0
81,0.0,0.0
82,0.0,0.0
83,0.0,0.0
84,0.0,0.0
85,0.0,0.0
86,0.0,0.0
87,0.0,0.0
88,0.0,0.0
89,0.0,0.0
90,0.0,0.0
91,0.0,0.0
92,0.0,0.0
93,0.0,0.0
94,0.0,0.0
95,0.0,0.0
96,0.0,0.0
97,0.0,0.0
98,0.0,0.0
99,0.0,0.0
100,0.0,0.0
101,0.0,0.0
102,0.0,0.0
103,0.0,0.0
104,0.0,0.0
105,0.0,0.0
106,0.0,0.0
107,0.0,0.0
108,0.0,0.0
109,0.0,0.0
110,0.0,0.0
111,0.0,0.0
112,0.0,0.0
113,0.0,0.0
114,0.0,0.0
115,0.0,0.0
116,0.0,0.0
117,0.0,0.0
118,0.0,0.0
119,0.0,0.0
120,0.0,0.0
121,0.0,0.0
122,0.0,0.0
123,0.0,0.0
124,0.0,0.0
125,0.0,0.0
126,0.0,0.0
127,0.0,0.0
128,0.0,0.0
129,0.0,0.0
130,0.0,0.0
131,0.0,0.0
132,0.0,0.0
133,0.0,0.0
134,0.0,0.0
135,0.0,0.0
136,0.0,0.0
137,0.0,0.0
138,0.0,0.0
139,0.0,0.0
140,0.0,0.0
141,0.0,0.0
142,0.0,0.0
143,0.0,0.0
144,0.0,0.0
145,0.0,0.0
146,0.0,0.0
147,0.0,0.0
148,0.0,0.0
149,0.0,0.0
150,0.0,0.0
151,0.0,0.0
152,0.0,0.0
153,0.0,0.0
154,0.0,0.0
155,0.0,0.0
156,0.0,0.0
157,0.0,0.0
158,0.0,0.0
159,0.0,0.0
160,0.0,0.0
161,0.0,0.0
162,0.0,0.0
163,0.0,0.0
164,0.0,0.0
165,0.0,0.0
166,0.0,0.0
167,0.0,0.0
168,0.0,0.0
169,0.0,0.0
170,0.0,0.0
171,0.0,0.0
172,0.0,0.0
173,0.0,0.0
174,0.0,0.0
175,0.0,0.0
176,0.0,0.0
177,0.0,0.0
178,0.0,0.0
179,0.0,0.0
180,0.0,0.0
181,0.0,0.0
182,0.0,0.0
183,0.0,0.0
184,0.0,0.0
185,0.0,0.0
186,0.0,0.0
187,0.0,0.0
188,0.0,0.0
189,0.0,0.0
190,0.0,0.0
191,0.0,0.0
192,0.0,0.0
COA_USC_OXY_CCS_HC,2010,2015
1,0.0,0.0
2,0.0,0.0
3,0.0,0.0
4,0.0,0.0
5,0.0,0.0
6,0.0,0.0
7,0.0,0.0
8,0.0,0.0
9,0.0,0.0
10,0.0,0.0
11,0.0,0.0
12,0.0,0.0
13,0.0,0.0
14,0.0,0.0
15,0.0,0.0
16,0.0,0.0
17,0.0,0.0
18,0.0,0.0
19,0.0,0.0
20,0.0,0.0
21,0.0,0.0
22,0.0,0.0
23,0.0,0.0
24,0.0,0.0
25,0.0,0.0
26,0.0,0.0
27,0.0,0.0
28,0.0,0.0
29,0.0,0.0
30,0.0,0.0
31,0.0,0.0
32,0.0,0.0
33,0.0,0.0
34,0.0,0.0
35,0.0,0.0
36,0.0,0.0
37,0.0,0.0
38,0.0,0.0
39,0.0,0.0
40,0.0,0.0
41,0.0,0.0
42,0.0,0.0
43,0.0,0.0
44,0.0,0.0
45,0.0,0.0
46,0.0,0.0
47,0.0,0.0
48,0.0,0.0
49,0.0,0.0
50,0.0,0.0
51,0.0,0.0
52,0.0,0.0
53,0.0,0.0
54,0.0,0.0
55,0.0,0.0
56,0.0,0.0
57,0.0,0.0
58,0.0,0.0
59,0.0,0.0
60,0.0,0.0
61,0.0,0.0
62,0.0,0.0
63,0.0,0.0
64,0.0,0.0
65,0.0,0.0
66,0.0,0.0
67,0.0,0.0
68,0.0,0.0
69,0.0,0.0
70,0.0,0.0
71,0.0,0.0
72,0.0,0.0
73,0.0,0.0
74,0.0,0.0
75,0.0,0.0
76,0.0,0.0
77,0.0,0.0
78,0.0,0.0
79,0.0,0.0
80,0.0,0.0
81,0.0,0.0
82,0.0,0.0
83,0.0,0.0
84,0.0,0.0
85,0.0,0.0
86,0.0,0.0
87,0.0,0.0
88,0.0,0.0
89,0.0,0.0
90,0.0,0.0
91,0.0,0.0
92,0.0,0.0
93,0.0,0.0
94,0.0,0.0
95,0.0,0.0
96,0.0,0.0
97,0.0,0.0
98,0.0,0.0
99,0.0,0.0
100,0.0,0.0
101,0.0,0.0
102,0.0,0.0
103,0.0,0.0
104,0.0,0.0
105,0.0,0.0
106,0.0,0.0
107,0.0,0.0
108,0.0,0.0
109,0.0,0.0
110,0.0,0.0
111,0.0,0.0
112,0.0,0.0
113,0.0,0.0
114,0.0,0.0
115,0.0,0.0
116,0.0,0.0
117,0.0,0.0
118,0.0,0.0
119,0.0,0.0
120,0.0,0.0
121,0.0,0.0
122,0.0,0.0
123,0.0,0.0
124,0.0,0.0
125,0.0,0.0
126,0.0,0.0
127,0.0,0.0
128,0.0,0.0
129,0.0,0.0
130,0.0,0.0
131,0.0,0.0
132,0.0,0.0
133,0.0,0.0
134,0.0,0.0
135,0.0,0.0
136,0.0,0.0
137,0.0,0.0
138,0.0,0.0
139,0.0,0.0
140,0.0,0.0
141,0.0,0.0
142,0.0,0.0
143,0.0,0.0
144,0.0,0.0
145,0.0,0.0
146,0.0,0.0
147,0.0,0.0
148,0.0,0.0
149,0.0,0.0
150,0.0,0.0
151,0.0,0.0
152,0.0,0.0
153,0.0,0.0
154,0.0,0.0
155,0.0,0.0
156,0.0,0.0
157,0.0,0.0
158,0.0,0.0
159,0.0,0.0
160,0.0,0.0
161,0.0,0.0
162,0.0,0.0
163,0.0,0.0
164,0.0,0.0
165,0.0,0.0
166,0.0,0.0
167,0.0,0.0
168,0.0,0.0
169,0.0,0.0
170,0.0,0.0
171,0.0,0.0
172,0.0,0.0
173,0.0,0.0
174,0.0,0.0
175,0.0,0.0
176,0.0,0.0
177,0.0,0.0
178,0.0,0.0
179,0.0,0.0
180,0.0,0.0
181,0.0,0.0
182,0.0,0.0
183,0.0,0.0
184,0.0,0.0
185,0.0,0.0
186,0.0,0.0
187,0.0,0.0
188,0.0,0.0
189,0.0,0.0
190,0.0,0.0
191,0.0,0.0
192,0.0,0.0
COA_USC_PRE_CCS_HC,2010,2015
1,0.0,0.0
2,0.0,0.0
3,0.0,0.0
4,0.0,0.0
5,0.0,0.0
6,0.0,0.0
7,0.0,0.0
8,0.0,0.0
9,0.0,0.0
10,0.0,0.0
11,0.0,0.0
12,0.0,0.0
13,0.0,0.0
14,0.0,0.0
15,0.0,0.0
16,0.0,0.0
17,0.0,0.0
18,0.0,0.0
19,0.0,0.0
20,0.0,0.0
21,0.0,0.0
22,0.0,0.0
23,0.0,0.0
24,0.0,0.0
25,0.0,0.0
26,0.0,0.0
27,0.0,0.0
28,0.0,0.0
29,0.0,0.0
30,0.0,0.0
31,0.0,0.0
32,0.0,0.0
33,0.0,0.0
34,0.0,0.0
35,0.0,0.0
36,0.0,0.0
37,0.0,0.0
38,0.0,0.0
39,0.0,0.0
40,0.0,0.0
41,0.0,0.0
42,0.0,0.0
43,0.0,0.0
44,0.0,0.0
45,0.0,0.0
46,0.0,0.0
47,0.0,0.0
48,0.0,0.0
49,0.0,0.0
50,0.0,0.0
51,0.0,0.0
52,0.0,0.0
53,0.0,0.0
54,0.0,0.0
55,0.0,0.0
56,0.0,0.0
57,0.0,0.0
58,0.0,0.0
59,0.0,0.0
60,0.0,0.0
61,0.0,0.0
62,0.0,0.0
63,0.0,0.0
64,0.0,0.0
65,0.0,0.0
66,0.0,0.0
67,0.0,0.0
68,0.0,0.0
69,0.0,0.0
70,0.0,0.0
71,0.0,0.0
72,0.0,0.0
73,0.0,0.0
74,0.0,0.0
75,0.0,0.0
76,0.0,0.0
77,0.0,0.0
78,0.0,0.0
79,0.0,0.0
80,0.0,0.0
81,0.0,0.0
82,0.0,0.0
83,0.0,0.0
84,0.0,0.0
85,0.0,0.0
86,0.0,0.0
87,0.0,0.0
88,0.0,0.0
89,0.0,0.0
90,0.0,0.0
91,0.0,0.0
92,0.0,0.0
93,0.0,0.0
94,0.0,0.0
95,0.0,0.0
96,0.0,0.0
97,0.0,0.0
98,0.0,0.0
99,0.0,0.0
100,0.0,0.0
101,0.0,0.0
102,0.0,0.0
103,0.0,0.0
104,0.0,0.0
105,0.0,0.0
106,0.0,0.0
107,0.0,0.0
108,0.0,0.0
109,0.0,0.0
110,0.0,0.0
111,0.0,0.0
112,0.0,0.0
113,0.0,0.0
114,0.0,0.0
115,0.0,0.0
116,0.0,0.0
117,0.0,0.0
118,0.0,0.0
119,0.0,0.0
120,0.0,0.0
121,0.0,0.0
122,0.0,0.0
123,0.0,0.0
124,0.0,0.0
125,0.0,0.0
126,0.0,0.0
127,0.0,0.0
128,0.0,0.0
129,0.0,0.0
130,0.0,0.0
131,0.0,0.0
132,0.0,0.0
133,0.0,0.0
134,0.0,0.0
135,0.0,0.0
136,0.0,0.0
137,0.0,0.0
138,0.0,0.0
139,0.0,0.0
140,0.0,0.0
141,0.0,0.0
142,0.0,0.0
143,0.0,0.0
144,0.0,0.0
145,0.0,0.0
146,0.0,0.0
147,0.0,0.0
148,0.0,0.0
149,0.0,0.0
150,0.0,0.0
151,0.0,0.0
152,0.0,0.0
153,0.0,0.0
154,0.0,0.0
155,0.0,0.0
156,0.0,0.0
157,0.0,0.0
158,0.0,0.0
159,0.0,0.0
160,0.0,0.0
161,0.0,0.0
162,0.0,0.0
163,0.0,0.0
164,0.0,0.0
165,0.0,0.0
166,0.0,0.0
167,0.0,0.0
168,0.0,0.0
169,0.0,0.0
170,0.0,0.0
171,0.0,0.0
172,0.0,0.0
173,0.0,0.0
174,0.0,0.0
175,0.0,0.0
176,0.0,0.0
177,0.0,0.0
178,0.0,0.0
179,0.0,0.0
180,0.0,0.0
181,0.0,0.0
182,0.0,0.0
183,0.0,0.0
184,0.0,0.0
185,0.0,0.0
186,0.0,0.0
187,0.0,0.0
188,0.0,0.0
189,0.0,0.0
190,0.0,0.0
191,0.0,0.0
192,0.0,0.0
GAS_GT,2010,2015
1,0.0,0.0
2,0.0,0.0
3,0.0,0.0
4,0.0,0.0
5,0.0,0.0
6,0.0,0.0
7,0.0,0.0
8,0.0,0.0
9,0.0,0.0
10,0.0,0.0
11,0.0,0.0
12,0.0,0.0
13,0.0,0.0
14,0.0,0.0
15,0.0,0.0
16,0.0,0.0
17,25.08,0.0
18,258.4,0.0
19,257.6,0.0
20,106.02,0.0
21,0.0,0.0
22,0.0,0.0
23,0.0,0.0
24,0.0,0.0
25,0.0,0.0
26,0.0,0.0
27,0.0,0.0
28,0.0,0.0
29,0.0,0.0
30,0.0,0.0
31,0.0,0.0
32,0.0,0.0
33,0.0,0.0
34,0.0,0.0
35,0.0,0.0
36,0.0,0.0
37,0.0,0.0
38,0.0,0.0
39,0.0,0.0
40,0.0,0.0
41,0.0,0.0
42,0.0,106.02
43,0.0,106.02
44,0.0,106.02
45,0.0,0.0
46,0.0,0.0
47,0.0,0.0
48,0.0,0.0
49,0.0,0.0
50,0.0,0.0
51,0.0,0.0
52,0.0,0.0
53,0.0,0.0
54,0.0,0.0
55,0.0,0.0
56,0.0,0.0
57,0.0,0.0
58,0.0,0.0
59,0.0,0.0
60,0.0,0.0
61,0.0,0.0
62,0.0,0.0
63,0.0,0.0
64,0.0,0.0
65,0.0,0.0
66,0.0,0.0
67,0.0,0.0
68,0.0,0.0
69,0.0,0.0
70,0.0,0.0
71,0.0,0.0
72,0.0,0.0
73,0.0,0.0
74,0.0,0.0
75,0.0,0.0
76,0.0,0.0
77,0.0,0.0
78,0.0,0.0
79,0.0,0.0
80,0.0,0.0
81,0.0,0.0
82,0.0,0.0
83,0.0,0.0
84,0.0,0.0
85,0.0,0.0
86,0.0,0.0
87,0.0,0.0
88,0.0,0.0
89,0.0,0.0
90,0.0,0.0
91,0.0,0.0
92,0.0,0.0
93,0.0,0.0
94,0.0,0.0
95,0.0,0.0
96,0.0,0.0
97,0.0,0.0
98,0.0,0.0
99,0.0,0.0
100,0.0,0.0
101,0.0,0.0
102,0.0,0.0
103,0.0,0.0
104,0.0,0.0
105,0.0,0.0
106,0.0,0.0
107,0.0,0.0
108,0.0,0.0
109,0.0,0.0
110,0.0,0.0
111,0.0,0.0
112,0.0,0.0
113,0.0,0.0
114,0.0,0.0
115,0.0,0.0
116,0.0,0.0
117,0.0,0.0
118,0.0,0.0
119,0.0,0.0
120,0.0,0.0
121,0.0,0.0
122,0.0,0.0
123,0.0,0.0
124,0.0,0.0
125,0.0,0.0
126,0.0,0.0
127,0.0,0.0
128,0.0,0.0
129,0.0,0.0
130,0.0,0.0
131,0.0,0.0
132,0.0,0.0
133,0.0,0.0
134,0.0,0.0
135,0.0,0.0
136,0.0,0.0
137,0.0,0.0
138,0.0,0.0
139,0.0,0.0
140,0.0,0.0
141,0.0,0.0
142,0.0,0.0
143,0.0,0.0
144,0.0,0.0
145,0.0,0.0
146,0.0,0.0
147,0.0,0.0
148,0.0,0.0
149,0.0,0.0
150,0.0,0.0
151,0.0,0.0
152,0.0,0.0
153,0.0,0.0
154,0.0,0.0
155,0.0,0.0
156,0.0,0.0
157,0.0,0.0
158,0.0,0.0
159,0.0,0.0
160,0.0,0.0
161,0.0,0.0
162,0.0,0.0
163,0.0,0.0
164,0.0,0.0
165,0.0,0.0
166,0.0,0.0
167,0.0,0.0
168,0.0,0.0
169,0.0,0.0
170,0.0,0.0
171,0.0,0.0
172,0.0,0.0
173,0.0,0.0
174,0.0,0.0
175,0.0,0.0
176,0.0,0.0
177,0.0,0.0
178,0.0,0.0
179,0.0,0.0
180,0.0,0.0
181,0.0,0.0
182,0.0,0.0
183,0.0,0.0
184,0.0,0.0
185,0.0,0.0
186,0.0,0.0
187,0.0,0.0
188,0.0,0.0
189,0.0,0.0
190,0.0,0.0
191,0.0,0.0
192,0.0,0.0
GAS_CC,2010,2015
1,705.66,1144.74
2,636.12,1391.1
3,636.12,1325.93
4,491.06,1253.24
5,513.15,1279.22
6,679.6,1119.02
7,908.57,1296.28
8,1578.14,1455.79
9,1578.22,1455.79
10,1578.37,1455.79
11,1578.37,1455.79
12,1577.66,1455.79
13,1575.18,1455.79
14,1576.57,1455.79
15,1578.12,1455.79
16,1578.37,1455.79
17,1577.87,1455.79
18,1578.37,1455.79
19,1578.37,1455.79
20,1551.52,1455.79
21,1577.72,1455.79
22,897.23,1331.42
23,908.02,1296.15
24,836.49,1294.09
25,636.12,1282.38
26,499.14,1256.11
27,436.42,1184.25
28,358.49,1095.07
29,343.83,1078.6
30,390.95,1133.66
31,415.77,1162.33
32,636.12,1282.38
33,636.12,1282.38
34,636.12,1328.79
35,636.12,1364.51
36,636.12,1320.81
37,636.12,1279.51
38,636.12,1269.05
39,636.12,1278.55
40,636.12,1363.36
41,678.29,1342.06
42,853.33,1408.41
43,862.99,1414.5
44,792.75,1329.86
45,673.17,1294.42
46,636.12,1323.14
47,636.12,1316.01
48,636.12,1265.3
49,337.24,1053.9
50,231.46,934.39
51,212.04,886.65
52,212.04,839.08
53,212.04,889.34
54,375.37,1110.68
55,636.12,1228.19
56,636.12,1455.79
57,636.12,1455.13
58,648.19,1332.65
59,636.12,1453.53
60,636.12,1381.5
61,636.12,1247.85
62,636.12,1239.49
63,636.12,1252.93
64,636.12,1294.5
65,646.05,1251.07
66,636.12,1319.59
67,642.19,1248.93
68,656.17,1257.26
69,659.31,1257.95
70,636.12,1271.24
71,636.12,1219.77
72,472.42,1185.14
73,212.04,702.16
74,212.04,702.16
75,212.04,702.16
76,212.04,692.67
77,212.04,690.51
78,212.04,702.16
79,212.04,702.16
80,212.04,702.16
81,212.04,688.47
82,212.04,701.36
83,212.04,704.68
84,212.04,711.72
85,212.04,702.16
86,212.04,702.16
87,212.04,702.16
88,212.04,702.16
89,212.04,688.26
90,212.04,702.75
91,212.04,702.16
92,225.38,752.16
93,278.62,810.04
94,212.04,702.16
95,212.04,723.59
96,212.04,702.16
97,212.04,938.87
98,212.04,817.21
99,212.04,769.53
100,0.0,720.46
101,0.0,751.61
102,212.04,903.83
103,308.4,1068.41
104,526.12,1195.94
105,525.92,1154.8
106,525.68,1146.86
107,526.12,1166.52
108,526.12,1248.07
109,526.12,1121.23
110,525.68,1214.74
111,526.12,1215.93
112,525.99,1152.29
113,525.47,1188.66
114,507.77,1376.76
115,526.12,1397.8
116,514.76,1372.38
117,447.41,1185.35
118,420.61,1152.91
119,366.23,1090.85
120,289.7,1068.41
121,212.04,636.12
122,0.0,636.12
123,0.0,636.12
124,0.0,636.12
125,0.0,636.12
126,0.0,636.12
127,0.0,636.12
128,0.0,636.12
129,0.0,636.12
130,0.0,636.12
131,0.0,636.12
132,0.0,636.12
133,0.0,636.12
134,0.0,636.12
135,0.0,636.12
136,0.0,636.12
137,212.04,636.12
138,212.04,636.12
139,212.04,636.12
140,212.04,636.12
141,212.04,636.12
142,212.04,636.12
143,212.04,636.12
144,212.04,636.12
145,397.07,1142.13
146,300.03,1032.79
147,257.16,985.1
148,212.04,929.21
149,250.96,979.54
150,453.79,1213.23
151,710.09,1430.93
152,919.92,1170.57
153,882.79,1169.41
154,979.9,1183.12
155,900.11,1139.47
156,917.34,1214.28
157,738.71,1106.42
158,691.99,1086.54
159,704.08,1096.63
160,747.35,1140.23
161,813.18,1202.85
162,814.69,1204.08
163,1014.78,1256.92
164,1011.01,1259.37
165,796.61,1176.39
166,677.3,1380.73
167,653.18,1376.56
168,636.12,1316.72
169,217.49,881.86
170,212.04,881.86
171,212.04,849.63
172,212.04,768.79
173,212.04,765.28
174,212.04,835.3
175,212.04,881.86
176,221.19,871.72
177,264.39,914.11
178,263.87,881.86
179,262.69,881.86
180,263.34,881.86
181,212.04,881.86
182,212.04,858.85
183,213.19,881.86
184,212.04,881.86
185,276.61,929.91
186,324.5,888.98
187,456.98,1032.85
188,478.18,1056.35
189,376.6,941.71
190,240.38,883.07
191,259.72,907.19
192,224.1,866.65
GAS_NGCC_POS_CCS,2010,2015
1,0.0,0.0
2,0.0,0.0
3,0.0,0.0
4,0.0,0.0
5,0.0,0.0
6,0.0,0.0
7,0.0,0.0
8,0.0,0.0
9,0.0,0.0
10,0.0,0.0
11,0.0,0.0
12,0.0,0.0
13,0.0,0.0
14,0.0,0.0
15,0.0,0.0
16,0.0,0.0
17,0.0,0.0
18,0.0,0.0
19,0.0,0.0
20,0.0,0.0
21,0.0,0.0
22,0.0,0.0
23,0.0,0.0
24,0.0,0.0
25,0.0,0.0
26,0.0,0.0
27,0.0,0.0
28,0.0,0.0
29,0.0,0.0
30,0.0,0.0
31,0.0,0.0
32,0.0,0.0
33,0.0,0.0
34,0.0,0.0
35,0.0,0.0
36,0.0,0.0
37,0.0,0.0
38,0.0,0.0
39,0.0,0.0
40,0.0,0.0
41,0.0,0.0
42,0.0,0.0
43,0.0,0.0
44,0.0,0.0
45,0.0,0.0
46,0.0,0.0
47,0.0,0.0
48,0.0,0.0
49,0.0,0.0
50,0.0,0.0
51,0.0,0.0
52,0.0,0.0
53,0.0,0.0
54,0.0,0.0
55,0.0,0.0
56,0.0,0.0
57,0.0,0.0
58,0.0,0.0
59,0.0,0.0
60,0.0,0.0
61,0.0,0.0
62,0.0,0.0
63,0.0,0.0
64,0.0,0.0
65,0.0,0.0
66,0.0,0.0
67,0.0,0.0
68,0.0,0.0
69,0.0,0.0
70,0.0,0.0
71,0.0,0.0
72,0.0,0.0
73,0.0,0.0
74,0.0,0.0
75,0.0,0.0
76,0.0,0.0
77,0.0,0.0
78,0.0,0.0
79,0.0,0.0
80,0.0,0.0
81,0.0,0.0
82,0.0,0.0
83,0.0,0.0
84,0.0,0.0
85,0.0,0.0
86,0.0,0.0
87,0.0,0.0
88,0.0,0.0
89,0.0,0.0
90,0.0,0.0
91,0.0,0.0
92,0.0,0.0
93,0.0,0.0
94,0.0,0.0
95,0.0,0.0
96,0.0,0.0
97,0.0,0.0
98,0.0,0.0
99,0.0,0.0
100,0.0,0.0
101,0.0,0.0
102,0.0,0.0
103,0.0,0.0
104,0.0,0.0
105,0.0,0.0
106,0.0,0.0
107,0.0,0.0
108,0.0,0.0
109,0.0,0.0
110,0.0,0.0
111,0.0,0.0
112,0.0,0.0
113,0.0,0.0
114,0.0,0.0
115,0.0,0.0
116,0.0,0.0
117,0.0,0.0
118,0.0,0.0
119,0.0,0.0
120,0.0,0.0
121,0.0,0.0
122,0.0,0.0
123,0.0,0.0
124,0.0,0.0
125,0.0,0.0
126,0.0,0.0
127,0.0,0.0
128,0.0,0.0
129,0.0,0.0
130,0.0,0.0
131,0.0,0.0
132,0.0,0.0
133,0.0,0.0
134,0.0,0.0
135,0.0,0.0
136,0.0,0.0
137,0.0,0.0
138,0.0,0.0
139,0.0,0.0
140,0.0,0.0
141,0.0,0.0
142,0.0,0.0
143,0.0,0.0
144,0.0,0.0
145,0.0,0.0
146,0.0,0.0
147,0.0,0.0
148,0.0,0.0
149,0.0,0.0
150,0.0,0.0
151,0.0,0.0
152,0.0,0.0
153,0.0,0.0
154,0.0,0.0
155,0.0,0.0
156,0.0,0.0
157,0.0,0.0
158,0.0,0.0
159,0.0,0.0
160,0.0,0.0
161,0.0,0.0
162,0.0,0.0
163,0.0,0.0
164,0.0,0.0
165,0.0,0.0
166,0.0,0.0
167,0.0,0.0
168,0.0,0.0
169,0.0,0.0
170,0.0,0.0
171,0.0,0.0
172,0.0,0.0
173,0.0,0.0
174,0.0,0.0
175,0.0,0.0
176,0.0,0.0
177,0.0,0.0
178,0.0,0.0
179,0.0,0.0
180,0.0,0.0
181,0.0,0.0
182,0.0,0.0
183,0.0,0.0
184,0.0,0.0
185,0.0,0.0
186,0.0,0.0
187,0.0,0.0
188,0.0,0.0
189,0.0,0.0
190,0.0,0.0
191,0.0,0.0
192,0.0,0.0
GAS_NGCC_OXY_CCS,2010,2015
1,0.0,0.0
2,0.0,0.0
3,0.0,0.0
4,0.0,0.0
5,0.0,0.0
6,0.0,0.0
7,0.0,0.0
8,0.0,0.0
9,0.0,0.0
10,0.0,0.0
11,0.0,0.0
12,0.0,0.0
13,0.0,0.0
14,0.0,0.0
15,0.0,0.0
16,0.0,0.0
17,0.0,0.0
18,0.0,0.0
19,0.0,0.0
20,0.0,0.0
21,0.0,0.0
22,0.0,0.0
23,0.0,0.0
24,0.0,0.0
25,0.0,0.0
26,0.0,0.0
27,0.0,0.0
28,0.0,0.0
29,0.0,0.0
30,0.0,0.0
31,0.0,0.0
32,0.0,0.0
33,0.0,0.0
34,0.0,0.0
35,0.0,0.0
36,0.0,0.0
37,0.0,0.0
38,0.0,0.0
39,0.0,0.0
40,0.0,0.0
41,0.0,0.0
42,0.0,0.0
43,0.0,0.0
44,0.0,0.0
45,0.0,0.0
46,0.0,0.0
47,0.0,0.0
48,0.0,0.0
49,0.0,0.0
50,0.0,0.0
51,0.0,0.0
52,0.0,0.0
53,0.0,0.0
54,0.0,0.0
55,0.0,0.0
56,0.0,0.0
57,0.0,0.0
58,0.0,0.0
59,0.0,0.0
60,0.0,0.0
61,0.0,0.0
62,0.0,0.0
63,0.0,0.0
64,0.0,0.0
65,0.0,0.0
66,0.0,0.0
67,0.0,0.0
68,0.0,0.0
69,0.0,0.0
70,0.0,0.0
71,0.0,0.0
72,0.0,0.0
73,0.0,0.0
74,0.0,0.0
75,0.0,0.0
76,0.0,0.0
77,0.0,0.0
78,0.0,0.0
79,0.0,0.0
80,0.0,0.0
81,0.0,0.0
82,0.0,0.0
83,0.0,0.0
84,0.0,0.0
85,0.0,0.0
86,0.0,0.0
87,0.0,0.0
88,0.0,0.0
89,0.0,0.0
90,0.0,0.0
91,0.0,0.0
92,0.0,0.0
93,0.0,0.0
94,0.0,0.0
95,0.0,0.0
96,0.0,0.0
97,0.0,0.0
98,0.0,0.0
99,0.0,0.0
100,0.0,0.0
101,0.0,0.0
102,0.0,0.0
103,0.0,0.0
104,0.0,0.0
105,0.0,0.0
106,0.0,0.0
107,0.0,0.0
108,0.0,0.0
109,0.0,0.0
110,0.0,0.0
111,0.0,0.0
112,0.0,0.0
113,0.0,0.0
114,0.0,0.0
115,0.0,0.0
116,0.0,0.0
117,0.0,0.0
118,0.0,0.0
119,0.0,0.0
120,0.0,0.0
121,0.0,0.0
122,0.0,0.0
123,0.0,0.0
124,0.0,0.0
125,0.0,0.0
126,0.0,0.0
127,0.0,0.0
128,0.0,0.0
129,0.0,0.0
130,0.0,0.0
131,0.0,0.0
132,0.0,0.0
133,0.0,0.0
134,0.0,0.0
135,0.0,0.0
136,0.0,0.0
137,0.0,0.0
138,0.0,0.0
139,0.0,0.0
140,0.0,0.0
141,0.0,0.0
142,0.0,0.0
143,0.0,0.0
144,0.0,0.0
145,0.0,0.0
146,0.0,0.0
147,0.0,0.0
148,0.0,0.0
149,0.0,0.0
150,0.0,0.0
151,0.0,0.0
152,0.0,0.0
153,0.0,0.0
154,0.0,0.0
155,0.0,0.0
156,0.0,0.0
157,0.0,0.0
158,0.0,0.0
159,0.0,0.0
160,0.0,0.0
161,0.0,0.0
162,0.0,0.0
163,0.0,0.0
164,0.0,0.0
165,0.0,0.0
166,0.0,0.0
167,0.0,0.0
168,0.0,0.0
169,0.0,0.0
170,0.0,0.0
171,0.0,0.0
172,0.0,0.0
173,0.0,0.0
174,0.0,0.0
175,0.0,0.0
176,0.0,0.0
177,0.0,0.0
178,0.0,0.0
179,0.0,0.0
180,0.0,0.0
181,0.0,0.0
182,0.0,0.0
183,0.0,0.0
184,0.0,0.0
185,0.0,0.0
186,0.0,0.0
187,0.0,0.0
188,0.0,0.0
189,0.0,0.0
190,0.0,0.0
191,0.0,0.0
192,0.0,0.0
NUK_LWR,2010,2015
1,0.0,0.0
2,0.0,0.0
3,0.0,0.0
4,0.0,0.0
5,0.0,0.0
6,0.0,0.0
7,0.0,0.0
8,0.0,0.0
9,0.0,0.0
10,0.0,0.0
11,0.0,0.0
12,0.0,0.0
13,0.0,0.0
14,0.0,0.0
15,0.0,0.0
16,0.0,0.0
17,0.0,0.0
18,0.0,0.0
19,0.0,0.0
20,0.0,0.0
21,0.0,0.0
22,0.0,0.0
23,0.0,0.0
24,0.0,0.0
25,0.0,0.0
26,0.0,0.0
27,0.0,0.0
28,0.0,0.0
29,0.0,0.0
30,0.0,0.0
31,0.0,0.0
32,0.0,0.0
33,0.0,0.0
34,0.0,0.0
35,0.0,0.0
36,0.0,0.0
37,0.0,0.0
38,0.0,0.0
39,0.0,0.0
40,0.0,0.0
41,0.0,0.0
42,0.0,0.0
43,0.0,0.0
44,0.0,0.0
45,0.0,0.0
46,0.0,0.0
47,0.0,0.0
48,0.0,0.0
49,0.0,0.0
50,0.0,0.0
51,0.0,0.0
52,0.0,0.0
53,0.0,0.0
54,0.0,0.0
55,0.0,0.0
56,0.0,0.0
57,0.0,0.0
58,0.0,0.0
59,0.0,0.0
60,0.0,0.0
61,0.0,0.0
62,0.0,0.0
63,0.0,0.0
64,0.0,0.0
65,0.0,0.0
66,0.0,0.0
67,0.0,0.0
68,0.0,0.0
69,0.0,0.0
70,0.0,0.0
71,0.0,0.0
72,0.0,0.0
73,0.0,0.0
74,0.0,0.0
75,0.0,0.0
76,0.0,0.0
77,0.0,0.0
78,0.0,0.0
79,0.0,0.0
80,0.0,0.0
81,0.0,0.0
82,0.0,0.0
83,0.0,0.0
84,0.0,0.0
85,0.0,0.0
86,0.0,0.0
87,0.0,0.0
88,0.0,0.0
89,0.0,0.0
90,0.0,0.0
91,0.0,0.0
92,0.0,0.0
93,0.0,0.0
94,0.0,0.0
95,0.0,0.0
96,0.0,0.0
97,0.0,0.0
98,0.0,0.0
99,0.0,0.0
100,0.0,0.0
101,0.0,0.0
102,0.0,0.0
103,0.0,0.0
104,0.0,0.0
105,0.0,0.0
106,0.0,0.0
107,0.0,0.0
108,0.0,0.0
109,0.0,0.0
110,0.0,0.0
111,0.0,0.0
112,0.0,0.0
113,0.0,0.0
114,0.0,0.0
115,0.0,0.0
116,0.0,0.0
117,0.0,0.0
118,0.0,0.0
119,0.0,0.0
120,0.0,0.0
121,0.0,0.0
122,0.0,0.0
123,0.0,0.0
124,0.0,0.0
125,0.0,0.0
126,0.0,0.0
127,0.0,0.0
128,0.0,0.0
129,0.0,0.0
130,0.0,0.0
131,0.0,0.0
132,0.0,0.0
133,0.0,0.0
134,0.0,0.0
135,0.0,0.0
136,0.0,0.0
137,0.0,0.0
138,0.0,0.0
139,0.0,0.0
140,0.0,0.0
141,0.0,0.0
142,0.0,0.0
143,0.0,0.0
144,0.0,0.0
145,0.0,0.0
146,0.0,0.0
147,0.0,0.0
148,0.0,0.0
149,0.0,0.0
150,0.0,0.0
151,0.0,0.0
152,0.0,0.0
153,0.0,0.0
154,0.0,0.0
155,0.0,0.0
156,0.0,0.0
157,0.0,0.0
158,0.0,0.0
159,0.0,0.0
160,0.0,0.0
161,0.0,0.0
162,0.0,0.0
163,0.0,0.0
164,0.0,0.0
165,0.0,0.0
166,0.0,0.0
167,0.0,0.0
168,0.0,0.0
169,0.0,0.0
170,0.0,0.0
171,0.0,0.0
172,0.0,0.0
173,0.0,0.0
174,0.0,0.0
175,0.0,0.0
176,0.0,0.0
177,0.0,0.0
178,0.0,0.0
179,0.0,0.0
180,0.0,0.0
181,0.0,0.0
182,0.0,0.0
183,0.0,0.0
184,0.0,0.0
185,0.0,0.0
186,0.0,0.0
187,0.0,0.0
188,0.0,0.0
189,0.0,0.0
190,0.0,0.0
191,0.0,0.0
192,0.0,0.0
REW_HYD_LG,2010,2015
1,83.07,130.54
2,79.4,124.77
3,77.2,121.31
4,74.74,117.45
5,75.58,118.77
6,82.01,128.87
7,92.7,145.67
8,104.21,163.76
9,108.52,170.53
10,110.64,173.86
11,112.18,176.28
12,112.77,177.21
13,109.74,172.45
14,108.59,170.64
15,107.26,168.55
16,106.55,167.44
17,108.89,171.11
18,114.59,180.07
19,113.82,178.86
20,109.04,171.35
21,101.61,159.67
22,94.18,148.0
23,94.6,148.66
24,88.15,138.52
25,92.63,145.56
26,88.13,138.49
27,85.26,133.98
28,81.72,128.42
29,81.05,127.36
30,83.18,130.71
31,84.3,132.47
32,91.92,144.45
33,98.21,154.33
34,104.47,164.17
35,108.62,170.69
36,110.98,174.4
37,107.26,168.55
38,104.81,164.7
39,102.73,161.43
40,102.17,160.55
41,105.48,165.75
42,112.68,177.07
43,113.18,177.85
44,110.04,172.92
45,104.67,164.48
46,98.46,154.72
47,101.94,160.19
48,96.18,151.14
49,108.34,170.25
50,101.87,160.08
51,99.19,155.87
52,96.55,151.72
53,99.05,155.65
54,110.86,174.21
55,128.52,201.96
56,142.96,224.65
57,149.58,235.05
58,151.3,237.76
59,153.65,241.45
60,155.73,244.72
61,150.74,236.88
62,148.78,233.8
63,146.29,229.88
64,143.84,226.03
65,140.97,221.52
66,139.77,219.64
67,138.95,218.35
68,139.32,218.93
69,139.55,219.29
70,130.24,204.66
71,127.44,200.26
72,116.62,183.26
73,127.1,199.73
74,118.35,185.98
75,114.81,180.42
76,109.95,172.78
77,109.55,172.15
78,113.63,178.56
79,117.13,184.06
80,127.17,199.84
81,136.82,215.0
82,144.37,226.87
83,148.95,234.06
84,152.76,240.05
85,145.67,228.91
86,139.74,219.59
87,135.19,212.44
88,132.41,208.07
89,131.37,206.44
90,133.09,209.14
91,135.55,213.01
92,139.88,219.81
93,143.94,226.19
94,136.43,214.39
95,138.23,217.22
96,127.98,201.11
97,133.02,209.03
98,124.41,195.5
99,120.94,190.05
100,117.07,183.97
101,119.33,187.52
102,130.48,205.04
103,154.26,242.41
104,174.56,274.31
105,185.85,292.05
106,191.38,300.74
107,196.91,309.43
108,201.46,316.58
109,195.41,307.07
110,193.32,303.79
111,189.81,298.27
112,186.81,293.56
113,183.0,287.57
114,180.88,284.24
115,176.28,277.01
116,169.68,266.64
117,163.48,256.9
118,161.39,253.61
119,157.04,246.78
120,143.33,225.23
121,157.09,246.86
122,146.0,229.43
123,140.54,220.85
124,134.54,211.42
125,132.7,208.53
126,134.44,211.26
127,142.68,224.21
128,155.79,244.81
129,169.94,267.05
130,180.76,284.05
131,188.16,295.68
132,193.62,304.26
133,186.9,293.7
134,181.3,284.9
135,176.26,276.98
136,174.2,273.74
137,172.72,271.42
138,173.95,273.35
139,172.93,271.75
140,170.36,267.71
141,169.38,266.17
142,169.7,266.67
143,169.72,266.7
144,156.4,245.77
145,106.19,166.87
146,100.54,157.99
147,98.03,154.05
148,95.19,149.58
149,97.65,153.45
150,109.37,171.87
151,130.15,204.52
152,146.09,229.57
153,150.13,235.92
154,150.9,237.13
155,152.72,239.99
156,153.96,241.94
157,148.88,233.95
158,146.42,230.09
159,143.67,225.77
160,141.31,222.06
161,139.86,219.78
162,142.18,223.43
163,149.31,234.63
164,149.47,234.88
165,140.39,220.61
166,127.96,201.08
167,124.79,196.1
168,114.94,180.62
169,124.37,195.44
170,116.48,183.04
171,112.49,176.77
172,107.44,168.83
173,107.12,168.33
174,111.42,175.09
175,118.04,185.49
176,127.86,200.92
177,136.71,214.83
178,143.12,224.9
179,148.04,232.63
180,150.85,237.05
181,144.15,226.52
182,138.59,217.78
183,134.77,211.78
184,132.95,208.92
185,133.61,209.96
186,139.74,219.59
187,148.28,233.01
188,149.78,235.37
189,142.52,223.96
190,132.81,208.7
191,134.13,210.78
192,124.83,196.16
REW_HYD_PS,2010,2015
1,-95.0,-190.0
2,-95.0,-190.0
3,-95.0,-190.0
4,-95.0,-190.0
5,-95.0,-190.0
6,-95.0,-190.0
7,-47.5,-47.5
8,0.0,0.0
9,95.0,95.0
10,95.0,95.0
11,0.0,95.0
12,0.0,0.0
13,0.0,0.0
14,0.0,0.0
15,0.0,0.0
16,0.0,95.0
17,95.0,190.0
18,95.0,190.0
19,95.0,190.0
20,95.0,190.0
21,0.0,0.0
22,0.0,-47.5
23,0.0,0.0
24,-95.0,-190.0
25,-47.5,-104.41
26,-95.0,-190.0
27,-95.0,-190.0
28,-95.0,-190.0
29,-95.0,-190.0
30,-95.0,-190.0
31,-95.0,-190.0
32,-95.0,-129.14
33,0.0,-36.45
34,0.0,0.0
35,0.0,0.0
36,0.0,95.0
37,0.0,0.0
38,0.0,-15.0
39,0.0,0.0
40,0.0,0.0
41,95.0,190.0
42,95.0,190.0
43,95.0,190.0
44,95.0,190.0
45,95.0,190.0
46,0.0,0.0
47,95.0,95.0
48,0.0,0.0
49,-95.0,-190.0
50,-95.0,-190.0
51,-95.0,-190.0
52,-95.0,-190.0
53,-95.0,-190.0
54,-95.0,-190.0
55,0.0,0.0
56,95.0,95.0
57,95.0,95.0
58,0.0,95.0
59,0.0,0.0
60,0.0,95.0
61,0.0,0.0
62,0.0,0.0
63,0.0,0.0
64,0.0,0.0
65,0.0,95.0
66,95.0,95.0
67,95.0,190.0
68,95.0,190.0
69,95.0,190.0
70,0.0,0.0
71,0.0,0.0
72,-95.0,-168.96
73,0.0,47.29
74,0.0,-83.12
75,-95.0,-134.19
76,-95.0,-190.0
77,-95.0,-190.0
78,-95.0,-148.1
79,-95.0,-120.82
80,0.0,-46.84
81,0.0,0.0
82,0.0,0.0
83,0.0,0.0
84,0.0,15.47
85,0.0,-87.21
86,-95.0,-148.4
87,-95.0,-157.13
88,-47.5,-111.51
89,0.0,-7.67
90,87.43,95.0
91,95.0,172.82
92,95.0,190.0
93,95.0,190.0
94,95.0,182.79
95,95.0,190.0
96,7.57,56.62
97,-95.0,-190.0
98,-95.0,-190.0
99,-95.0,-190.0
100,-95.0,-190.0
101,-95.0,-190.0
102,-95.0,-190.0
103,-47.5,-60.37
104,0.0,0.0
105,0.0,95.0
106,0.0,95.0
107,0.0,95.0
108,95.0,95.0
109,0.0,95.0
110,0.0,0.0
111,0.0,0.0
112,95.0,95.0
113,95.0,95.0
114,95.0,190.0
115,95.0,190.0
116,95.0,95.0
117,0.0,0.0
118,0.0,0.0
119,0.0,0.0
120,-95.0,-172.97
121,0.0,42.72
122,0.0,-80.89
123,-91.65,-131.87
124,-95.0,-188.52
125,-95.0,-190.0
126,-95.0,-190.0
127,-95.0,-158.0
128,-95.0,-117.53
129,0.0,-64.36
130,0.0,-28.78
131,0.0,-3.92
132,0.0,0.0
133,0.0,-42.16
134,-79.42,-77.25
135,-66.43,-83.27
136,0.0,-32.36
137,0.0,14.15
138,95.0,149.35
139,95.0,190.0
140,95.0,190.0
141,95.0,183.85
142,95.0,184.88
143,95.0,185.06
144,0.0,0.0
145,-95.0,-190.0
146,-95.0,-190.0
147,-95.0,-190.0
148,-95.0,-190.0
149,-95.0,-190.0
150,-95.0,-190.0
151,0.0,0.0
152,95.0,190.0
153,95.0,190.0
154,0.0,95.0
155,0.0,95.0
156,0.0,0.0
157,0.0,0.0
158,0.0,0.0
159,0.0,0.0
160,0.0,0.0
161,0.0,0.0
162,95.0,95.0
163,95.0,190.0
164,95.0,190.0
165,95.0,95.0
166,0.0,0.0
167,-29.99,-56.0
168,-95.0,-190.0
169,0.0,-36.12
170,-95.0,-160.14
171,-95.0,-190.0
172,-95.0,-190.0
173,-95.0,-190.0
174,-95.0,-190.0
175,-47.5,-134.85
176,0.0,0.0
177,0.0,18.62
178,0.0,57.3
179,0.0,56.85
180,0.0,57.23
181,0.0,-57.49
182,-95.0,-95.0
183,-95.0,-114.91
184,0.0,-53.9
185,0.0,0.0
186,95.0,190.0
187,95.0,190.0
188,95.0,190.0
189,95.0,190.0
190,95.0,95.0
191,95.0,95.0
192,0.0,-12.58
REW_WND_ON_2530,2010,2015
1,53.61,211.3
2,52.95,208.71
3,52.79,208.07
4,52.55,207.12
5,52.41,206.56
6,52.18,205.67
7,52.17,205.64
8,51.76,204.01
9,50.05,197.26
10,47.88,188.73
11,47.14,185.81
12,47.81,188.44
13,48.09,189.54
14,47.13,185.77
15,45.21,178.2
16,44.06,173.67
17,46.42,182.95
18,49.6,195.49
19,51.22,201.89
20,52.38,206.47
21,53.51,210.9
22,54.33,214.15
23,54.41,214.46
24,54.24,213.79
25,53.61,211.3
26,52.95,208.71
27,52.79,208.07
28,52.55,207.12
29,52.41,206.56
30,52.18,205.67
31,52.17,205.64
32,51.76,204.01
33,50.05,197.26
34,47.88,188.73
35,47.14,185.81
36,47.81,188.44
37,48.09,189.54
38,47.13,185.77
39,45.21,178.2
40,44.06,173.67
41,46.42,182.95
42,49.6,195.49
43,51.22,201.89
44,52.38,206.47
45,53.51,210.9
46,54.33,214.15
47,54.41,214.46
48,54.24,213.79
49,54.38,214.34
50,53.77,211.94
51,53.16,209.53
52,52.61,207.37
53,51.89,204.51
54,50.53,199.16
55,48.18,189.89
56,48.44,190.92
57,53.15,209.49
58,57.34,226.02
59,59.33,233.86
60,60.42,238.13
61,61.38,241.93
62,61.87,243.87
63,61.18,241.14
64,58.68,231.3
65,54.65,215.4
66,51.83,204.28
67,52.61,207.35
68,54.62,215.29
69,55.55,218.95
70,55.79,219.89
71,55.49,218.71
72,55.31,217.99
73,54.38,214.34
74,53.77,211.94
75,53.16,209.53
76,52.61,207.37
77,51.89,204.51
78,50.53,199.16
79,48.18,189.89
80,48.44,190.92
81,53.15,209.49
82,57.34,226.02
83,59.33,233.86
84,60.42,238.13
85,61.38,241.93
86,61.87,243.87
87,61.18,241.14
88,58.68,231.3
89,54.65,215.4
90,51.83,204.28
91,52.61,207.35
92,54.62,215.29
93,55.55,218.95
94,55.79,219.89
95,55.49,218.71
96,55.31,217.99
97,46.93,184.98
98,46.66,183.91
99,46.23,182.23
100,45.91,180.97
101,44.84,176.74
102,41.27,162.66
103,38.67,152.43
104,42.85,168.9
105,46.84,184.61
106,48.86,192.58
107,49.91,196.71
108,50.43,198.77
109,50.94,200.78
110,51.37,202.46
111,51.3,202.21
112,50.15,197.67
113,47.83,188.51
114,44.57,175.66
115,42.69,168.27
116,44.81,176.63
117,46.48,183.19
118,47.08,185.57
119,47.1,185.65
120,47.06,185.48
121,46.93,184.98
122,46.66,183.91
123,46.23,182.23
124,45.91,180.97
125,44.84,176.74
126,41.27,162.66
127,38.67,152.43
128,42.85,168.9
129,46.84,184.61
130,48.86,192.58
131,49.91,196.71
132,50.43,198.77
133,50.94,200.78
134,51.37,202.46
135,51.3,202.21
136,50.15,197.67
137,47.83,188.51
138,44.57,175.66
139,42.69,168.27
140,44.81,176.63
141,46.48,183.19
142,47.08,185.57
143,47.1,185.65
144,47.06,185.48
145,48.77,192.24
146,48.08,189.52
147,47.58,187.53
148,47.45,187.03
149,47.07,185.54
150,46.86,184.71
151,45.95,181.12
152,44.09,173.78
153,44.12,173.88
154,45.96,181.15
155,48.79,192.32
156,50.62,199.52
157,51.06,201.24
158,50.49,199.0
159,48.93,192.86
160,46.97,185.12
161,46.81,184.49
162,48.72,192.04
163,50.53,199.16
164,50.76,200.06
165,50.27,198.13
166,49.58,195.41
167,48.93,192.86
168,48.53,191.27
169,48.77,192.24
170,48.08,189.52
171,47.58,187.53
172,47.45,187.03
173,47.07,185.54
174,46.86,184.71
175,45.95,181.12
176,44.09,173.78
177,44.12,173.88
178,45.96,181.15
179,48.79,192.32
180,50.62,199.52
181,51.06,201.24
182,50.49,199.0
183,48.93,192.86
184,46.97,185.12
185,46.81,184.49
186,48.72,192.04
187,50.53,199.16
188,50.76,200.06
189,50.27,198.13
190,49.58,195.41
191,48.93,192.86
192,48.53,191.27
REW_WND_ON_3035,2010,2015
1,0.0,0.0
2,0.0,0.0
3,0.0,0.0
4,0.0,0.0
5,0.0,0.0
6,0.0,0.0
7,0.0,0.0
8,0.0,0.0
9,0.0,0.0
10,0.0,0.0
11,0.0,0.0
12,0.0,0.0
13,0.0,0.0
14,0.0,0.0
15,0.0,0.0
16,0.0,0.0
17,0.0,0.0
18,0.0,0.0
19,0.0,0.0
20,0.0,0.0
21,0.0,0.0
22,0.0,0.0
23,0.0,0.0
24,0.0,0.0
25,0.0,0.0
26,0.0,0.0
27,0.0,0.0
28,0.0,0.0
29,0.0,0.0
30,0.0,0.0
31,0.0,0.0
32,0.0,0.0
33,0.0,0.0
34,0.0,0.0
35,0.0,0.0
36,0.0,0.0
37,0.0,0.0
38,0.0,0.0
39,0.0,0.0
40,0.0,0.0
41,0.0,0.0
42,0.0,0.0
43,0.0,0.0
44,0.0,0.0
45,0.0,0.0
46,0.0,0.0
47,0.0,0.0
48,0.0,0.0
49,0.0,0.0
50,0.0,0.0
51,0.0,0.0
52,0.0,0.0
53,0.0,0.0
54,0.0,0.0
55,0.0,0.0
56,0.0,0.0
57,0.0,0.0
58,0.0,0.0
59,0.0,0.0
60,0.0,0.0
61,0.0,0.0
62,0.0,0.0
63,0.0,0.0
64,0.0,0.0
65,0.0,0.0
66,0.0,0.0
67,0.0,0.0
68,0.0,0.0
69,0.0,0.0
70,0.0,0.0
71,0.0,0.0
72,0.0,0.0
73,0.0,0.0
74,0.0,0.0
75,0.0,0.0
76,0.0,0.0
77,0.0,0.0
78,0.0,0.0
79,0.0,0.0
80,0.0,0.0
81,0.0,0.0
82,0.0,0.0
83,0.0,0.0
84,0.0,0.0
85,0.0,0.0
86,0.0,0.0
87,0.0,0.0
88,0.0,0.0
89,0.0,0.0
90,0.0,0.0
91,0.0,0.0
92,0.0,0.0
93,0.0,0.0
94,0.0,0.0
95,0.0,0.0
96,0.0,0.0
97,0.0,0.0
98,0.0,0.0
99,0.0,0.0
100,0.0,0.0
101,0.0,0.0
102,0.0,0.0
103,0.0,0.0
104,0.0,0.0
105,0.0,0.0
106,0.0,0.0
107,0.0,0.0
108,0.0,0.0
109,0.0,0.0
110,0.0,0.0
111,0.0,0.0
112,0.0,0.0
113,0.0,0.0
114,0.0,0.0
115,0.0,0.0
116,0.0,0.0
117,0.0,0.0
118,0.0,0.0
119,0.0,0.0
120,0.0,0.0
121,0.0,0.0
122,0.0,0.0
123,0.0,0.0
124,0.0,0.0
125,0.0,0.0
126,0.0,0.0
127,0.0,0.0
128,0.0,0.0
129,0.0,0.0
130,0.0,0.0
131,0.0,0.0
132,0.0,0.0
133,0.0,0.0
134,0.0,0.0
135,0.0,0.0
136,0.0,0.0
137,0.0,0.0
138,0.0,0.0
139,0.0,0.0
140,0.0,0.0
141,0.0,0.0
142,0.0,0.0
143,0.0,0.0
144,0.0,0.0
145,0.0,0.0
146,0.0,0.0
147,0.0,0.0
148,0.0,0.0
149,0.0,0.0
150,0.0,0.0
151,0.0,0.0
152,0.0,0.0
153,0.0,0.0
154,0.0,0.0
155,0.0,0.0
156,0.0,0.0
157,0.0,0.0
158,0.0,0.0
159,0.0,0.0
160,0.0,0.0
161,0.0,0.0
162,0.0,0.0
163,0.0,0.0
164,0.0,0.0
165,0.0,0.0
166,0.0,0.0
167,0.0,0.0
168,0.0,0.0
169,0.0,0.0
170,0.0,0.0
171,0.0,0.0
172,0.0,0.0
173,0.0,0.0
174,0.0,0.0
175,0.0,0.0
176,0.0,0.0
177,0.0,0.0
178,0.0,0.0
179,0.0,0.0
180,0.0,0.0
181,0.0,0.0
182,0.0,0.0
183,0.0,0.0
184,0.0,0.0
185,0.0,0.0
186,0.0,0.0
187,0.0,0.0
188,0.0,0.0
189,0.0,0.0
190,0.0,0.0
191,0.0,0.0
192,0.0,0.0
REW_WND_ON_3540,2010,2015
1,0.0,0.0
2,0.0,0.0
3,0.0,0.0
4,0.0,0.0
5,0.0,0.0
6,0.0,0.0
7,0.0,0.0
8,0.0,0.0
9,0.0,0.0
10,0.0,0.0
11,0.0,0.0
12,0.0,0.0
13,0.0,0.0
14,0.0,0.0
15,0.0,0.0
16,0.0,0.0
17,0.0,0.0
18,0.0,0.0
19,0.0,0.0
20,0.0,0.0
21,0.0,0.0
22,0.0,0.0
23,0.0,0.0
24,0.0,0.0
25,0.0,0.0
26,0.0,0.0
27,0.0,0.0
28,0.0,0.0
29,0.0,0.0
30,0.0,0.0
31,0.0,0.0
32,0.0,0.0
33,0.0,0.0
34,0.0,0.0
35,0.0,0.0
36,0.0,0.0
37,0.0,0.0
38,0.0,0.0
39,0.0,0.0
40,0.0,0.0
41,0.0,0.0
42,0.0,0.0
43,0.0,0.0
44,0.0,0.0
45,0.0,0.0
46,0.0,0.0
47,0.0,0.0
48,0.0,0.0
49,0.0,0.0
50,0.0,0.0
51,0.0,0.0
52,0.0,0.0
53,0.0,0.0
54,0.0,0.0
55,0.0,0.0
56,0.0,0.0
57,0.0,0.0
58,0.0,0.0
59,0.0,0.0
60,0.0,0.0
61,0.0,0.0
62,0.0,0.0
63,0.0,0.0
64,0.0,0.0
65,0.0,0.0
66,0.0,0.0
67,0.0,0.0
68,0.0,0.0
69,0.0,0.0
70,0.0,0.0
71,0.0,0.0
72,0.0,0.0
73,0.0,0.0
74,0.0,0.0
75,0.0,0.0
76,0.0,0.0
77,0.0,0.0
78,0.0,0.0
79,0.0,0.0
80,0.0,0.0
81,0.0,0.0
82,0.0,0.0
83,0.0,0.0
84,0.0,0.0
85,0.0,0.0
86,0.0,0.0
87,0.0,0.0
88,0.0,0.0
89,0.0,0.0
90,0.0,0.0
91,0.0,0.0
92,0.0,0.0
93,0.0,0.0
94,0.0,0.0
95,0.0,0.0
96,0.0,0.0
97,0.0,0.0
98,0.0,0.0
99,0.0,0.0
100,0.0,0.0
101,0.0,0.0
102,0.0,0.0
103,0.0,0.0
104,0.0,0.0
105,0.0,0.0
106,0.0,0.0
107,0.0,0.0
108,0.0,0.0
109,0.0,0.0
110,0.0,0.0
111,0.0,0.0
112,0.0,0.0
113,0.0,0.0
114,0.0,0.0
115,0.0,0.0
116,0.0,0.0
117,0.0,0.0
118,0.0,0.0
119,0.0,0.0
120,0.0,0.0
121,0.0,0.0
122,0.0,0.0
123,0.0,0.0
124,0.0,0.0
125,0.0,0.0
126,0.0,0.0
127,0.0,0.0
128,0.0,0.0
129,0.0,0.0
130,0.0,0.0
131,0.0,0.0
132,0.0,0.0
133,0.0,0.0
134,0.0,0.0
135,0.0,0.0
136,0.0,0.0
137,0.0,0.0
138,0.0,0.0
139,0.0,0.0
140,0.0,0.0
141,0.0,0.0
142,0.0,0.0
143,0.0,0.0
144,0.0,0.0
145,0.0,0.0
146,0.0,0.0
147,0.0,0.0
148,0.0,0.0
149,0.0,0.0
150,0.0,0.0
151,0.0,0.0
152,0.0,0.0
153,0.0,0.0
154,0.0,0.0
155,0.0,0.0
156,0.0,0.0
157,0.0,0.0
158,0.0,0.0
159,0.0,0.0
160,0.0,0.0
161,0.0,0.0
162,0.0,0.0
163,0.0,0.0
164,0.0,0.0
165,0.0,0.0
166,0.0,0.0
167,0.0,0.0
168,0.0,0.0
169,0.0,0.0
170,0.0,0.0
171,0.0,0.0
172,0.0,0.0
173,0.0,0.0
174,0.0,0.0
175,0.0,0.0
176,0.0,0.0
177,0.0,0.0
178,0.0,0.0
179,0.0,0.0
180,0.0,0.0
181,0.0,0.0
182,0.0,0.0
183,0.0,0.0
184,0.0,0.0
185,0.0,0.0
186,0.0,0.0
187,0.0,0.0
188,0.0,0.0
189,0.0,0.0
190,0.0,0.0
191,0.0,0.0
192,0.0,0.0
REW_WND_ON_40UP,2010,2015
1,0.0,28.92
2,0.0,28.72
3,0.0,28.67
4,0.0,28.59
5,0.0,28.55
6,0.0,28.48
7,0.0,28.48
8,0.0,28.35
9,0.0,27.82
10,0.0,27.15
11,0.0,26.92
12,0.0,27.13
13,0.0,27.22
14,0.0,26.92
15,0.0,26.33
16,0.0,25.98
17,0.0,26.7
18,0.0,27.68
19,0.0,28.18
20,0.0,28.54
21,0.0,28.89
22,0.0,29.14
23,0.0,29.17
24,0.0,29.11
25,0.0,28.92
26,0.0,28.72
27,0.0,28.67
28,0.0,28.59
29,0.0,28.55
30,0.0,28.48
31,0.0,28.48
32,0.0,28.35
33,0.0,27.82
34,0.0,27.15
35,0.0,26.92
36,0.0,27.13
37,0.0,27.22
38,0.0,26.92
39,0.0,26.33
40,0.0,25.98
41,0.0,26.7
42,0.0,27.68
43,0.0,28.18
44,0.0,28.54
45,0.0,28.89
46,0.0,29.14
47,0.0,29.17
48,0.0,29.11
49,0.0,29.15
50,0.0,28.97
51,0.0,28.78
52,0.0,28.61
53,0.0,28.39
54,0.0,27.97
55,0.0,27.24
56,0.0,27.32
57,0.0,28.78
58,0.0,30.07
59,0.0,30.68
60,0.0,31.02
61,0.0,31.31
62,0.0,31.46
63,0.0,31.25
64,0.0,30.48
65,0.0,29.24
66,0.0,28.37
67,0.0,28.61
68,0.0,29.23
69,0.0,29.52
70,0.0,29.59
71,0.0,29.5
72,0.0,29.44
73,0.0,29.15
74,0.0,28.97
75,0.0,28.78
76,0.0,28.61
77,0.0,28.39
78,0.0,27.97
79,0.0,27.24
80,0.0,27.32
81,0.0,28.78
82,0.0,30.07
83,0.0,30.68
84,0.0,31.02
85,0.0,31.31
86,0.0,31.46
87,0.0,31.25
88,0.0,30.48
89,0.0,29.24
90,0.0,28.37
91,0.0,28.61
92,0.0,29.23
93,0.0,29.52
94,0.0,29.59
95,0.0,29.5
96,0.0,29.44
97,0.0,26.86
98,0.0,26.78
99,0.0,26.64
100,0.0,26.55
101,0.0,26.22
102,0.0,25.11
103,0.0,24.32
104,0.0,25.6
105,0.0,26.83
106,0.0,27.45
107,0.0,27.78
108,0.0,27.94
109,0.0,28.1
110,0.0,28.23
111,0.0,28.21
112,0.0,27.85
113,0.0,27.14
114,0.0,26.13
115,0.0,25.55
116,0.0,26.21
117,0.0,26.72
118,0.0,26.91
119,0.0,26.91
120,0.0,26.9
121,0.0,26.86
122,0.0,26.78
123,0.0,26.64
124,0.0,26.55
125,0.0,26.22
126,0.0,25.11
127,0.0,24.32
128,0.0,25.6
129,0.0,26.83
130,0.0,27.45
131,0.0,27.78
132,0.0,27.94
133,0.0,28.1
134,0.0,28.23
135,0.0,28.21
136,0.0,27.85
137,0.0,27.14
138,0.0,26.13
139,0.0,25.55
140,0.0,26.21
141,0.0,26.72
142,0.0,26.91
143,0.0,26.91
144,0.0,26.9
145,0.0,27.43
146,0.0,27.21
147,0.0,27.06
148,0.0,27.02
149,0.0,26.9
150,0.0,26.84
151,0.0,26.56
152,0.0,25.98
153,0.0,25.99
154,0.0,26.56
155,0.0,27.43
156,0.0,28.0
157,0.0,28.13
158,0.0,27.96
159,0.0,27.48
160,0.0,26.87
161,0.0,26.82
162,0.0,27.41
163,0.0,27.97
164,0.0,28.04
165,0.0,27.89
166,0.0,27.67
167,0.0,27.48
168,0.0,27.35
169,0.0,27.43
170,0.0,27.21
171,0.0,27.06
172,0.0,27.02
173,0.0,26.9
174,0.0,26.84
175,0.0,26.56
176,0.0,25.98
177,0.0,25.99
178,0.0,26.56
179,0.0,27.43
180,0.0,28.0
181,0.0,28.13
182,0.0,27.96
183,0.0,27.48
184,0.0,26.87
185,0.0,26.82
186,0.0,27.41
187,0.0,27.97
188,0.0,28.04
189,0.0,27.89
190,0.0,27.67
191,0.0,27.48
192,0.0,27.35
REW_PV_UTI,2010,2015
1,0.0,0.0
2,0.0,0.0
3,0.0,0.0
4,0.0,0.0
5,0.0,0.0
6,0.0,0.0
7,0.01,0.01
8,14.44,14.44
9,89.12,89.12
10,174.43,174.43
11,247.25,247.25
12,290.26,290.26
13,293.81,293.81
14,260.82,260.82
15,191.89,191.89
16,97.67,97.67
17,19.82,19.82
18,0.25,0.25
19,0.0,0.0
20,0.0,0.0
21,0.0,0.0
22,0.0,0.0
23,0.0,0.0
24,0.0,0.0
25,0.0,0.0
26,0.0,0.0
27,0.0,0.0
28,0.0,0.0
29,0.0,0.0
30,0.0,0.0
31,0.01,0.01
32,14.44,14.44
33,89.12,89.12
34,174.43,174.43
35,247.25,247.25
36,290.26,290.26
37,293.81,293.81
38,260.82,260.82
39,191.89,191.89
40,97.67,97.67
41,19.82,19.82
42,0.25,0.25
43,0.0,0.0
44,0.0,0.0
45,0.0,0.0
46,0.0,0.0
47,0.0,0.0
48,0.0,0.0
49,0.0,0.0
50,0.0,0.0
51,0.0,0.0
52,0.0,0.0
53,0.06,0.06
54,7.23,7.23
55,43.07,43.07
56,120.37,120.37
57,213.59,213.59
58,297.51,297.51
59,355.33,355.33
60,385.98,385.98
61,386.51,386.51
62,355.7,355.7
63,298.29,298.29
64,221.05,221.05
65,132.48,132.48
66,53.35,53.35
67,10.14,10.14
68,0.19,0.19
69,0.0,0.0
70,0.0,0.0
71,0.0,0.0
72,0.0,0.0
73,0.0,0.0
74,0.0,0.0
75,0.0,0.0
76,0.0,0.0
77,0.06,0.06
78,7.23,7.23
79,43.07,43.07
80,120.37,120.37
81,213.59,213.59
82,297.51,297.51
83,355.33,355.33
84,385.98,385.98
85,386.51,386.51
86,355.7,355.7
87,298.29,298.29
88,221.05,221.05
89,132.48,132.48
90,53.35,53.35
91,10.14,10.14
92,0.19,0.19
93,0.0,0.0
94,0.0,0.0
95,0.0,0.0
96,0.0,0.0
97,0.0,0.0
98,0.0,0.0
99,0.0,0.0
100,0.0,0.0
101,1.01,1.01
102,22.83,22.83
103,79.03,79.03
104,162.82,162.82
105,253.13,253.13
106,331.38,331.38
107,386.1,386.1
108,410.44,410.44
109,405.65,405.65
110,375.51,375.51
111,324.52,324.52
112,255.21,255.21
113,174.48,174.48
114,94.49,94.49
115,31.28,31.28
116,2.42,2.42
117,0.0,0.0
118,0.0,0.0
119,0.0,0.0
120,0.0,0.0
121,0.0,0.0
122,0.0,0.0
123,0.0,0.0
124,0.0,0.0
125,1.01,1.01
126,22.83,22.83
127,79.03,79.03
128,162.82,162.82
129,253.13,253.13
130,331.38,331.38
131,386.1,386.1
132,410.44,410.44
133,405.65,405.65
134,375.51,375.51
135,324.52,324.52
136,255.21,255.21
137,174.48,174.48
138,94.49,94.49
139,31.28,31.28
140,2.42,2.42
141,0.0,0.0
142,0.0,0.0
143,0.0,0.0
144,0.0,0.0
145,0.0,0.0
146,0.0,0.0
147,0.0,0.0
148,0.0,0.0
149,0.0,0.0
150,0.09,0.09
151,8.7,8.7
152,50.09,50.09
153,131.53,131.53
154,220.31,220.31
155,287.97,287.97
156,324.94,324.94
157,330.12,330.12
158,303.48,303.48
159,245.52,245.52
160,163.51,163.51
161,72.83,72.83
162,14.36,14.36
163,0.26,0.26
164,0.0,0.0
165,0.0,0.0
166,0.0,0.0
167,0.0,0.0
168,0.0,0.0
169,0.0,0.0
170,0.0,0.0
171,0.0,0.0
172,0.0,0.0
173,0.0,0.0
174,0.09,0.09
175,8.7,8.7
176,50.09,50.09
177,131.53,131.53
178,220.31,220.31
179,287.97,287.97
180,324.94,324.94
181,330.12,330.12
182,303.48,303.48
183,245.52,245.52
184,163.51,163.51
185,72.83,72.83
186,14.36,14.36
187,0.26,0.26
188,0.0,0.0
189,0.0,0.0
190,0.0,0.0
191,0.0,0.0
192,0.0,0.0
REW_PV_RFT,2010,2015
1,0.0,0.0
2,0.0,0.0
3,0.0,0.0
4,0.0,0.0
5,0.0,0.0
6,0.0,0.0
7,0.0,0.0
8,0.0,0.0
9,0.0,0.0
10,0.0,0.0
11,0.0,0.0
12,0.0,0.0
13,0.0,0.0
14,0.0,0.0
15,0.0,0.0
16,0.0,0.0
17,0.0,0.0
18,0.0,0.0
19,0.0,0.0
20,0.0,0.0
21,0.0,0.0
22,0.0,0.0
23,0.0,0.0
24,0.0,0.0
25,0.0,0.0
26,0.0,0.0
27,0.0,0.0
28,0.0,0.0
29,0.0,0.0
30,0.0,0.0
31,0.0,0.0
32,0.0,0.0
33,0.0,0.0
34,0.0,0.0
35,0.0,0.0
36,0.0,0.0
37,0.0,0.0
38,0.0,0.0
39,0.0,0.0
40,0.0,0.0
41,0.0,0.0
42,0.0,0.0
43,0.0,0.0
44,0.0,0.0
45,0.0,0.0
46,0.0,0.0
47,0.0,0.0
48,0.0,0.0
49,0.0,0.0
50,0.0,0.0
51,0.0,0.0
52,0.0,0.0
53,0.0,0.0
54,0.0,0.0
55,0.0,0.0
56,0.0,0.0
57,0.0,0.0
58,0.0,0.0
59,0.0,0.0
60,0.0,0.0
61,0.0,0.0
62,0.0,0.0
63,0.0,0.0
64,0.0,0.0
65,0.0,0.0
66,0.0,0.0
67,0.0,0.0
68,0.0,0.0
69,0.0,0.0
70,0.0,0.0
71,0.0,0.0
72,0.0,0.0
73,0.0,0.0
74,0.0,0.0
75,0.0,0.0
76,0.0,0.0
77,0.0,0.0
78,0.0,0.0
79,0.0,0.0
80,0.0,0.0
81,0.0,0.0
82,0.0,0.0
83,0.0,0.0
84,0.0,0.0
85,0.0,0.0
86,0.0,0.0
87,0.0,0.0
88,0.0,0.0
89,0.0,0.0
90,0.0,0.0
91,0.0,0.0
92,0.0,0.0
93,0.0,0.0
94,0.0,0.0
95,0.0,0.0
96,0.0,0.0
97,0.0,0.0
98,0.0,0.0
99,0.0,0.0
100,0.0,0.0
101,0.0,0.0
102,0.0,0.0
103,0.0,0.0
104,0.0,0.0
105,0.0,0.0
106,0.0,0.0
107,0.0,0.0
108,0.0,0.0
109,0.0,0.0
110,0.0,0.0
111,0.0,0.0
112,0.0,0.0
113,0.0,0.0
114,0.0,0.0
115,0.0,0.0
116,0.0,0.0
117,0.0,0.0
118,0.0,0.0
119,0.0,0.0
120,0.0,0.0
121,0.0,0.0
122,0.0,0.0
123,0.0,0.0
124,0.0,0.0
125,0.0,0.0
126,0.0,0.0
127,0.0,0.0
128,0.0,0.0
129,0.0,0.0
130,0.0,0.0
131,0.0,0.0
132,0.0,0.0
133,0.0,0.0
134,0.0,0.0
135,0.0,0.0
136,0.0,0.0
137,0.0,0.0
138,0.0,0.0
139,0.0,0.0
140,0.0,0.0
141,0.0,0.0
142,0.0,0.0
143,0.0,0.0
144,0.0,0.0
145,0.0,0.0
146,0.0,0.0
147,0.0,0.0
148,0.0,0.0
149,0.0,0.0
150,0.0,0.0
151,0.0,0.0
152,0.0,0.0
153,0.0,0.0
154,0.0,0.0
155,0.0,0.0
156,0.0,0.0
157,0.0,0.0
158,0.0,0.0
159,0.0,0.0
160,0.0,0.0
161,0.0,0.0
162,0.0,0.0
163,0.0,0.0
164,0.0,0.0
165,0.0,0.0
166,0.0,0.0
167,0.0,0.0
168,0.0,0.0
169,0.0,0.0
170,0.0,0.0
171,0.0,0.0
172,0.0,0.0
173,0.0,0.0
174,0.0,0.0
175,0.0,0.0
176,0.0,0.0
177,0.0,0.0
178,0.0,0.0
179,0.0,0.0
180,0.0,0.0
181,0.0,0.0
182,0.0,0.0
183,0.0,0.0
184,0.0,0.0
185,0.0,0.0
186,0.0,0.0
187,0.0,0.0
188,0.0,0.0
189,0.0,0.0
190,0.0,0.0
191,0.0,0.0
192,0.0,0.0
BIO_ST,2010,2015
1,0.0,0.0
2,0.0,0.0
3,0.0,0.0
4,0.0,0.0
5,0.0,0.0
6,0.0,0.0
7,0.0,0.0
8,0.0,0.0
9,0.0,0.0
10,0.0,0.0
11,0.0,0.0
12,0.0,0.0
13,0.0,0.0
14,0.0,0.0
15,0.0,0.0
16,0.0,0.0
17,0.0,0.0
18,0.0,0.0
19,0.0,0.0
20,0.0,0.0
21,0.0,0.0
22,0.0,0.0
23,0.0,0.0
24,0.0,0.0
25,0.0,0.0
26,0.0,0.0
27,0.0,0.0
28,0.0,0.0
29,0.0,0.0
30,0.0,0.0
31,0.0,0.0
32,0.0,0.0
33,0.0,0.0
34,0.0,0.0
35,0.0,0.0
36,0.0,0.0
37,0.0,0.0
38,0.0,0.0
39,0.0,0.0
40,0.0,0.0
41,0.0,0.0
42,0.0,0.0
43,0.0,0.0
44,0.0,0.0
45,0.0,0.0
46,0.0,0.0
47,0.0,0.0
48,0.0,0.0
49,0.0,0.0
50,0.0,0.0
51,0.0,0.0
52,0.0,0.0
53,0.0,0.0
54,0.0,0.0
55,0.0,0.0
56,0.0,0.0
57,0.0,0.0
58,0.0,0.0
59,0.0,0.0
60,0.0,0.0
61,0.0,0.0
62,0.0,0.0
63,0.0,0.0
64,0.0,0.0
65,0.0,0.0
66,0.0,0.0
67,0.0,0.0
68,0.0,0.0
69,0.0,0.0
70,0.0,0.0
71,0.0,0.0
72,0.0,0.0
73,0.0,0.0
74,0.0,0.0
75,0.0,0.0
76,0.0,0.0
77,0.0,0.0
78,0.0,0.0
79,0.0,0.0
80,0.0,0.0
81,0.0,0.0
82,0.0,0.0
83,0.0,0.0
84,0.0,0.0
85,0.0,0.0
86,0.0,0.0
87,0.0,0.0
88,0.0,0.0
89,0.0,0.0
90,0.0,0.0
91,0.0,0.0
92,0.0,0.0
93,0.0,0.0
94,0.0,0.0
95,0.0,0.0
96,0.0,0.0
97,0.0,0.0
98,0.0,0.0
99,0.0,0.0
100,0.0,0.0
101,0.0,0.0
102,0.0,0.0
103,0.0,0.0
104,0.0,0.0
105,0.0,0.0
106,0.0,0.0
107,0.0,0.0
108,0.0,0.0
109,0.0,0.0
110,0.0,0.0
111,0.0,0.0
112,0.0,0.0
113,0.0,0.0
114,0.0,0.0
115,0.0,0.0
116,0.0,0.0
117,0.0,0.0
118,0.0,0.0
119,0.0,0.0
120,0.0,0.0
121,0.0,0.0
122,0.0,0.0
123,0.0,0.0
124,0.0,0.0
125,0.0,0.0
126,0.0,0.0
127,0.0,0.0
128,0.0,0.0
129,0.0,0.0
130,0.0,0.0
131,0.0,0.0
132,0.0,0.0
133,0.0,0.0
134,0.0,0.0
135,0.0,0.0
136,0.0,0.0
137,0.0,0.0
138,0.0,0.0
139,0.0,0.0
140,0.0,0.0
141,0.0,0.0
142,0.0,0.0
143,0.0,0.0
144,0.0,0.0
145,0.0,0.0
146,0.0,0.0
147,0.0,0.0
148,0.0,0.0
149,0.0,0.0
150,0.0,0.0
151,0.0,0.0
152,0.0,0.0
153,0.0,0.0
154,0.0,0.0
155,0.0,0.0
156,0.0,0.0
157,0.0,0.0
158,0.0,0.0
159,0.0,0.0
160,0.0,0.0
161,0.0,0.0
162,0.0,0.0
163,0.0,0.0
164,0.0,0.0
165,0.0,0.0
166,0.0,0.0
167,0.0,0.0
168,0.0,0.0
169,0.0,0.0
170,0.0,0.0
171,0.0,0.0
172,0.0,0.0
173,0.0,0.0
174,0.0,0.0
175,0.0,0.0
176,0.0,0.0
177,0.0,0.0
178,0.0,0.0
179,0.0,0.0
180,0.0,0.0
181,0.0,0.0
182,0.0,0.0
183,0.0,0.0
184,0.0,0.0
185,0.0,0.0
186,0.0,0.0
187,0.0,0.0
188,0.0,0.0
189,0.0,0.0
190,0.0,0.0
191,0.0,0.0
192,0.0,0.0
BIO_CHP,2010,2015
1,88.36,88.36
2,88.36,88.36
3,88.36,88.36
4,88.36,88.36
5,88.36,88.36
6,88.36,88.36
7,88.36,88.36
8,88.36,88.36
9,88.36,88.36
10,88.36,88.36
11,88.36,88.36
12,88.36,88.36
13,88.36,88.36
14,88.36,88.36
15,88.36,88.36
16,88.36,88.36
17,88.36,88.36
18,88.36,88.36
19,88.36,88.36
20,88.36,88.36
21,88.36,88.36
22,88.36,88.36
23,88.36,88.36
24,88.36,88.36
25,88.36,88.36
26,88.36,88.36
27,88.36,88.36
28,88.36,88.36
29,88.36,88.36
30,88.36,88.36
31,88.36,88.36
32,88.36,88.36
33,88.36,88.36
34,88.36,88.36
35,88.36,88.36
36,88.36,88.36
37,88.36,88.36
38,88.36,88.36
39,88.36,88.36
40,88.36,88.36
41,88.36,88.36
42,88.36,88.36
43,88.36,88.36
44,88.36,88.36
45,88.36,88.36
46,88.36,88.36
47,88.36,88.36
48,88.36,88.36
49,88.36,88.36
50,88.36,88.36
51,88.36,88.36
52,88.36,88.36
53,88.36,88.36
54,88.36,88.36
55,88.36,88.36
56,88.36,88.36
57,88.36,88.36
58,88.36,88.36
59,88.36,88.36
60,88.36,88.36
61,88.36,88.36
62,88.36,88.36
63,88.36,88.36
64,88.36,88.36
65,88.36,88.36
66,88.36,88.36
67,88.36,88.36
68,88.36,88.36
69,88.36,88.36
70,88.36,88.36
71,88.36,88.36
72,88.36,88.36
73,88.36,88.36
74,88.36,88.36
75,85.29,88.36
76,76.37,82.11
77,75.64,81.25
78,83.13,88.36
79,88.36,88.36
80,88.36,88.36
81,88.36,88.36
82,88.36,88.36
83,88.36,88.36
84,88.36,88.36
85,88.36,88.36
86,88.36,88.36
87,88.36,88.36
88,88.36,88.36
89,88.36,88.36
90,88.36,88.36
91,88.36,88.36
92,88.36,88.36
93,88.36,88.36
94,88.36,88.36
95,88.36,88.36
96,88.36,88.36
97,88.36,88.36
98,88.36,88.36
99,84.39,88.36
100,77.69,83.65
101,81.6,88.23
102,88.36,88.36
103,88.36,88.36
104,88.36,88.36
105,88.36,88.36
106,88.36,88.36
107,88.36,88.36
108,88.36,88.36
109,88.36,88.36
110,88.36,88.36
111,88.36,88.36
112,88.36,88.36
113,88.36,88.36
114,88.36,88.36
115,88.36,88.36
116,88.36,88.36
117,88.36,88.36
118,88.36,88.36
119,88.36,88.36
120,88.36,88.36
121,88.36,88.36
122,80.92,87.43
123,73.22,78.4
124,64.75,68.49
125,62.16,65.45
126,64.61,68.32
127,76.25,81.95
128,88.36,88.36
129,88.36,88.36
130,88.36,88.36
131,88.36,88.36
132,88.36,88.36
133,88.36,88.36
134,88.36,88.36
135,88.36,88.36
136,88.36,88.36
137,88.36,88.36
138,88.36,88.36
139,88.36,88.36
140,88.36,88.36
141,88.36,88.36
142,88.36,88.36
143,88.36,88.36
144,88.36,88.36
145,88.36,88.36
146,88.36,88.36
147,88.36,88.36
148,88.36,88.36
149,88.36,88.36
150,88.36,88.36
151,88.36,88.36
152,88.36,88.36
153,88.36,88.36
154,88.36,88.36
155,88.36,88.36
156,88.36,88.36
157,88.36,88.36
158,88.36,88.36
159,88.36,88.36
160,88.36,88.36
161,88.36,88.36
162,88.36,88.36
163,88.36,88.36
164,88.36,88.36
165,88.36,88.36
166,88.36,88.36
167,88.36,88.36
168,88.36,88.36
169,88.36,88.36
170,88.36,88.36
171,88.36,88.36
172,82.55,88.36
173,81.94,88.36
174,88.36,88.36
175,88.36,88.36
176,88.36,88.36
177,88.36,88.36
178,88.36,88.36
179,88.36,88.36
180,88.36,88.36
181,88.36,88.36
182,88.36,88.36
183,88.36,88.36
184,88.36,88.36
185,88.36,88.36
186,88.36,88.36
187,88.36,88.36
188,88.36,88.36
189,88.36,88.36
190,88.36,88.36
191,88.36,88.36
192,88.36,88.36
BIO_IGCC_CHP,2010,2015
1,0.0,0.0
2,0.0,0.0
3,0.0,0.0
4,0.0,0.0
5,0.0,0.0
6,0.0,0.0
7,0.0,0.0
8,0.0,0.0
9,0.0,0.0
10,0.0,0.0
11,0.0,0.0
12,0.0,0.0
13,0.0,0.0
14,0.0,0.0
15,0.0,0.0
16,0.0,0.0
17,0.0,0.0
18,0.0,0.0
19,0.0,0.0
20,0.0,0.0
21,0.0,0.0
22,0.0,0.0
23,0.0,0.0
24,0.0,0.0
25,0.0,0.0
26,0.0,0.0
27,0.0,0.0
28,0.0,0.0
29,0.0,0.0
30,0.0,0.0
31,0.0,0.0
32,0.0,0.0
33,0.0,0.0
34,0.0,0.0
35,0.0,0.0
36,0.0,0.0
37,0.0,0.0
38,0.0,0.0
39,0.0,0.0
40,0.0,0.0
41,0.0,0.0
42,0.0,0.0
43,0.0,0.0
44,0.0,0.0
45,0.0,0.0
46,0.0,0.0
47,0.0,0.0
48,0.0,0.0
49,0.0,0.0
50,0.0,0.0
51,0.0,0.0
52,0.0,0.0
53,0.0,0.0
54,0.0,0.0
55,0.0,0.0
56,0.0,0.0
57,0.0,0.0
58,0.0,0.0
59,0.0,0.0
60,0.0,0.0
61,0.0,0.0
62,0.0,0.0
63,0.0,0.0
64,0.0,0.0
65,0.0,0.0
66,0.0,0.0
67,0.0,0.0
68,0.0,0.0
69,0.0,0.0
70,0.0,0.0
71,0.0,0.0
72,0.0,0.0
73,0.0,0.0
74,0.0,0.0
75,0.0,0.0
76,0.0,0.0
77,0.0,0.0
78,0.0,0.0
79,0.0,0.0
80,0.0,0.0
81,0.0,0.0
82,0.0,0.0
83,0.0,0.0
84,0.0,0.0
85,0.0,0.0
86,0.0,0.0
87,0.0,0.0
88,0.0,0.0
89,0.0,0.0
90,0.0,0.0
91,0.0,0.0
92,0.0,0.0
93,0.0,0.0
94,0.0,0.0
95,0.0,0.0
96,0.0,0.0
97,0.0,0.0
98,0.0,0.0
99,0.0,0.0
100,0.0,0.0
101,0.0,0.0
102,0.0,0.0
103,0.0,0.0
104,0.0,0.0
105,0.0,0.0
106,0.0,0.0
107,0.0,0.0
108,0.0,0.0
109,0.0,0.0
110,0.0,0.0
111,0.0,0.0
112,0.0,0.0
113,0.0,0.0
114,0.0,0.0
115,0.0,0.0
116,0.0,0.0
117,0.0,0.0
118,0.0,0.0
119,0.0,0.0
120,0.0,0.0
121,0.0,0.0
122,0.0,0.0
123,0.0,0.0
124,0.0,0.0
125,0.0,0.0
126,0.0,0.0
127,0.0,0.0
128,0.0,0.0
129,0.0,0.0
130,0.0,0.0
131,0.0,0.0
132,0.0,0.0
133,0.0,0.0
134,0.0,0.0
135,0.0,0.0
136,0.0,0.0
137,0.0,0.0
138,0.0,0.0
139,0.0,0.0
140,0.0,0.0
141,0.0,0.0
142,0.0,0.0
143,0.0,0.0
144,0.0,0.0
145,0.0,0.0
146,0.0,0.0
147,0.0,0.0
148,0.0,0.0
149,0.0,0.0
150,0.0,0.0
151,0.0,0.0
152,0.0,0.0
153,0.0,0.0
154,0.0,0.0
155,0.0,0.0
156,0.0,0.0
157,0.0,0.0
158,0.0,0.0
159,0.0,0.0
160,0.0,0.0
161,0.0,0.0
162,0.0,0.0
163,0.0,0.0
164,0.0,0.0
165,0.0,0.0
166,0.0,0.0
167,0.0,0.0
168,0.0,0.0
169,0.0,0.0
170,0.0,0.0
171,0.0,0.0
172,0.0,0.0
173,0.0,0.0
174,0.0,0.0
175,0.0,0.0
176,0.0,0.0
177,0.0,0.0
178,0.0,0.0
179,0.0,0.0
180,0.0,0.0
181,0.0,0.0
182,0.0,0.0
183,0.0,0.0
184,0.0,0.0
185,0.0,0.0
186,0.0,0.0
187,0.0,0.0
188,0.0,0.0
189,0.0,0.0
190,0.0,0.0
191,0.0,0.0
192,0.0,0.0
COA_CHP_BP_DH,2010,2015
1,176.7,176.7
2,176.7,176.7
3,176.7,176.7
4,176.7,176.7
5,176.7,176.7
6,176.7,176.7
7,176.7,176.7
8,176.7,176.7
9,176.7,176.7
10,176.7,176.7
11,176.7,176.7
12,176.7,176.7
13,176.7,176.7
14,176.7,176.7
15,176.7,176.7
16,176.7,176.7
17,176.7,176.7
18,176.7,176.7
19,176.7,176.7
20,176.7,176.7
21,176.7,176.7
22,176.7,176.7
23,176.7,176.7
24,176.7,176.7
25,176.7,176.7
26,176.7,176.7
27,176.7,176.7
28,176.7,176.7
29,176.7,176.7
30,176.7,176.7
31,176.7,176.7
32,176.7,176.7
33,176.7,176.7
34,176.7,176.7
35,176.7,176.7
36,176.7,176.7
37,176.7,176.7
38,176.7,176.7
39,176.7,176.7
40,176.7,176.7
41,176.7,176.7
42,176.7,176.7
43,176.7,176.7
44,176.7,176.7
45,176.7,176.7
46,176.7,176.7
47,176.7,176.7
48,176.7,176.7
49,176.7,176.7
50,176.7,176.7
51,176.7,176.7
52,176.7,176.7
53,176.7,176.7
54,176.7,176.7
55,176.7,176.7
56,176.7,176.7
57,176.7,176.7
58,176.7,176.7
59,176.7,176.7
60,176.7,176.7
61,176.7,176.7
62,176.7,176.7
63,176.7,176.7
64,176.7,176.7
65,176.7,176.7
66,176.7,176.7
67,176.7,176.7
68,176.7,176.7
69,176.7,176.7
70,176.7,176.7
71,176.7,176.7
72,176.7,176.7
73,176.7,176.7
74,176.7,176.7
75,176.7,176.7
76,176.7,176.7
77,176.7,176.7
78,176.7,176.7
79,176.7,176.7
80,176.7,176.7
81,176.7,176.7
82,176.7,176.7
83,176.7,176.7
84,176.7,176.7
85,176.7,176.7
86,176.7,176.7
87,176.7,176.7
88,176.7,176.7
89,176.7,176.7
90,176.7,176.7
91,176.7,176.7
92,176.7,176.7
93,176.7,176.7
94,176.7,176.7
95,176.7,176.7
96,176.7,176.7
97,176.7,176.7
98,176.7,176.7
99,176.7,176.7
100,176.7,176.7
101,176.7,176.7
102,176.7,176.7
103,176.7,176.7
104,176.7,176.7
105,176.7,176.7
106,176.7,176.7
107,176.7,176.7
108,176.7,176.7
109,176.7,176.7
110,176.7,176.7
111,176.7,176.7
112,176.7,176.7
113,176.7,176.7
114,176.7,176.7
115,176.7,176.7
116,176.7,176.7
117,176.7,176.7
118,176.7,176.7
119,176.7,176.7
120,176.7,176.7
121,176.7,176.7
122,176.7,176.7
123,176.7,176.7
124,176.7,176.7
125,176.7,176.7
126,176.7,176.7
127,176.7,176.7
128,176.7,176.7
129,176.7,176.7
130,176.7,176.7
131,176.7,176.7
132,176.7,176.7
133,176.7,176.7
134,176.7,176.7
135,176.7,176.7
136,176.7,176.7
137,176.7,176.7
138,176.7,176.7
139,176.7,176.7
140,176.7,176.7
141,176.7,176.7
142,176.7,176.7
143,176.7,176.7
144,176.7,176.7
145,176.7,176.7
146,176.7,176.7
147,176.7,176.7
148,176.7,176.7
149,176.7,176.7
150,176.7,176.7
151,176.7,176.7
152,176.7,176.7
153,176.7,176.7
154,176.7,176.7
155,176.7,176.7
156,176.7,176.7
157,176.7,176.7
158,176.7,176.7
159,176.7,176.7
160,176.7,176.7
161,176.7,176.7
162,176.7,176.7
163,176.7,176.7
164,176.7,176.7
165,176.7,176.7
166,176.7,176.7
167,176.7,176.7
168,176.7,176.7
169,176.7,176.7
170,176.7,176.7
171,176.7,176.7
172,176.7,176.7
173,176.7,176.7
174,176.7,176.7
175,176.7,176.7
176,176.7,176.7
177,176.7,176.7
178,176.7,176.7
179,176.7,176.7
180,176.7,176.7
181,176.7,176.7
182,176.7,176.7
183,176.7,176.7
184,176.7,176.7
185,176.7,176.7
186,176.7,176.7
187,176.7,176.7
188,176.7,176.7
189,176.7,176.7
190,176.7,176.7
191,176.7,176.7
192,176.7,176.7
COA_CHP_EC_DH,2010,2015
1,0.0,0.0
2,0.0,0.0
3,0.0,0.0
4,0.0,0.0
5,0.0,0.0
6,0.0,0.0
7,0.0,0.0
8,0.0,0.0
9,0.0,0.0
10,0.0,0.0
11,0.0,0.0
12,0.0,0.0
13,0.0,0.0
14,0.0,0.0
15,0.0,0.0
16,0.0,0.0
17,0.0,0.0
18,0.0,0.0
19,0.0,0.0
20,0.0,0.0
21,0.0,0.0
22,0.0,0.0
23,0.0,0.0
24,0.0,0.0
25,0.0,0.0
26,0.0,0.0
27,0.0,0.0
28,0.0,0.0
29,0.0,0.0
30,0.0,0.0
31,0.0,0.0
32,0.0,0.0
33,0.0,0.0
34,0.0,0.0
35,0.0,0.0
36,0.0,0.0
37,0.0,0.0
38,0.0,0.0
39,0.0,0.0
40,0.0,0.0
41,0.0,0.0
42,0.0,0.0
43,0.0,0.0
44,0.0,0.0
45,0.0,0.0
46,0.0,0.0
47,0.0,0.0
48,0.0,0.0
49,0.0,0.0
50,0.0,0.0
51,0.0,0.0
52,0.0,0.0
53,0.0,0.0
54,0.0,0.0
55,0.0,0.0
56,0.0,0.0
57,0.0,0.0
58,0.0,0.0
59,0.0,0.0
60,0.0,0.0
61,0.0,0.0
62,0.0,0.0
63,0.0,0.0
64,0.0,0.0
65,0.0,0.0
66,0.0,0.0
67,0.0,0.0
68,0.0,0.0
69,0.0,0.0
70,0.0,0.0
71,0.0,0.0
72,0.0,0.0
73,0.0,0.0
74,0.0,0.0
75,0.0,0.0
76,0.0,0.0
77,0.0,0.0
78,0.0,0.0
79,0.0,0.0
80,0.0,0.0
81,0.0,0.0
82,0.0,0.0
83,0.0,0.0
84,0.0,0.0
85,0.0,0.0
86,0.0,0.0
87,0.0,0.0
88,0.0,0.0
89,0.0,0.0
90,0.0,0.0
91,0.0,0.0
92,0.0,0.0
93,0.0,0.0
94,0.0,0.0
95,0.0,0.0
96,0.0,0.0
97,0.0,0.0
98,0.0,0.0
99,0.0,0.0
100,0.0,0.0
101,0.0,0.0
102,0.0,0.0
103,0.0,0.0
104,0.0,0.0
105,0.0,0.0
106,0.0,0.0
107,0.0,0.0
108,0.0,0.0
109,0.0,0.0
110,0.0,0.0
111,0.0,0.0
112,0.0,0.0
113,0.0,0.0
114,0.0,0.0
115,0.0,0.0
116,0.0,0.0
117,0.0,0.0
118,0.0,0.0
119,0.0,0.0
120,0.0,0.0
121,0.0,0.0
122,0.0,0.0
123,0.0,0.0
124,0.0,0.0
125,0.0,0.0
126,0.0,0.0
127,0.0,0.0
128,0.0,0.0
129,0.0,0.0
130,0.0,0.0
131,0.0,0.0
132,0.0,0.0
133,0.0,0.0
134,0.0,0.0
135,0.0,0.0
136,0.0,0.0
137,0.0,0.0
138,0.0,0.0
139,0.0,0.0
140,0.0,0.0
141,0.0,0.0
142,0.0,0.0
143,0.0,0.0
144,0.0,0.0
145,0.0,0.0
146,0.0,0.0
147,0.0,0.0
148,0.0,0.0
149,0.0,0.0
150,0.0,0.0
151,0.0,0.0
152,0.0,0.0
153,0.0,0.0
154,0.0,0.0
155,0.0,0.0
156,0.0,0.0
157,0.0,0.0
158,0.0,0.0
159,0.0,0.0
160,0.0,0.0
161,0.0,0.0
162,0.0,0.0
163,0.0,0.0
164,0.0,0.0
165,0.0,0.0
166,0.0,0.0
167,0.0,0.0
168,0.0,0.0
169,0.0,0.0
170,0.0,0.0
171,0.0,0.0
172,0.0,0.0
173,0.0,0.0
174,0.0,0.0
175,0.0,0.0
176,0.0,0.0
177,0.0,0.0
178,0.0,0.0
179,0.0,0.0
180,0.0,0.0
181,0.0,0.0
182,0.0,0.0
183,0.0,0.0
184,0.0,0.0
185,0.0,0.0
186,0.0,0.0
187,0.0,0.0
188,0.0,0.0
189,0.0,0.0
190,0.0,0.0
191,0.0,0.0
192,0.0,0.0
GAS_CHP_BP_DH,2010,2015
1,88.35,88.35
2,88.35,88.35
3,88.35,88.35
4,88.35,88.35
5,88.35,88.35
6,88.35,88.35
7,88.35,88.35
8,88.35,88.35
9,88.35,88.35
10,88.35,88.35
11,88.35,88.35
12,88.35,88.35
13,88.35,88.35
14,88.35,88.35
15,88.35,88.35
16,88.35,88.35
17,88.35,88.35
18,88.35,88.35
19,88.35,88.35
20,88.35,88.35
21,88.35,88.35
22,88.35,88.35
23,88.35,88.35
24,88.35,88.35
25,88.35,88.35
26,88.35,88.35
27,88.35,88.35
28,88.35,88.35
29,88.35,88.35
30,88.35,88.35
31,88.35,88.35
32,88.35,88.35
33,88.35,88.35
34,88.35,88.35
35,88.35,88.35
36,88.35,88.35
37,88.35,88.35
38,88.35,88.35
39,88.35,88.35
40,88.35,88.35
41,88.35,88.35
42,88.35,88.35
43,88.35,88.35
44,88.35,88.35
45,88.35,88.35
46,88.35,88.35
47,88.35,88.35
48,88.35,88.35
49,88.35,88.35
50,88.35,88.35
51,88.35,88.35
52,88.35,88.35
53,88.35,88.35
54,88.35,88.35
55,88.35,88.35
56,88.35,88.35
57,88.35,88.35
58,88.35,88.35
59,88.35,88.35
60,88.35,88.35
61,88.35,88.35
62,88.35,88.35
63,88.35,88.35
64,88.35,88.35
65,88.35,88.35
66,88.35,88.35
67,88.35,88.35
68,88.35,88.35
69,88.35,88.35
70,88.35,88.35
71,88.35,88.35
72,88.35,88.35
73,88.35,88.35
74,88.35,88.35
75,88.35,88.35
76,88.35,88.35
77,88.35,88.35
78,88.35,88.35
79,88.35,88.35
80,88.35,88.35
81,88.35,88.35
82,88.35,88.35
83,88.35,88.35
84,88.35,88.35
85,88.35,88.35
86,88.35,88.35
87,88.35,88.35
88,88.35,88.35
89,88.35,88.35
90,88.35,88.35
91,88.35,88.35
92,88.35,88.35
93,88.35,88.35
94,88.35,88.35
95,88.35,88.35
96,88.35,88.35
97,88.35,88.35
98,88.35,88.35
99,88.35,88.35
100,88.35,88.35
101,88.35,88.35
102,88.35,88.35
103,88.35,88.35
104,88.35,88.35
105,88.35,88.35
106,88.35,88.35
107,88.35,88.35
108,88.35,88.35
109,88.35,88.35
110,88.35,88.35
111,88.35,88.35
112,88.35,88.35
113,88.35,88.35
114,88.35,88.35
115,88.35,88.35
116,88.35,88.35
117,88.35,88.35
118,88.35,88.35
119,88.35,88.35
120,88.35,88.35
121,88.35,88.35
122,88.35,88.35
123,88.35,88.35
124,88.35,88.35
125,88.35,88.35
126,88.35,88.35
127,88.35,88.35
128,88.35,88.35
129,88.35,88.35
130,88.35,88.35
131,88.35,88.35
132,88.35,88.35
133,88.35,88.35
134,88.35,88.35
135,88.35,88.35
136,88.35,88.35
137,88.35,88.35
138,88.35,88.35
139,88.35,88.35
140,88.35,88.35
141,88.35,88.35
142,88.35,88.35
143,88.35,88.35
144,88.35,88.35
145,88.35,88.35
146,88.35,88.35
147,88.35,88.35
148,88.35,88.35
149,88.35,88.35
150,88.35,88.35
151,88.35,88.35
152,88.35,88.35
153,88.35,88.35
154,88.35,88.35
155,88.35,88.35
156,88.35,88.35
157,88.35,88.35
158,88.35,88.35
159,88.35,88.35
160,88.35,88.35
161,88.35,88.35
162,88.35,88.35
163,88.35,88.35
164,88.35,88.35
165,88.35,88.35
166,88.35,88.35
167,88.35,88.35
168,88.35,88.35
169,88.35,88.35
170,88.35,88.35
171,88.35,88.35
172,88.35,88.35
173,88.35,88.35
174,88.35,88.35
175,88.35,88.35
176,88.35,88.35
177,88.35,88.35
178,88.35,88.35
179,88.35,88.35
180,88.35,88.35
181,88.35,88.35
182,88.35,88.35
183,88.35,88.35
184,88.35,88.35
185,88.35,88.35
186,88.35,88.35
187,88.35,88.35
188,88.35,88.35
189,88.35,88.35
190,88.35,88.35
191,88.35,88.35
192,88.35,88.35
GAS_CHP_EC_DH,2010,2015
1,0.0,0.0
2,0.0,0.0
3,0.0,0.0
4,0.0,0.0
5,0.0,0.0
6,0.0,0.0
7,0.0,0.0
8,0.0,0.0
9,0.0,0.0
10,0.0,0.0
11,0.0,0.0
12,0.0,0.0
13,0.0,0.0
14,0.0,0.0
15,0.0,0.0
16,0.0,0.0
17,0.0,0.0
18,0.0,0.0
19,0.0,0.0
20,0.0,0.0
21,0.0,0.0
22,0.0,0.0
23,0.0,0.0
24,0.0,0.0
25,0.0,0.0
26,0.0,0.0
27,0.0,0.0
28,0.0,0.0
29,0.0,0.0
30,0.0,0.0
31,0.0,0.0
32,0.0,0.0
33,0.0,0.0
34,0.0,0.0
35,0.0,0.0
36,0.0,0.0
37,0.0,0.0
38,0.0,0.0
39,0.0,0.0
40,0.0,0.0
41,0.0,0.0
42,0.0,0.0
43,0.0,0.0
44,0.0,0.0
45,0.0,0.0
46,0.0,0.0
47,0.0,0.0
48,0.0,0.0
49,0.0,0.0
50,0.0,0.0
51,0.0,0.0
52,0.0,0.0
53,0.0,0.0
54,0.0,0.0
55,0.0,0.0
56,0.0,0.0
57,0.0,0.0
58,0.0,0.0
59,0.0,0.0
60,0.0,0.0
61,0.0,0.0
62,0.0,0.0
63,0.0,0.0
64,0.0,0.0
65,0.0,0.0
66,0.0,0.0
67,0.0,0.0
68,0.0,0.0
69,0.0,0.0
70,0.0,0.0
71,0.0,0.0
72,0.0,0.0
73,0.0,0.0
74,0.0,0.0
75,0.0,0.0
76,0.0,0.0
77,0.0,0.0
78,0.0,0.0
79,0.0,0.0
80,0.0,0.0
81,0.0,0.0
82,0.0,0.0
83,0.0,0.0
84,0.0,0.0
85,0.0,0.0
86,0.0,0.0
87,0.0,0.0
88,0.0,0.0
89,0.0,0.0
90,0.0,0.0
91,0.0,0.0
92,0.0,0.0
93,0.0,0.0
94,0.0,0.0
95,0.0,0.0
96,0.0,0.0
97,0.0,0.0
98,0.0,0.0
99,0.0,0.0
100,0.0,0.0
101,0.0,0.0
102,0.0,0.0
103,0.0,0.0
104,0.0,0.0
105,0.0,0.0
106,0.0,0.0
107,0.0,0.0
108,0.0,0.0
109,0.0,0.0
110,0.0,0.0
111,0.0,0.0
112,0.0,0.0
113,0.0,0.0
114,0.0,0.0
115,0.0,0.0
116,0.0,0.0
117,0.0,0.0
118,0.0,0.0
119,0.0,0.0
120,0.0,0.0
121,0.0,0.0
122,0.0,0.0
123,0.0,0.0
124,0.0,0.0
125,0.0,0.0
126,0.0,0.0
127,0.0,0.0
128,0.0,0.0
129,0.0,0.0
130,0.0,0.0
131,0.0,0.0
132,0.0,0.0
133,0.0,0.0
134,0.0,0.0
135,0.0,0.0
136,0.0,0.0
137,0.0,0.0
138,0.0,0.0
139,0.0,0.0
140,0.0,0.0
141,0.0,0.0
142,0.0,0.0
143,0.0,0.0
144,0.0,0.0
145,0.0,0.0
146,0.0,0.0
147,0.0,0.0
148,0.0,0.0
149,0.0,0.0
150,0.0,0.0
151,0.0,0.0
152,0.0,0.0
153,0.0,0.0
154,0.0,0.0
155,0.0,0.0
156,0.0,0.0
157,0.0,0.0
158,0.0,0.0
159,0.0,0.0
160,0.0,0.0
161,0.0,0.0
162,0.0,0.0
163,0.0,0.0
164,0.0,0.0
165,0.0,0.0
166,0.0,0.0
167,0.0,0.0
168,0.0,0.0
169,0.0,0.0
170,0.0,0.0
171,0.0,0.0
172,0.0,0.0
173,0.0,0.0
174,0.0,0.0
175,0.0,0.0
176,0.0,0.0
177,0.0,0.0
178,0.0,0.0
179,0.0,0.0
180,0.0,0.0
181,0.0,0.0
182,0.0,0.0
183,0.0,0.0
184,0.0,0.0
185,0.0,0.0
186,0.0,0.0
187,0.0,0.0
188,0.0,0.0
189,0.0,0.0
190,0.0,0.0
191,0.0,0.0
192,0.0,0.0
COA_CHP_EC_CCS_DH,2010,2015
1,0.0,0.0
2,0.0,0.0
3,0.0,0.0
4,0.0,0.0
5,0.0,0.0
6,0.0,0.0
7,0.0,0.0
8,0.0,0.0
9,0.0,0.0
10,0.0,0.0
11,0.0,0.0
12,0.0,0.0
13,0.0,0.0
14,0.0,0.0
15,0.0,0.0
16,0.0,0.0
17,0.0,0.0
18,0.0,0.0
19,0.0,0.0
20,0.0,0.0
21,0.0,0.0
22,0.0,0.0
23,0.0,0.0
24,0.0,0.0
25,0.0,0.0
26,0.0,0.0
27,0.0,0.0
28,0.0,0.0
29,0.0,0.0
30,0.0,0.0
31,0.0,0.0
32,0.0,0.0
33,0.0,0.0
34,0.0,0.0
35,0.0,0.0
36,0.0,0.0
37,0.0,0.0
38,0.0,0.0
39,0.0,0.0
40,0.0,0.0
41,0.0,0.0
42,0.0,0.0
43,0.0,0.0
44,0.0,0.0
45,0.0,0.0
46,0.0,0.0
47,0.0,0.0
48,0.0,0.0
49,0.0,0.0
50,0.0,0.0
51,0.0,0.0
52,0.0,0.0
53,0.0,0.0
54,0.0,0.0
55,0.0,0.0
56,0.0,0.0
57,0.0,0.0
58,0.0,0.0
59,0.0,0.0
60,0.0,0.0
61,0.0,0.0
62,0.0,0.0
63,0.0,0.0
64,0.0,0.0
65,0.0,0.0
66,0.0,0.0
67,0.0,0.0
68,0.0,0.0
69,0.0,0.0
70,0.0,0.0
71,0.0,0.0
72,0.0,0.0
73,0.0,0.0
74,0.0,0.0
75,0.0,0.0
76,0.0,0.0
77,0.0,0.0
78,0.0,0.0
79,0.0,0.0
80,0.0,0.0
81,0.0,0.0
82,0.0,0.0
83,0.0,0.0
84,0.0,0.0
85,0.0,0.0
86,0.0,0.0
87,0.0,0.0
88,0.0,0.0
89,0.0,0.0
90,0.0,0.0
91,0.0,0.0
92,0.0,0.0
93,0.0,0.0
94,0.0,0.0
95,0.0,0.0
96,0.0,0.0
97,0.0,0.0
98,0.0,0.0
99,0.0,0.0
100,0.0,0.0
101,0.0,0.0
102,0.0,0.0
103,0.0,0.0
104,0.0,0.0
105,0.0,0.0
106,0.0,0.0
107,0.0,0.0
108,0.0,0.0
109,0.0,0.0
110,0.0,0.0
111,0.0,0.0
112,0.0,0.0
113,0.0,0.0
114,0.0,0.0
115,0.0,0.0
116,0.0,0.0
117,0.0,0.0
118,0.0,0.0
119,0.0,0.0
120,0.0,0.0
121,0.0,0.0
122,0.0,0.0
123,0.0,0.0
124,0.0,0.0
125,0.0,0.0
126,0.0,0.0
127,0.0,0.0
128,0.0,0.0
129,0.0,0.0
130,0.0,0.0
131,0.0,0.0
132,0.0,0.0
133,0.0,0.0
134,0.0,0.0
135,0.0,0.0
136,0.0,0.0
137,0.0,0.0
138,0.0,0.0
139,0.0,0.0
140,0.0,0.0
141,0.0,0.0
142,0.0,0.0
143,0.0,0.0
144,0.0,0.0
145,0.0,0.0
146,0.0,0.0
147,0.0,0.0
148,0.0,0.0
149,0.0,0.0
150,0.0,0.0
151,0.0,0.0
152,0.0,0.0
153,0.0,0.0
154,0.0,0.0
155,0.0,0.0
156,0.0,0.0
157,0.0,0.0
158,0.0,0.0
159,0.0,0.0
160,0.0,0.0
161,0.0,0.0
162,0.0,0.0
163,0.0,0.0
164,0.0,0.0
165,0.0,0.0
166,0.0,0.0
167,0.0,0.0
168,0.0,0.0
169,0.0,0.0
170,0.0,0.0
171,0.0,0.0
172,0.0,0.0
173,0.0,0.0
174,0.0,0.0
175,0.0,0.0
176,0.0,0.0
177,0.0,0.0
178,0.0,0.0
179,0.0,0.0
180,0.0,0.0
181,0.0,0.0
182,0.0,0.0
183,0.0,0.0
184,0.0,0.0
185,0.0,0.0
186,0.0,0.0
187,0.0,0.0
188,0.0,0.0
189,0.0,0.0
190,0.0,0.0
191,0.0,0.0
192,0.0,0.0
GAS_CHP_EC_CCS_DH,2010,2015
1,0.0,88.35
2,0.0,88.35
3,0.0,88.35
4,0.0,88.35
5,0.0,88.35
6,0.0,88.35
7,0.0,88.35
8,0.0,88.35
9,0.0,88.35
10,0.0,88.35
11,0.0,88.35
12,0.0,88.35
13,0.0,88.35
14,0.0,88.35
15,0.0,88.35
16,0.0,88.35
17,0.0,88.35
18,0.0,88.35
19,0.0,88.35
20,0.0,88.35
21,0.0,88.35
22,0.0,88.35
23,0.0,88.35
24,0.0,88.35
25,0.0,88.35
26,0.0,88.35
27,0.0,88.35
28,0.0,88.35
29,0.0,88.35
30,0.0,88.35
31,0.0,88.35
32,0.0,88.35
33,0.0,88.35
34,0.0,88.35
35,0.0,88.35
36,0.0,88.35
37,0.0,88.35
38,0.0,88.35
39,0.0,88.35
40,0.0,88.35
41,0.0,88.35
42,0.0,88.35
43,0.0,88.35
44,0.0,88.35
45,0.0,88.35
46,0.0,88.35
47,0.0,88.35
48,0.0,88.35
49,0.0,88.35
50,0.0,88.35
51,0.0,88.35
52,0.0,88.35
53,0.0,88.35
54,0.0,88.35
55,0.0,88.35
56,0.0,88.35
57,0.0,88.35
58,0.0,88.35
59,0.0,88.35
60,0.0,88.35
61,0.0,88.35
62,0.0,88.35
63,0.0,88.35
64,0.0,88.35
65,0.0,88.35
66,0.0,88.35
67,0.0,88.35
68,0.0,88.35
69,0.0,88.35
70,0.0,88.35
71,0.0,88.35
72,0.0,88.35
73,0.0,88.35
74,0.0,88.35
75,0.0,88.35
76,0.0,88.35
77,0.0,88.35
78,0.0,88.35
79,0.0,88.35
80,0.0,88.35
81,0.0,88.35
82,0.0,88.35
83,0.0,88.35
84,0.0,88.35
85,0.0,88.35
86,0.0,88.35
87,0.0,88.35
88,0.0,88.35
89,0.0,88.35
90,0.0,88.35
91,0.0,88.35
92,0.0,88.35
93,0.0,88.35
94,0.0,88.35
95,0.0,88.35
96,0.0,88.35
97,0.0,88.35
98,0.0,88.35
99,0.0,88.35
100,0.0,88.35
101,0.0,88.35
102,0.0,88.35
103,0.0,88.35
104,0.0,88.35
105,0.0,88.35
106,0.0,88.35
107,0.0,88.35
108,0.0,88.35
109,0.0,88.35
110,0.0,88.35
111,0.0,88.35
112,0.0,88.35
113,0.0,88.35
114,0.0,88.35
115,0.0,88.35
116,0.0,88.35
117,0.0,88.35
118,0.0,88.35
119,0.0,88.35
120,0.0,88.35
121,0.0,88.35
122,0.0,88.35
123,0.0,88.35
124,0.0,88.35
125,0.0,88.35
126,0.0,88.35
127,0.0,88.35
128,0.0,88.35
129,0.0,88.35
130,0.0,88.35
131,0.0,88.35
132,0.0,88.35
133,0.0,88.35
134,0.0,88.35
135,0.0,88.35
136,0.0,88.35
137,0.0,88.35
138,0.0,88.35
139,0.0,88.35
140,0.0,88.35
141,0.0,88.35
142,0.0,88.35
143,0.0,88.35
144,0.0,88.35
145,0.0,88.35
146,0.0,88.35
147,0.0,88.35
148,0.0,88.35
149,0.0,88.35
150,0.0,88.35
151,0.0,88.35
152,0.0,88.35
153,0.0,88.35
154,0.0,88.35
155,0.0,88.35
156,0.0,88.35
157,0.0,88.35
158,0.0,88.35
159,0.0,88.35
160,0.0,88.35
161,0.0,88.35
162,0.0,88.35
163,0.0,88.35
164,0.0,88.35
165,0.0,88.35
166,0.0,88.35
167,0.0,88.35
168,0.0,88.35
169,0.0,88.35
170,0.0,88.35
171,0.0,88.35
172,0.0,88.35
173,0.0,88.35
174,0.0,88.35
175,0.0,88.35
176,0.0,88.35
177,0.0,88.35
178,0.0,88.35
179,0.0,88.35
180,0.0,88.35
181,0.0,88.35
182,0.0,88.35
183,0.0,88.35
184,0.0,88.35
185,0.0,88.35
186,0.0,88.35
187,0.0,88.35
188,0.0,88.35
189,0.0,88.35
190,0.0,88.35
191,0.0,88.35
192,0.0,88.35
OIL_ST,2010,2015
1,0.0,0.0
2,0.0,0.0
3,0.0,0.0
4,0.0,0.0
5,0.0,0.0
6,0.0,0.0
7,0.0,0.0
8,0.0,0.0
9,0.0,0.0
10,0.0,0.0
11,0.0,0.0
12,0.0,0.0
13,0.0,0.0
14,0.0,0.0
15,0.0,0.0
16,0.0,0.0
17,0.0,0.0
18,0.0,0.0
19,0.0,0.0
20,0.0,0.0
21,0.0,0.0
22,0.0,0.0
23,0.0,0.0
24,0.0,0.0
25,0.0,0.0
26,0.0,0.0
27,0.0,0.0
28,0.0,0.0
29,0.0,0.0
30,0.0,0.0
31,0.0,0.0
32,0.0,0.0
33,0.0,0.0
34,0.0,0.0
35,0.0,0.0
36,0.0,0.0
37,0.0,0.0
38,0.0,0.0
39,0.0,0.0
40,0.0,0.0
41,0.0,0.0
42,0.0,0.0
43,0.0,0.0
44,0.0,0.0
45,0.0,0.0
46,0.0,0.0
47,0.0,0.0
48,0.0,0.0
49,0.0,0.0
50,0.0,0.0
51,0.0,0.0
52,0.0,0.0
53,0.0,0.0
54,0.0,0.0
55,0.0,0.0
56,0.0,0.0
57,0.0,0.0
58,0.0,0.0
59,0.0,0.0
60,0.0,0.0
61,0.0,0.0
62,0.0,0.0
63,0.0,0.0
64,0.0,0.0
65,0.0,0.0
66,0.0,0.0
67,0.0,0.0
68,0.0,0.0
69,0.0,0.0
70,0.0,0.0
71,0.0,0.0
72,0.0,0.0
73,0.0,0.0
74,0.0,0.0
75,0.0,0.0
76,0.0,0.0
77,0.0,0.0
78,0.0,0.0
79,0.0,0.0
80,0.0,0.0
81,0.0,0.0
82,0.0,0.0
83,0.0,0.0
84,0.0,0.0
85,0.0,0.0
86,0.0,0.0
87,0.0,0.0
88,0.0,0.0
89,0.0,0.0
90,0.0,0.0
91,0.0,0.0
92,0.0,0.0
93,0.0,0.0
94,0.0,0.0
95,0.0,0.0
96,0.0,0.0
97,0.0,0.0
98,0.0,0.0
99,0.0,0.0
100,0.0,0.0
101,0.0,0.0
102,0.0,0.0
103,0.0,0.0
104,0.0,0.0
105,0.0,0.0
106,0.0,0.0
107,0.0,0.0
108,0.0,0.0
109,0.0,0.0
110,0.0,0.0
111,0.0,0.0
112,0.0,0.0
113,0.0,0.0
114,0.0,0.0
115,0.0,0.0
116,0.0,0.0
117,0.0,0.0
118,0.0,0.0
119,0.0,0.0
120,0.0,0.0
121,0.0,0.0
122,0.0,0.0
123,0.0,0.0
124,0.0,0.0
125,0.0,0.0
126,0.0,0.0
127,0.0,0.0
128,0.0,0.0
129,0.0,0.0
130,0.0,0.0
131,0.0,0.0
132,0.0,0.0
133,0.0,0.0
134,0.0,0.0
135,0.0,0.0
136,0.0,0.0
137,0.0,0.0
138,0.0,0.0
139,0.0,0.0
140,0.0,0.0
141,0.0,0.0
142,0.0,0.0
143,0.0,0.0
144,0.0,0.0
145,0.0,0.0
146,0.0,0.0
147,0.0,0.0
148,0.0,0.0
149,0.0,0.0
150,0.0,0.0
151,0.0,0.0
152,0.0,0.0
153,0.0,0.0
154,0.0,0.0
155,0.0,0.0
156,0.0,0.0
157,0.0,0.0
158,0.0,0.0
159,0.0,0.0
160,0.0,0.0
161,0.0,0.0
162,0.0,0.0
163,0.0,0.0
164,0.0,0.0
165,0.0,0.0
166,0.0,0.0
167,0.0,0.0
168,0.0,0.0
169,0.0,0.0
170,0.0,0.0
171,0.0,0.0
172,0.0,0.0
173,0.0,0.0
174,0.0,0.0
175,0.0,0.0
176,0.0,0.0
177,0.0,0.0
178,0.0,0.0
179,0.0,0.0
180,0.0,0.0
181,0.0,0.0
182,0.0,0.0
183,0.0,0.0
184,0.0,0.0
185,0.0,0.0
186,0.0,0.0
187,0.0,0.0
188,0.0,0.0
189,0.0,0.0
190,0.0,0.0
191,0.0,0.0
192,0.0,0.0
