COA_SUB_LN,2010,2015
1,79.51,0.0
2,58.75,0.0
3,57.43,0.0
4,51.58,0.0
5,55.05,0.0
6,79.51,0.0
7,79.51,0.0
8,79.51,42.09
9,79.51,35.37
10,79.51,41.03
11,79.51,79.51
12,79.51,61.48
13,79.51,22.09
14,79.51,22.09
15,76.86,36.22
16,79.51,44.72
17,79.51,49.39
18,79.51,57.43
19,79.51,57.43
20,79.51,28.34
21,79.51,0.0
22,79.51,0.0
23,79.51,0.0
24,57.43,0.0
25,48.46,0.0
26,43.65,0.0
27,34.6,0.0
28,29.85,0.0
29,24.62,0.0
30,22.13,0.0
31,29.49,0.0
32,45.26,0.0
33,49.82,0.0
34,50.23,0.0
35,46.85,0.0
36,44.2,0.0
37,46.73,0.0
38,45.15,0.0
39,48.07,0.0
40,57.43,0.0
41,78.03,0.0
42,57.43,0.0
43,57.43,0.0
44,57.43,0.0
45,61.56,0.0
46,57.43,0.0
47,57.43,0.0
48,57.43,0.0
49,0.0,0.0
50,0.0,0.0
51,0.0,0.0
52,0.0,0.0
53,0.0,0.0
54,19.61,0.0
55,39.76,0.0
56,39.76,0.0
57,39.76,0.0
58,29.23,0.0
59,22.09,0.0
60,25.98,0.0
61,23.95,0.0
62,24.84,0.0
63,25.88,0.0
64,34.94,0.0
65,39.76,0.0
66,22.09,0.0
67,22.09,0.0
68,22.09,0.0
69,22.09,0.0
70,39.76,0.0
71,39.76,0.0
72,24.4,0.0
73,0.0,0.0
74,0.0,0.0
75,0.0,0.0
76,0.0,0.0
77,0.0,0.0
78,0.0,0.0
79,0.0,0.0
80,0.0,0.0
81,0.0,0.0
82,0.0,0.0
83,0.0,0.0
84,0.0,0.0
85,0.0,0.0
86,0.0,0.0
87,0.0,0.0
88,0.0,0.0
89,0.0,0.0
90,0.0,0.0
91,0.0,0.0
92,0.0,0.0
93,0.0,0.0
94,0.0,0.0
95,0.0,0.0
96,0.0,0.0
97,0.0,0.0
98,0.0,0.0
99,0.0,0.0
100,0.0,0.0
101,0.0,0.0
102,0.0,0.0
103,0.0,0.0
104,4.5,0.0
105,0.0,0.0
106,0.0,0.0
107,9.5,0.0
108,0.0,0.0
109,10.24,0.0
110,0.0,0.0
111,0.0,0.0
112,22.09,0.0
113,28.76,0.0
114,35.5,0.0
115,39.76,0.0
116,35.24,0.0
117,30.01,0.0
118,22.09,0.0
119,22.09,0.0
120,0.0,0.0
121,0.0,0.0
122,0.0,0.0
123,0.0,0.0
124,0.0,0.0
125,0.0,0.0
126,0.0,0.0
127,0.0,0.0
128,0.0,0.0
129,0.0,0.0
130,0.0,0.0
131,0.0,0.0
132,0.0,0.0
133,0.0,0.0
134,0.0,0.0
135,0.0,0.0
136,0.0,0.0
137,0.0,0.0
138,0.0,0.0
139,0.0,0.0
140,0.0,0.0
141,0.0,0.0
142,0.0,0.0
143,0.0,0.0
144,0.0,0.0
145,26.49,0.0
146,0.0,0.0
147,0.0,0.0
148,0.0,0.0
149,0.0,0.0
150,27.3,0.0
151,61.18,0.0
152,79.51,0.0
153,79.51,0.0
154,59.73,0.0
155,55.77,0.0
156,49.82,0.0
157,44.23,0.0
158,45.48,0.0
159,51.71,0.0
160,58.77,0.0
161,79.51,0.0
162,79.51,0.0
163,58.5,0.0
164,58.48,0.0
165,79.51,0.0
166,57.43,0.0
167,57.43,0.0
168,44.23,0.0
169,0.0,0.0
170,0.0,0.0
171,0.0,0.0
172,0.0,0.0
173,0.0,0.0
174,0.0,0.0
175,0.0,0.0
176,0.0,0.0
177,0.0,0.0
178,0.0,0.0
179,0.0,0.0
180,0.0,0.0
181,0.0,0.0
182,0.0,0.0
183,0.0,0.0
184,0.0,0.0
185,0.0,0.0
186,0.0,0.0
187,22.09,0.0
188,22.47,0.0
189,0.0,0.0
190,0.0,0.0
191,0.0,0.0
192,0.0,0.0
COA_SC_LN,2010,2015
1,79.51,0.0
2,79.51,0.0
3,79.51,0.0
4,79.51,0.0
5,79.51,0.0
6,79.51,0.0
7,79.51,79.51
8,79.51,77.12
9,79.51,79.51
10,79.51,79.51
11,79.51,79.51
12,79.51,79.51
13,79.51,56.73
14,79.51,56.94
15,79.51,79.51
16,79.51,79.51
17,79.51,79.51
18,79.51,79.51
19,79.51,79.51
20,79.51,79.51
21,79.51,79.51
22,79.51,44.17
23,79.51,44.17
24,79.51,0.0
25,79.51,0.0
26,79.51,0.0
27,79.51,0.0
28,44.17,0.0
29,46.91,0.0
30,79.51,0.0
31,79.51,0.0
32,79.51,0.0
33,79.51,0.0
34,79.51,0.0
35,79.51,0.0
36,79.51,0.0
37,79.51,0.0
38,79.51,0.0
39,79.51,0.0
40,79.51,0.0
41,79.51,0.0
42,79.51,0.0
43,79.51,0.0
44,79.51,0.0
45,79.51,0.0
46,79.51,0.0
47,79.51,0.0
48,79.51,0.0
49,79.22,0.0
50,78.03,0.0
51,67.0,0.0
52,44.17,0.0
53,70.09,0.0
54,44.17,0.0
55,79.51,0.0
56,79.51,0.0
57,79.51,0.0
58,56.4,0.0
59,64.37,0.0
60,62.89,0.0
61,65.8,0.0
62,64.91,0.0
63,63.1,0.0
64,79.51,0.0
65,79.51,0.0
66,70.68,0.0
67,70.68,0.0
68,70.68,0.0
69,70.68,0.0
70,79.51,0.0
71,79.51,0.0
72,56.99,0.0
73,41.03,0.0
74,0.0,0.0
75,0.0,0.0
76,0.0,0.0
77,0.0,0.0
78,0.0,0.0
79,0.0,0.0
80,0.0,0.0
81,0.0,0.0
82,0.0,0.0
83,0.0,0.0
84,0.0,0.0
85,0.0,0.0
86,0.0,0.0
87,0.0,0.0
88,0.0,0.0
89,0.0,0.0
90,36.01,0.0
91,44.17,0.0
92,44.17,0.0
93,71.62,0.0
94,44.17,0.0
95,49.26,0.0
96,33.71,0.0
97,51.01,0.0
98,30.78,0.0
99,10.95,0.0
100,0.0,0.0
101,0.0,0.0
102,44.17,0.0
103,70.46,0.0
104,79.51,0.0
105,78.73,0.0
106,69.36,0.0
107,76.05,0.0
108,69.8,0.0
109,78.19,0.0
110,70.2,0.0
111,78.79,0.0
112,64.2,0.0
113,57.33,0.0
114,79.51,0.0
115,79.51,0.0
116,79.51,0.0
117,54.84,0.0
118,53.32,0.0
119,44.17,0.0
120,63.79,0.0
121,0.0,0.0
122,0.0,0.0
123,0.0,0.0
124,0.0,0.0
125,0.0,0.0
126,0.0,0.0
127,0.0,0.0
128,0.0,0.0
129,0.0,0.0
130,0.0,0.0
131,0.0,0.0
132,0.0,0.0
133,0.0,0.0
134,0.0,0.0
135,0.0,0.0
136,0.0,0.0
137,0.0,0.0
138,0.0,0.0
139,0.0,0.0
140,0.0,0.0
141,0.0,0.0
142,0.0,0.0
143,0.0,0.0
144,0.0,0.0
145,45.54,0.0
146,79.07,0.0
147,79.51,0.0
148,64.68,0.0
149,79.51,0.0
150,79.51,0.0
151,79.51,0.0
152,79.51,44.17
153,79.51,79.51
154,79.51,79.51
155,79.51,35.07
156,79.51,12.99
157,79.51,21.65
158,79.51,27.19
159,79.51,0.0
160,79.51,47.22
161,79.51,43.99
162,79.51,44.17
163,79.51,44.17
164,79.51,44.17
165,79.51,0.0
166,79.51,0.0
167,79.51,0.0
168,79.51,0.0
169,63.58,0.0
170,37.46,0.0
171,1.89,0.0
172,0.0,0.0
173,0.0,0.0
174,1.14,0.0
175,44.17,0.0
176,59.69,0.0
177,44.17,0.0
178,44.17,0.0
179,44.17,0.0
180,44.17,0.0
181,35.06,0.0
182,33.54,0.0
183,44.17,0.0
184,44.17,0.0
185,48.24,0.0
186,76.15,0.0
187,45.07,0.0
188,57.45,0.0
189,79.07,0.0
190,79.42,0.0
191,77.37,0.0
192,75.2,0.0
COA_USC_LN,2010,2015
1,0.0,0.0
2,0.0,0.0
3,0.0,0.0
4,0.0,0.0
5,0.0,0.0
6,0.0,0.0
7,0.0,0.0
8,0.0,0.0
9,0.0,0.0
10,0.0,0.0
11,0.0,0.0
12,0.0,0.0
13,0.0,0.0
14,0.0,0.0
15,0.0,0.0
16,0.0,0.0
17,0.0,0.0
18,0.0,0.0
19,0.0,0.0
20,0.0,0.0
21,0.0,0.0
22,0.0,0.0
23,0.0,0.0
24,0.0,0.0
25,0.0,0.0
26,0.0,0.0
27,0.0,0.0
28,0.0,0.0
29,0.0,0.0
30,0.0,0.0
31,0.0,0.0
32,0.0,0.0
33,0.0,0.0
34,0.0,0.0
35,0.0,0.0
36,0.0,0.0
37,0.0,0.0
38,0.0,0.0
39,0.0,0.0
40,0.0,0.0
41,0.0,0.0
42,0.0,0.0
43,0.0,0.0
44,0.0,0.0
45,0.0,0.0
46,0.0,0.0
47,0.0,0.0
48,0.0,0.0
49,0.0,0.0
50,0.0,0.0
51,0.0,0.0
52,0.0,0.0
53,0.0,0.0
54,0.0,0.0
55,0.0,0.0
56,0.0,0.0
57,0.0,0.0
58,0.0,0.0
59,0.0,0.0
60,0.0,0.0
61,0.0,0.0
62,0.0,0.0
63,0.0,0.0
64,0.0,0.0
65,0.0,0.0
66,0.0,0.0
67,0.0,0.0
68,0.0,0.0
69,0.0,0.0
70,0.0,0.0
71,0.0,0.0
72,0.0,0.0
73,0.0,0.0
74,0.0,0.0
75,0.0,0.0
76,0.0,0.0
77,0.0,0.0
78,0.0,0.0
79,0.0,0.0
80,0.0,0.0
81,0.0,0.0
82,0.0,0.0
83,0.0,0.0
84,0.0,0.0
85,0.0,0.0
86,0.0,0.0
87,0.0,0.0
88,0.0,0.0
89,0.0,0.0
90,0.0,0.0
91,0.0,0.0
92,0.0,0.0
93,0.0,0.0
94,0.0,0.0
95,0.0,0.0
96,0.0,0.0
97,0.0,0.0
98,0.0,0.0
99,0.0,0.0
100,0.0,0.0
101,0.0,0.0
102,0.0,0.0
103,0.0,0.0
104,0.0,0.0
105,0.0,0.0
106,0.0,0.0
107,0.0,0.0
108,0.0,0.0
109,0.0,0.0
110,0.0,0.0
111,0.0,0.0
112,0.0,0.0
113,0.0,0.0
114,0.0,0.0
115,0.0,0.0
116,0.0,0.0
117,0.0,0.0
118,0.0,0.0
119,0.0,0.0
120,0.0,0.0
121,0.0,0.0
122,0.0,0.0
123,0.0,0.0
124,0.0,0.0
125,0.0,0.0
126,0.0,0.0
127,0.0,0.0
128,0.0,0.0
129,0.0,0.0
130,0.0,0.0
131,0.0,0.0
132,0.0,0.0
133,0.0,0.0
134,0.0,0.0
135,0.0,0.0
136,0.0,0.0
137,0.0,0.0
138,0.0,0.0
139,0.0,0.0
140,0.0,0.0
141,0.0,0.0
142,0.0,0.0
143,0.0,0.0
144,0.0,0.0
145,0.0,0.0
146,0.0,0.0
147,0.0,0.0
148,0.0,0.0
149,0.0,0.0
150,0.0,0.0
151,0.0,0.0
152,0.0,0.0
153,0.0,0.0
154,0.0,0.0
155,0.0,0.0
156,0.0,0.0
157,0.0,0.0
158,0.0,0.0
159,0.0,0.0
160,0.0,0.0
161,0.0,0.0
162,0.0,0.0
163,0.0,0.0
164,0.0,0.0
165,0.0,0.0
166,0.0,0.0
167,0.0,0.0
168,0.0,0.0
169,0.0,0.0
170,0.0,0.0
171,0.0,0.0
172,0.0,0.0
173,0.0,0.0
174,0.0,0.0
175,0.0,0.0
176,0.0,0.0
177,0.0,0.0
178,0.0,0.0
179,0.0,0.0
180,0.0,0.0
181,0.0,0.0
182,0.0,0.0
183,0.0,0.0
184,0.0,0.0
185,0.0,0.0
186,0.0,0.0
187,0.0,0.0
188,0.0,0.0
189,0.0,0.0
190,0.0,0.0
191,0.0,0.0
192,0.0,0.0
COA_IGCC_LN,2010,2015
1,0.0,0.0
2,0.0,0.0
3,0.0,0.0
4,0.0,0.0
5,0.0,0.0
6,0.0,0.0
7,0.0,0.0
8,0.0,0.0
9,0.0,0.0
10,0.0,0.0
11,0.0,0.0
12,0.0,0.0
13,0.0,0.0
14,0.0,0.0
15,0.0,0.0
16,0.0,0.0
17,0.0,0.0
18,0.0,0.0
19,0.0,0.0
20,0.0,0.0
21,0.0,0.0
22,0.0,0.0
23,0.0,0.0
24,0.0,0.0
25,0.0,0.0
26,0.0,0.0
27,0.0,0.0
28,0.0,0.0
29,0.0,0.0
30,0.0,0.0
31,0.0,0.0
32,0.0,0.0
33,0.0,0.0
34,0.0,0.0
35,0.0,0.0
36,0.0,0.0
37,0.0,0.0
38,0.0,0.0
39,0.0,0.0
40,0.0,0.0
41,0.0,0.0
42,0.0,0.0
43,0.0,0.0
44,0.0,0.0
45,0.0,0.0
46,0.0,0.0
47,0.0,0.0
48,0.0,0.0
49,0.0,0.0
50,0.0,0.0
51,0.0,0.0
52,0.0,0.0
53,0.0,0.0
54,0.0,0.0
55,0.0,0.0
56,0.0,0.0
57,0.0,0.0
58,0.0,0.0
59,0.0,0.0
60,0.0,0.0
61,0.0,0.0
62,0.0,0.0
63,0.0,0.0
64,0.0,0.0
65,0.0,0.0
66,0.0,0.0
67,0.0,0.0
68,0.0,0.0
69,0.0,0.0
70,0.0,0.0
71,0.0,0.0
72,0.0,0.0
73,0.0,0.0
74,0.0,0.0
75,0.0,0.0
76,0.0,0.0
77,0.0,0.0
78,0.0,0.0
79,0.0,0.0
80,0.0,0.0
81,0.0,0.0
82,0.0,0.0
83,0.0,0.0
84,0.0,0.0
85,0.0,0.0
86,0.0,0.0
87,0.0,0.0
88,0.0,0.0
89,0.0,0.0
90,0.0,0.0
91,0.0,0.0
92,0.0,0.0
93,0.0,0.0
94,0.0,0.0
95,0.0,0.0
96,0.0,0.0
97,0.0,0.0
98,0.0,0.0
99,0.0,0.0
100,0.0,0.0
101,0.0,0.0
102,0.0,0.0
103,0.0,0.0
104,0.0,0.0
105,0.0,0.0
106,0.0,0.0
107,0.0,0.0
108,0.0,0.0
109,0.0,0.0
110,0.0,0.0
111,0.0,0.0
112,0.0,0.0
113,0.0,0.0
114,0.0,0.0
115,0.0,0.0
116,0.0,0.0
117,0.0,0.0
118,0.0,0.0
119,0.0,0.0
120,0.0,0.0
121,0.0,0.0
122,0.0,0.0
123,0.0,0.0
124,0.0,0.0
125,0.0,0.0
126,0.0,0.0
127,0.0,0.0
128,0.0,0.0
129,0.0,0.0
130,0.0,0.0
131,0.0,0.0
132,0.0,0.0
133,0.0,0.0
134,0.0,0.0
135,0.0,0.0
136,0.0,0.0
137,0.0,0.0
138,0.0,0.0
139,0.0,0.0
140,0.0,0.0
141,0.0,0.0
142,0.0,0.0
143,0.0,0.0
144,0.0,0.0
145,0.0,0.0
146,0.0,0.0
147,0.0,0.0
148,0.0,0.0
149,0.0,0.0
150,0.0,0.0
151,0.0,0.0
152,0.0,0.0
153,0.0,0.0
154,0.0,0.0
155,0.0,0.0
156,0.0,0.0
157,0.0,0.0
158,0.0,0.0
159,0.0,0.0
160,0.0,0.0
161,0.0,0.0
162,0.0,0.0
163,0.0,0.0
164,0.0,0.0
165,0.0,0.0
166,0.0,0.0
167,0.0,0.0
168,0.0,0.0
169,0.0,0.0
170,0.0,0.0
171,0.0,0.0
172,0.0,0.0
173,0.0,0.0
174,0.0,0.0
175,0.0,0.0
176,0.0,0.0
177,0.0,0.0
178,0.0,0.0
179,0.0,0.0
180,0.0,0.0
181,0.0,0.0
182,0.0,0.0
183,0.0,0.0
184,0.0,0.0
185,0.0,0.0
186,0.0,0.0
187,0.0,0.0
188,0.0,0.0
189,0.0,0.0
190,0.0,0.0
191,0.0,0.0
192,0.0,0.0
COA_USC_POS_CCS_LN,2010,2015
1,0.0,0.0
2,0.0,0.0
3,0.0,0.0
4,0.0,0.0
5,0.0,0.0
6,0.0,0.0
7,0.0,0.0
8,0.0,0.0
9,0.0,0.0
10,0.0,0.0
11,0.0,0.0
12,0.0,0.0
13,0.0,0.0
14,0.0,0.0
15,0.0,0.0
16,0.0,0.0
17,0.0,0.0
18,0.0,0.0
19,0.0,0.0
20,0.0,0.0
21,0.0,0.0
22,0.0,0.0
23,0.0,0.0
24,0.0,0.0
25,0.0,0.0
26,0.0,0.0
27,0.0,0.0
28,0.0,0.0
29,0.0,0.0
30,0.0,0.0
31,0.0,0.0
32,0.0,0.0
33,0.0,0.0
34,0.0,0.0
35,0.0,0.0
36,0.0,0.0
37,0.0,0.0
38,0.0,0.0
39,0.0,0.0
40,0.0,0.0
41,0.0,0.0
42,0.0,0.0
43,0.0,0.0
44,0.0,0.0
45,0.0,0.0
46,0.0,0.0
47,0.0,0.0
48,0.0,0.0
49,0.0,0.0
50,0.0,0.0
51,0.0,0.0
52,0.0,0.0
53,0.0,0.0
54,0.0,0.0
55,0.0,0.0
56,0.0,0.0
57,0.0,0.0
58,0.0,0.0
59,0.0,0.0
60,0.0,0.0
61,0.0,0.0
62,0.0,0.0
63,0.0,0.0
64,0.0,0.0
65,0.0,0.0
66,0.0,0.0
67,0.0,0.0
68,0.0,0.0
69,0.0,0.0
70,0.0,0.0
71,0.0,0.0
72,0.0,0.0
73,0.0,0.0
74,0.0,0.0
75,0.0,0.0
76,0.0,0.0
77,0.0,0.0
78,0.0,0.0
79,0.0,0.0
80,0.0,0.0
81,0.0,0.0
82,0.0,0.0
83,0.0,0.0
84,0.0,0.0
85,0.0,0.0
86,0.0,0.0
87,0.0,0.0
88,0.0,0.0
89,0.0,0.0
90,0.0,0.0
91,0.0,0.0
92,0.0,0.0
93,0.0,0.0
94,0.0,0.0
95,0.0,0.0
96,0.0,0.0
97,0.0,0.0
98,0.0,0.0
99,0.0,0.0
100,0.0,0.0
101,0.0,0.0
102,0.0,0.0
103,0.0,0.0
104,0.0,0.0
105,0.0,0.0
106,0.0,0.0
107,0.0,0.0
108,0.0,0.0
109,0.0,0.0
110,0.0,0.0
111,0.0,0.0
112,0.0,0.0
113,0.0,0.0
114,0.0,0.0
115,0.0,0.0
116,0.0,0.0
117,0.0,0.0
118,0.0,0.0
119,0.0,0.0
120,0.0,0.0
121,0.0,0.0
122,0.0,0.0
123,0.0,0.0
124,0.0,0.0
125,0.0,0.0
126,0.0,0.0
127,0.0,0.0
128,0.0,0.0
129,0.0,0.0
130,0.0,0.0
131,0.0,0.0
132,0.0,0.0
133,0.0,0.0
134,0.0,0.0
135,0.0,0.0
136,0.0,0.0
137,0.0,0.0
138,0.0,0.0
139,0.0,0.0
140,0.0,0.0
141,0.0,0.0
142,0.0,0.0
143,0.0,0.0
144,0.0,0.0
145,0.0,0.0
146,0.0,0.0
147,0.0,0.0
148,0.0,0.0
149,0.0,0.0
150,0.0,0.0
151,0.0,0.0
152,0.0,0.0
153,0.0,0.0
154,0.0,0.0
155,0.0,0.0
156,0.0,0.0
157,0.0,0.0
158,0.0,0.0
159,0.0,0.0
160,0.0,0.0
161,0.0,0.0
162,0.0,0.0
163,0.0,0.0
164,0.0,0.0
165,0.0,0.0
166,0.0,0.0
167,0.0,0.0
168,0.0,0.0
169,0.0,0.0
170,0.0,0.0
171,0.0,0.0
172,0.0,0.0
173,0.0,0.0
174,0.0,0.0
175,0.0,0.0
176,0.0,0.0
177,0.0,0.0
178,0.0,0.0
179,0.0,0.0
180,0.0,0.0
181,0.0,0.0
182,0.0,0.0
183,0.0,0.0
184,0.0,0.0
185,0.0,0.0
186,0.0,0.0
187,0.0,0.0
188,0.0,0.0
189,0.0,0.0
190,0.0,0.0
191,0.0,0.0
192,0.0,0.0
GAS_GT,2010,2015
1,0.0,0.0
2,0.0,0.0
3,0.0,0.0
4,0.0,0.0
5,0.0,0.0
6,0.0,0.0
7,0.0,0.0
8,0.0,0.0
9,13.92,0.0
10,23.92,0.0
11,28.35,0.0
12,3.88,0.0
13,0.0,0.0
14,0.0,0.0
15,15.01,0.0
16,19.04,0.0
17,17.67,0.0
18,39.76,0.0
19,39.76,0.0
20,17.67,0.0
21,0.0,0.0
22,0.0,0.0
23,0.0,0.0
24,0.0,0.0
25,0.0,0.0
26,0.0,0.0
27,0.0,0.0
28,0.0,0.0
29,0.0,0.0
30,0.0,0.0
31,0.0,0.0
32,0.0,0.0
33,0.0,0.0
34,0.0,0.0
35,0.0,0.0
36,0.0,0.0
37,0.0,0.0
38,0.0,0.0
39,0.0,0.0
40,0.0,0.0
41,0.0,0.0
42,0.0,14.4
43,0.0,22.09
44,0.0,0.0
45,0.0,0.0
46,0.0,0.0
47,0.0,0.0
48,0.0,0.0
49,0.0,0.0
50,0.0,0.0
51,0.0,0.0
52,0.0,0.0
53,0.0,0.0
54,0.0,0.0
55,0.0,0.0
56,0.0,4.92
57,0.0,6.71
58,0.0,0.0
59,0.0,0.0
60,0.0,0.0
61,0.0,0.0
62,0.0,0.0
63,0.0,0.0
64,0.0,0.0
65,0.0,0.0
66,0.0,0.0
67,0.0,0.0
68,0.0,0.0
69,0.0,0.0
70,0.0,0.0
71,0.0,0.0
72,0.0,0.0
73,0.0,0.0
74,0.0,0.0
75,0.0,0.0
76,0.0,0.0
77,0.0,0.0
78,0.0,0.0
79,0.0,0.0
80,0.0,0.0
81,0.0,0.0
82,0.0,0.0
83,0.0,0.0
84,0.0,0.0
85,0.0,0.0
86,0.0,0.0
87,0.0,0.0
88,0.0,0.0
89,0.0,0.0
90,0.0,0.0
91,0.0,0.0
92,0.0,0.0
93,0.0,0.0
94,0.0,0.0
95,0.0,0.0
96,0.0,0.0
97,0.0,0.0
98,0.0,0.0
99,0.0,0.0
100,0.0,0.0
101,0.0,0.0
102,0.0,0.0
103,0.0,0.0
104,0.0,0.0
105,0.0,0.0
106,0.0,0.0
107,0.0,0.0
108,0.0,0.0
109,0.0,0.0
110,0.0,0.0
111,0.0,0.0
112,0.0,0.0
113,0.0,0.0
114,0.0,0.0
115,0.0,0.0
116,0.0,0.0
117,0.0,0.0
118,0.0,0.0
119,0.0,0.0
120,0.0,0.0
121,0.0,0.0
122,0.0,0.0
123,0.0,0.0
124,0.0,0.0
125,0.0,0.0
126,0.0,0.0
127,0.0,0.0
128,0.0,0.0
129,0.0,0.0
130,0.0,0.0
131,0.0,0.0
132,0.0,0.0
133,0.0,0.0
134,0.0,0.0
135,0.0,0.0
136,0.0,0.0
137,0.0,0.0
138,0.0,0.0
139,0.0,0.0
140,0.0,0.0
141,0.0,0.0
142,0.0,0.0
143,0.0,0.0
144,0.0,0.0
145,0.0,0.0
146,0.0,0.0
147,0.0,0.0
148,0.0,0.0
149,0.0,0.0
150,0.0,0.0
151,0.0,0.0
152,0.0,0.0
153,0.0,0.0
154,0.0,0.0
155,0.0,0.0
156,0.0,0.0
157,0.0,0.0
158,0.0,0.0
159,0.0,0.0
160,0.0,0.0
161,0.0,0.0
162,0.0,0.0
163,0.0,0.0
164,0.0,0.0
165,0.0,0.0
166,0.0,0.0
167,0.0,0.0
168,0.0,0.0
169,0.0,0.0
170,0.0,0.0
171,0.0,0.0
172,0.0,0.0
173,0.0,0.0
174,0.0,0.0
175,0.0,0.0
176,0.0,0.0
177,0.0,0.0
178,0.0,0.0
179,0.0,0.0
180,0.0,0.0
181,0.0,0.0
182,0.0,0.0
183,0.0,0.0
184,0.0,0.0
185,0.0,0.0
186,0.0,0.0
187,0.0,0.0
188,0.0,0.0
189,0.0,0.0
190,0.0,0.0
191,0.0,0.0
192,0.0,0.0
GAS_CC,2010,2015
1,0.0,39.61
2,0.0,29.22
3,0.0,16.91
4,0.0,0.0
5,0.0,0.0
6,0.0,39.76
7,0.0,79.51
8,79.51,79.51
9,79.51,79.51
10,79.51,79.51
11,49.33,79.51
12,79.51,79.51
13,79.51,79.51
14,76.84,79.51
15,35.34,79.51
16,79.51,79.51
17,72.13,79.51
18,79.51,79.51
19,79.51,79.51
20,70.68,79.51
21,74.99,79.51
22,0.0,72.15
23,0.0,72.15
24,0.0,79.51
25,0.0,0.0
26,0.0,0.0
27,0.0,0.0
28,0.0,0.0
29,0.0,0.0
30,0.0,0.0
31,0.0,0.0
32,0.0,0.0
33,0.0,13.23
34,0.0,17.67
35,0.0,17.67
36,0.0,17.67
37,0.0,39.57
38,0.0,39.49
39,0.0,39.41
40,0.0,17.67
41,0.0,39.76
42,0.0,79.51
43,0.0,79.51
44,0.0,48.8
45,0.0,39.41
46,0.0,3.73
47,0.0,39.41
48,0.0,0.0
49,0.0,0.0
50,0.0,0.0
51,0.0,0.0
52,0.0,0.0
53,0.0,0.0
54,0.0,0.0
55,0.0,25.01
56,0.0,39.99
57,0.0,37.55
58,0.0,39.76
59,0.0,34.73
60,0.0,32.22
61,0.0,17.67
62,0.0,17.67
63,0.0,17.67
64,0.0,28.45
65,0.0,17.67
66,0.0,17.67
67,0.0,17.67
68,0.0,39.6
69,0.0,17.67
70,0.0,0.0
71,0.0,0.0
72,0.0,0.0
73,0.0,0.0
74,0.0,0.0
75,0.0,0.0
76,0.0,0.0
77,0.0,0.0
78,0.0,0.0
79,0.0,0.0
80,0.0,0.0
81,0.0,0.0
82,0.0,0.0
83,0.0,0.0
84,0.0,0.0
85,0.0,0.0
86,0.0,0.0
87,0.0,0.0
88,0.0,0.0
89,0.0,0.0
90,0.0,0.0
91,0.0,0.0
92,0.0,0.0
93,0.0,0.0
94,0.0,0.0
95,0.0,0.0
96,0.0,0.0
97,0.0,0.0
98,0.0,0.0
99,0.0,0.0
100,0.0,0.0
101,0.0,0.0
102,0.0,0.0
103,0.0,0.0
104,0.0,35.24
105,0.0,28.05
106,0.0,17.67
107,0.0,17.67
108,0.0,20.75
109,0.0,17.67
110,0.0,17.67
111,0.0,25.96
112,0.0,39.76
113,0.0,39.76
114,0.0,39.76
115,0.0,39.76
116,0.0,17.67
117,0.0,0.0
118,0.0,0.0
119,0.0,0.0
120,0.0,0.0
121,0.0,0.0
122,0.0,0.0
123,0.0,0.0
124,0.0,0.0
125,0.0,0.0
126,0.0,0.0
127,0.0,0.0
128,0.0,0.0
129,0.0,0.0
130,0.0,0.0
131,0.0,0.0
132,0.0,0.0
133,0.0,0.0
134,0.0,0.0
135,0.0,0.0
136,0.0,0.0
137,0.0,0.0
138,0.0,0.0
139,0.0,0.0
140,0.0,0.0
141,0.0,0.0
142,0.0,0.0
143,0.0,0.0
144,0.0,0.0
145,0.0,0.0
146,0.0,0.0
147,0.0,0.0
148,0.0,0.0
149,0.0,0.0
150,0.0,0.0
151,0.0,39.52
152,0.0,72.15
153,0.0,79.51
154,0.0,79.51
155,0.0,79.51
156,0.0,79.51
157,0.0,53.01
158,0.0,53.01
159,0.0,79.51
160,0.0,57.97
161,0.0,79.51
162,0.0,72.15
163,0.0,78.05
164,0.0,76.16
165,0.0,73.06
166,0.0,24.4
167,0.0,10.63
168,0.0,0.0
169,0.0,0.0
170,0.0,0.0
171,0.0,0.0
172,0.0,0.0
173,0.0,0.0
174,0.0,0.0
175,0.0,0.0
176,0.0,0.0
177,0.0,0.0
178,0.0,0.0
179,0.0,0.0
180,0.0,0.0
181,0.0,0.0
182,0.0,0.0
183,0.0,0.0
184,0.0,0.0
185,0.0,0.0
186,0.0,0.0
187,0.0,0.0
188,0.0,0.0
189,0.0,0.0
190,0.0,0.0
191,0.0,0.0
192,0.0,0.0
GAS_NGCC_POS_CCS,2010,2015
1,0.0,0.0
2,0.0,0.0
3,0.0,0.0
4,0.0,0.0
5,0.0,0.0
6,0.0,0.0
7,0.0,0.0
8,0.0,0.0
9,0.0,0.0
10,0.0,0.0
11,0.0,0.0
12,0.0,0.0
13,0.0,0.0
14,0.0,0.0
15,0.0,0.0
16,0.0,0.0
17,0.0,0.0
18,0.0,0.0
19,0.0,0.0
20,0.0,0.0
21,0.0,0.0
22,0.0,0.0
23,0.0,0.0
24,0.0,0.0
25,0.0,0.0
26,0.0,0.0
27,0.0,0.0
28,0.0,0.0
29,0.0,0.0
30,0.0,0.0
31,0.0,0.0
32,0.0,0.0
33,0.0,0.0
34,0.0,0.0
35,0.0,0.0
36,0.0,0.0
37,0.0,0.0
38,0.0,0.0
39,0.0,0.0
40,0.0,0.0
41,0.0,0.0
42,0.0,0.0
43,0.0,0.0
44,0.0,0.0
45,0.0,0.0
46,0.0,0.0
47,0.0,0.0
48,0.0,0.0
49,0.0,0.0
50,0.0,0.0
51,0.0,0.0
52,0.0,0.0
53,0.0,0.0
54,0.0,0.0
55,0.0,0.0
56,0.0,0.0
57,0.0,0.0
58,0.0,0.0
59,0.0,0.0
60,0.0,0.0
61,0.0,0.0
62,0.0,0.0
63,0.0,0.0
64,0.0,0.0
65,0.0,0.0
66,0.0,0.0
67,0.0,0.0
68,0.0,0.0
69,0.0,0.0
70,0.0,0.0
71,0.0,0.0
72,0.0,0.0
73,0.0,0.0
74,0.0,0.0
75,0.0,0.0
76,0.0,0.0
77,0.0,0.0
78,0.0,0.0
79,0.0,0.0
80,0.0,0.0
81,0.0,0.0
82,0.0,0.0
83,0.0,0.0
84,0.0,0.0
85,0.0,0.0
86,0.0,0.0
87,0.0,0.0
88,0.0,0.0
89,0.0,0.0
90,0.0,0.0
91,0.0,0.0
92,0.0,0.0
93,0.0,0.0
94,0.0,0.0
95,0.0,0.0
96,0.0,0.0
97,0.0,0.0
98,0.0,0.0
99,0.0,0.0
100,0.0,0.0
101,0.0,0.0
102,0.0,0.0
103,0.0,0.0
104,0.0,0.0
105,0.0,0.0
106,0.0,0.0
107,0.0,0.0
108,0.0,0.0
109,0.0,0.0
110,0.0,0.0
111,0.0,0.0
112,0.0,0.0
113,0.0,0.0
114,0.0,0.0
115,0.0,0.0
116,0.0,0.0
117,0.0,0.0
118,0.0,0.0
119,0.0,0.0
120,0.0,0.0
121,0.0,0.0
122,0.0,0.0
123,0.0,0.0
124,0.0,0.0
125,0.0,0.0
126,0.0,0.0
127,0.0,0.0
128,0.0,0.0
129,0.0,0.0
130,0.0,0.0
131,0.0,0.0
132,0.0,0.0
133,0.0,0.0
134,0.0,0.0
135,0.0,0.0
136,0.0,0.0
137,0.0,0.0
138,0.0,0.0
139,0.0,0.0
140,0.0,0.0
141,0.0,0.0
142,0.0,0.0
143,0.0,0.0
144,0.0,0.0
145,0.0,0.0
146,0.0,0.0
147,0.0,0.0
148,0.0,0.0
149,0.0,0.0
150,0.0,0.0
151,0.0,0.0
152,0.0,0.0
153,0.0,0.0
154,0.0,0.0
155,0.0,0.0
156,0.0,0.0
157,0.0,0.0
158,0.0,0.0
159,0.0,0.0
160,0.0,0.0
161,0.0,0.0
162,0.0,0.0
163,0.0,0.0
164,0.0,0.0
165,0.0,0.0
166,0.0,0.0
167,0.0,0.0
168,0.0,0.0
169,0.0,0.0
170,0.0,0.0
171,0.0,0.0
172,0.0,0.0
173,0.0,0.0
174,0.0,0.0
175,0.0,0.0
176,0.0,0.0
177,0.0,0.0
178,0.0,0.0
179,0.0,0.0
180,0.0,0.0
181,0.0,0.0
182,0.0,0.0
183,0.0,0.0
184,0.0,0.0
185,0.0,0.0
186,0.0,0.0
187,0.0,0.0
188,0.0,0.0
189,0.0,0.0
190,0.0,0.0
191,0.0,0.0
192,0.0,0.0
GAS_NGCC_OXY_CCS,2010,2015
1,0.0,0.0
2,0.0,0.0
3,0.0,0.0
4,0.0,0.0
5,0.0,0.0
6,0.0,0.0
7,0.0,0.0
8,0.0,0.0
9,0.0,0.0
10,0.0,0.0
11,0.0,0.0
12,0.0,0.0
13,0.0,0.0
14,0.0,0.0
15,0.0,0.0
16,0.0,0.0
17,0.0,0.0
18,0.0,0.0
19,0.0,0.0
20,0.0,0.0
21,0.0,0.0
22,0.0,0.0
23,0.0,0.0
24,0.0,0.0
25,0.0,0.0
26,0.0,0.0
27,0.0,0.0
28,0.0,0.0
29,0.0,0.0
30,0.0,0.0
31,0.0,0.0
32,0.0,0.0
33,0.0,0.0
34,0.0,0.0
35,0.0,0.0
36,0.0,0.0
37,0.0,0.0
38,0.0,0.0
39,0.0,0.0
40,0.0,0.0
41,0.0,0.0
42,0.0,0.0
43,0.0,0.0
44,0.0,0.0
45,0.0,0.0
46,0.0,0.0
47,0.0,0.0
48,0.0,0.0
49,0.0,0.0
50,0.0,0.0
51,0.0,0.0
52,0.0,0.0
53,0.0,0.0
54,0.0,0.0
55,0.0,0.0
56,0.0,0.0
57,0.0,0.0
58,0.0,0.0
59,0.0,0.0
60,0.0,0.0
61,0.0,0.0
62,0.0,0.0
63,0.0,0.0
64,0.0,0.0
65,0.0,0.0
66,0.0,0.0
67,0.0,0.0
68,0.0,0.0
69,0.0,0.0
70,0.0,0.0
71,0.0,0.0
72,0.0,0.0
73,0.0,0.0
74,0.0,0.0
75,0.0,0.0
76,0.0,0.0
77,0.0,0.0
78,0.0,0.0
79,0.0,0.0
80,0.0,0.0
81,0.0,0.0
82,0.0,0.0
83,0.0,0.0
84,0.0,0.0
85,0.0,0.0
86,0.0,0.0
87,0.0,0.0
88,0.0,0.0
89,0.0,0.0
90,0.0,0.0
91,0.0,0.0
92,0.0,0.0
93,0.0,0.0
94,0.0,0.0
95,0.0,0.0
96,0.0,0.0
97,0.0,0.0
98,0.0,0.0
99,0.0,0.0
100,0.0,0.0
101,0.0,0.0
102,0.0,0.0
103,0.0,0.0
104,0.0,0.0
105,0.0,0.0
106,0.0,0.0
107,0.0,0.0
108,0.0,0.0
109,0.0,0.0
110,0.0,0.0
111,0.0,0.0
112,0.0,0.0
113,0.0,0.0
114,0.0,0.0
115,0.0,0.0
116,0.0,0.0
117,0.0,0.0
118,0.0,0.0
119,0.0,0.0
120,0.0,0.0
121,0.0,0.0
122,0.0,0.0
123,0.0,0.0
124,0.0,0.0
125,0.0,0.0
126,0.0,0.0
127,0.0,0.0
128,0.0,0.0
129,0.0,0.0
130,0.0,0.0
131,0.0,0.0
132,0.0,0.0
133,0.0,0.0
134,0.0,0.0
135,0.0,0.0
136,0.0,0.0
137,0.0,0.0
138,0.0,0.0
139,0.0,0.0
140,0.0,0.0
141,0.0,0.0
142,0.0,0.0
143,0.0,0.0
144,0.0,0.0
145,0.0,0.0
146,0.0,0.0
147,0.0,0.0
148,0.0,0.0
149,0.0,0.0
150,0.0,0.0
151,0.0,0.0
152,0.0,0.0
153,0.0,0.0
154,0.0,0.0
155,0.0,0.0
156,0.0,0.0
157,0.0,0.0
158,0.0,0.0
159,0.0,0.0
160,0.0,0.0
161,0.0,0.0
162,0.0,0.0
163,0.0,0.0
164,0.0,0.0
165,0.0,0.0
166,0.0,0.0
167,0.0,0.0
168,0.0,0.0
169,0.0,0.0
170,0.0,0.0
171,0.0,0.0
172,0.0,0.0
173,0.0,0.0
174,0.0,0.0
175,0.0,0.0
176,0.0,0.0
177,0.0,0.0
178,0.0,0.0
179,0.0,0.0
180,0.0,0.0
181,0.0,0.0
182,0.0,0.0
183,0.0,0.0
184,0.0,0.0
185,0.0,0.0
186,0.0,0.0
187,0.0,0.0
188,0.0,0.0
189,0.0,0.0
190,0.0,0.0
191,0.0,0.0
192,0.0,0.0
NUK_LWR,2010,2015
1,87.02,87.02
2,87.02,87.02
3,87.02,79.92
4,87.02,79.84
5,87.02,79.88
6,87.02,87.02
7,87.02,87.02
8,87.02,87.02
9,87.02,87.02
10,87.02,87.02
11,87.02,87.02
12,87.02,87.02
13,87.02,87.02
14,87.02,87.02
15,87.02,87.02
16,87.02,87.02
17,87.02,87.02
18,87.02,87.02
19,87.02,87.02
20,87.02,87.02
21,87.02,87.02
22,87.02,87.02
23,87.02,87.02
24,87.02,87.02
25,87.02,81.19
26,87.02,80.73
27,87.02,77.08
28,87.02,55.05
29,87.02,53.04
30,87.02,70.67
31,87.02,75.39
32,87.02,81.21
33,87.02,88.23
34,87.02,87.21
35,87.02,87.16
36,87.02,87.18
37,87.02,88.35
38,87.02,88.35
39,87.02,88.35
40,87.02,87.38
41,87.02,88.35
42,87.02,88.35
43,87.02,88.35
44,87.02,88.35
45,87.02,88.35
46,87.02,81.22
47,87.02,88.35
48,87.02,81.18
49,87.02,47.39
50,87.02,45.21
51,82.6,45.21
52,81.37,45.21
53,81.94,45.21
54,85.14,75.3
55,87.02,88.35
56,87.02,88.35
57,87.02,88.35
58,87.02,88.35
59,87.02,82.96
60,87.02,83.26
61,87.02,86.94
62,87.02,86.53
63,87.02,86.64
64,87.02,84.14
65,87.02,87.21
66,87.02,87.17
67,87.02,87.19
68,87.02,88.35
69,87.02,87.21
70,87.02,81.17
71,87.02,81.16
72,87.02,74.44
73,79.85,45.21
74,77.01,24.6
75,72.68,22.61
76,67.78,22.61
77,67.7,22.61
78,71.48,22.61
79,72.13,22.84
80,73.82,23.32
81,78.92,22.61
82,78.65,22.61
83,77.86,22.61
84,78.31,22.61
85,71.3,22.61
86,69.25,22.61
87,70.34,22.61
88,73.79,22.61
89,78.76,25.41
90,79.87,45.21
91,85.11,45.21
92,86.86,45.21
93,81.62,45.21
94,85.16,45.21
95,86.39,45.21
96,79.85,45.21
97,85.97,51.17
98,79.83,45.21
99,79.83,45.21
100,77.27,45.21
101,80.17,45.21
102,84.68,52.29
103,81.89,81.19
104,87.02,82.49
105,87.02,84.33
106,87.02,86.98
107,80.75,86.98
108,87.02,86.2
109,80.43,86.98
110,87.02,86.98
111,87.02,84.86
112,87.02,88.35
113,87.02,88.35
114,87.02,88.35
115,87.02,88.35
116,87.02,87.22
117,87.02,81.26
118,87.02,81.18
119,85.3,81.28
120,83.24,76.5
121,71.26,28.96
122,63.7,22.61
123,53.5,22.61
124,47.41,22.61
125,45.48,22.61
126,45.21,22.61
127,50.16,22.61
128,55.96,22.61
129,60.08,22.61
130,57.28,22.61
131,60.15,22.61
132,64.38,22.61
133,58.1,22.61
134,60.07,22.61
135,61.07,22.61
136,62.49,22.61
137,71.77,23.51
138,77.64,29.19
139,79.15,45.21
140,83.95,45.21
141,81.84,45.21
142,79.27,45.21
143,79.19,45.21
144,75.19,27.82
145,87.02,55.69
146,87.02,45.21
147,87.02,45.21
148,87.02,45.21
149,87.02,45.21
150,87.02,79.75
151,87.02,87.02
152,87.02,87.02
153,87.02,87.02
154,87.02,87.02
155,87.02,87.02
156,87.02,87.02
157,87.02,87.02
158,87.02,87.02
159,87.02,87.02
160,87.02,87.02
161,87.02,87.02
162,87.02,87.02
163,87.02,87.02
164,87.02,87.02
165,87.02,87.02
166,87.02,87.02
167,87.02,86.92
168,87.02,79.82
169,83.34,45.21
170,79.9,28.75
171,79.93,29.1
172,76.01,26.16
173,77.72,25.88
174,79.93,29.27
175,82.01,45.21
176,84.2,45.21
177,87.47,48.04
178,84.75,47.85
179,84.83,49.88
180,83.24,50.97
181,79.96,45.21
182,79.94,23.82
183,82.29,28.18
184,84.77,45.21
185,86.54,45.21
186,80.64,59.02
187,87.02,66.6
188,87.02,66.86
189,87.02,49.0
190,87.02,45.21
191,87.02,45.21
192,80.91,45.21
REW_HYD_LG,2010,2015
1,23.74,23.74
2,22.69,22.69
3,22.06,22.06
4,21.35,21.35
5,21.6,21.6
6,23.43,23.43
7,26.49,26.49
8,29.78,29.78
9,31.01,31.01
10,31.61,31.61
11,32.05,32.05
12,32.22,32.22
13,31.36,31.36
14,31.03,31.03
15,30.65,30.65
16,30.44,30.44
17,31.11,31.11
18,32.74,32.74
19,32.52,32.52
20,31.15,31.15
21,29.03,29.03
22,26.91,26.91
23,27.03,27.03
24,25.19,25.19
25,26.47,26.47
26,25.18,25.18
27,24.36,24.36
28,23.35,23.35
29,23.16,23.16
30,23.76,23.76
31,24.09,24.09
32,26.26,26.26
33,28.06,28.06
34,29.85,29.85
35,31.03,31.03
36,31.71,31.71
37,30.65,30.65
38,29.94,29.94
39,29.35,29.35
40,29.19,29.19
41,30.14,30.14
42,32.19,32.19
43,32.34,32.34
44,31.44,31.44
45,29.91,29.91
46,28.13,28.13
47,29.12,29.12
48,27.48,27.48
49,30.95,30.95
50,29.1,29.1
51,28.34,28.34
52,27.59,27.59
53,28.3,28.3
54,31.67,31.67
55,36.72,36.72
56,40.84,40.84
57,42.74,42.74
58,43.23,43.23
59,43.9,43.9
60,44.49,44.49
61,43.07,43.07
62,42.51,42.51
63,41.8,41.8
64,41.1,41.1
65,40.28,40.28
66,39.93,39.93
67,39.7,39.7
68,39.8,39.8
69,39.87,39.87
70,37.21,37.21
71,36.41,36.41
72,33.32,33.32
73,36.32,36.32
74,33.81,33.81
75,32.8,32.8
76,31.41,31.41
77,31.3,31.3
78,32.47,32.47
79,33.47,33.47
80,36.34,36.34
81,39.09,39.09
82,41.25,41.25
83,42.56,42.56
84,43.64,43.64
85,41.62,41.62
86,39.93,39.93
87,38.63,38.63
88,37.83,37.83
89,37.54,37.54
90,38.03,38.03
91,38.73,38.73
92,39.97,39.97
93,41.13,41.13
94,38.98,38.98
95,39.49,39.49
96,36.57,36.57
97,38.0,38.0
98,35.55,35.55
99,34.55,34.55
100,33.45,33.45
101,34.09,34.09
102,37.28,37.28
103,44.08,44.08
104,49.87,49.87
105,53.1,53.1
106,54.68,54.68
107,56.26,56.26
108,57.56,57.56
109,55.83,55.83
110,55.23,55.23
111,54.23,54.23
112,53.37,53.37
113,52.29,52.29
114,51.68,51.68
115,50.37,50.37
116,48.48,48.48
117,46.71,46.71
118,46.11,46.11
119,44.87,44.87
120,40.95,40.95
121,44.88,44.88
122,41.71,41.71
123,40.15,40.15
124,38.44,38.44
125,37.92,37.92
126,38.41,38.41
127,40.77,40.77
128,44.51,44.51
129,48.56,48.56
130,51.64,51.64
131,53.76,53.76
132,55.32,55.32
133,53.4,53.4
134,51.8,51.8
135,50.36,50.36
136,49.77,49.77
137,49.35,49.35
138,49.7,49.7
139,49.41,49.41
140,48.67,48.67
141,48.39,48.39
142,48.48,48.48
143,48.49,48.49
144,44.69,44.69
145,30.34,30.34
146,28.73,28.73
147,28.01,28.01
148,27.2,27.2
149,27.9,27.9
150,31.25,31.25
151,37.18,37.18
152,41.74,41.74
153,42.9,42.9
154,43.12,43.12
155,43.63,43.63
156,43.99,43.99
157,42.54,42.54
158,41.83,41.83
159,41.05,41.05
160,40.38,40.38
161,39.96,39.96
162,40.62,40.62
163,42.66,42.66
164,42.7,42.7
165,40.11,40.11
166,36.56,36.56
167,35.65,35.65
168,32.84,32.84
169,35.53,35.53
170,33.28,33.28
171,32.14,32.14
172,30.7,30.7
173,30.61,30.61
174,31.83,31.83
175,33.72,33.72
176,36.53,36.53
177,39.06,39.06
178,40.89,40.89
179,42.3,42.3
180,43.1,43.1
181,41.19,41.19
182,39.6,39.6
183,38.51,38.51
184,37.98,37.98
185,38.17,38.17
186,39.93,39.93
187,42.36,42.36
188,42.79,42.79
189,40.72,40.72
190,37.94,37.94
191,38.32,38.32
192,35.66,35.66
REW_HYD_PS,2010,2015
1,-95.0,-95.0
2,-95.0,-95.0
3,-95.0,-95.0
4,-95.0,-95.0
5,-95.0,-95.0
6,-95.0,-95.0
7,-31.67,-15.83
8,63.33,31.67
9,95.0,63.33
10,0.0,31.67
11,0.0,0.0
12,0.0,0.0
13,0.0,0.0
14,0.0,0.0
15,0.0,0.0
16,31.67,63.33
17,95.0,95.0
18,95.0,95.0
19,95.0,95.0
20,95.0,95.0
21,0.0,0.0
22,-15.83,-31.67
23,0.0,0.0
24,-95.0,-95.0
25,0.0,-63.33
26,-79.17,-95.0
27,-95.0,-95.0
28,-95.0,-95.0
29,-95.0,-95.0
30,-95.0,-95.0
31,-95.0,-95.0
32,0.0,-63.33
33,0.0,0.0
34,0.0,0.0
35,0.0,0.0
36,0.0,0.0
37,-95.0,-15.83
38,-63.33,0.0
39,0.0,0.0
40,31.67,63.33
41,95.0,95.0
42,95.0,95.0
43,95.0,95.0
44,95.0,95.0
45,95.0,95.0
46,0.0,0.0
47,63.33,31.67
48,0.0,0.0
49,-95.0,-95.0
50,-95.0,-95.0
51,-95.0,-95.0
52,-95.0,-95.0
53,-95.0,-95.0
54,-47.5,-95.0
55,0.0,0.0
56,63.33,95.0
57,0.0,31.67
58,0.0,0.0
59,0.0,0.0
60,-31.67,0.0
61,-95.0,-47.5
62,-63.33,-31.67
63,0.0,0.0
64,0.0,0.0
65,31.67,63.33
66,95.0,95.0
67,95.0,95.0
68,95.0,95.0
69,95.0,95.0
70,63.33,0.0
71,31.67,0.0
72,0.0,-63.33
73,0.0,0.0
74,0.0,0.0
75,0.0,0.0
76,0.0,-31.67
77,0.0,0.0
78,0.0,0.0
79,0.0,0.0
80,0.0,0.0
81,-63.33,-15.83
82,-95.0,-95.0
83,-95.0,-95.0
84,-95.0,-95.0
85,-95.0,-95.0
86,-95.0,-95.0
87,-95.0,-95.0
88,-79.17,-95.0
89,0.0,0.0
90,63.33,63.33
91,95.0,95.0
92,95.0,95.0
93,95.0,95.0
94,95.0,95.0
95,95.0,95.0
96,31.67,31.67
97,-63.33,-95.0
98,-95.0,-95.0
99,-95.0,-95.0
100,-95.0,-95.0
101,-95.0,-95.0
102,-95.0,-95.0
103,0.0,-15.83
104,0.0,0.0
105,0.0,0.0
106,-31.67,0.0
107,-31.67,0.0
108,-15.83,0.0
109,-63.33,-31.67
110,-31.67,0.0
111,0.0,0.0
112,0.0,31.67
113,63.33,95.0
114,95.0,95.0
115,95.0,95.0
116,95.0,95.0
117,95.0,95.0
118,95.0,63.33
119,31.67,0.0
120,0.0,-95.0
121,31.67,0.0
122,0.0,0.0
123,0.0,0.0
124,0.0,0.0
125,0.0,0.0
126,0.0,0.0
127,0.0,0.0
128,-47.5,-47.5
129,-95.0,-95.0
130,-95.0,-95.0
131,-95.0,-95.0
132,-95.0,-95.0
133,-95.0,-95.0
134,-95.0,-95.0
135,-95.0,-95.0
136,0.0,0.0
137,0.0,0.0
138,63.33,95.0
139,95.0,95.0
140,95.0,95.0
141,95.0,95.0
142,95.0,95.0
143,95.0,95.0
144,0.0,0.0
145,-95.0,-95.0
146,-95.0,-95.0
147,-95.0,-95.0
148,-95.0,-95.0
149,-95.0,-95.0
150,-95.0,-95.0
151,0.0,0.0
152,95.0,95.0
153,63.33,95.0
154,0.0,0.0
155,0.0,0.0
156,0.0,0.0
157,-47.5,-31.67
158,-31.67,-15.83
159,0.0,0.0
160,0.0,0.0
161,31.67,31.67
162,95.0,95.0
163,95.0,95.0
164,95.0,95.0
165,95.0,63.33
166,0.0,0.0
167,0.0,0.0
168,-63.33,-95.0
169,0.0,0.0
170,0.0,0.0
171,-15.83,-63.33
172,-63.33,-95.0
173,-95.0,-95.0
174,-31.67,-79.17
175,0.0,0.0
176,0.0,0.0
177,0.0,0.0
178,-31.67,0.0
179,-95.0,-31.67
180,-95.0,-63.33
181,-95.0,-95.0
182,-95.0,-95.0
183,-95.0,-95.0
184,0.0,0.0
185,31.67,31.67
186,95.0,95.0
187,95.0,95.0
188,95.0,95.0
189,95.0,95.0
190,63.33,63.33
191,95.0,95.0
192,0.0,0.0
REW_WND_ON_3035,2010,2015
1,34.88,34.88
2,34.31,34.31
3,33.98,33.98
4,33.71,33.71
5,33.57,33.57
6,33.41,33.41
7,33.27,33.27
8,32.96,32.96
9,31.83,31.83
10,30.0,30.0
11,29.01,29.01
12,29.14,29.14
13,29.47,29.47
14,29.38,29.38
15,29.39,29.39
16,29.97,29.97
17,32.22,32.22
18,34.8,34.8
19,36.3,36.3
20,36.8,36.8
21,36.87,36.87
22,36.83,36.83
23,36.44,36.44
24,35.93,35.93
25,34.88,34.88
26,34.31,34.31
27,33.98,33.98
28,33.71,33.71
29,33.57,33.57
30,33.41,33.41
31,33.27,33.27
32,32.96,32.96
33,31.83,31.83
34,30.0,30.0
35,29.01,29.01
36,29.14,29.14
37,29.47,29.47
38,29.38,29.38
39,29.39,29.39
40,29.97,29.97
41,32.22,32.22
42,34.8,34.8
43,36.3,36.3
44,36.8,36.8
45,36.87,36.87
46,36.83,36.83
47,36.44,36.44
48,35.93,35.93
49,35.07,35.07
50,34.38,34.38
51,33.72,33.72
52,33.15,33.15
53,32.61,32.61
54,31.62,31.62
55,30.04,30.04
56,29.5,29.5
57,31.47,31.47
58,33.87,33.87
59,35.01,35.01
60,35.47,35.47
61,35.91,35.91
62,36.32,36.32
63,36.27,36.27
64,35.18,35.18
65,33.33,33.33
66,32.36,32.36
67,33.35,33.35
68,35.05,35.05
69,35.95,35.95
70,36.11,36.11
71,35.89,35.89
72,35.43,35.43
73,35.07,35.07
74,34.38,34.38
75,33.72,33.72
76,33.15,33.15
77,32.61,32.61
78,31.62,31.62
79,30.04,30.04
80,29.5,29.5
81,31.47,31.47
82,33.87,33.87
83,35.01,35.01
84,35.47,35.47
85,35.91,35.91
86,36.32,36.32
87,36.27,36.27
88,35.18,35.18
89,33.33,33.33
90,32.36,32.36
91,33.35,33.35
92,35.05,35.05
93,35.95,35.95
94,36.11,36.11
95,35.89,35.89
96,35.43,35.43
97,29.48,29.48
98,28.94,28.94
99,28.36,28.36
100,28.07,28.07
101,27.5,27.5
102,25.15,25.15
103,23.7,23.7
104,25.63,25.63
105,27.75,27.75
106,28.98,28.98
107,29.5,29.5
108,29.55,29.55
109,29.5,29.5
110,29.38,29.38
111,29.11,29.11
112,28.52,28.52
113,27.67,27.67
114,26.39,26.39
115,25.83,25.83
116,27.47,27.47
117,29.35,29.35
118,30.23,30.23
119,30.39,30.39
120,30.1,30.1
121,29.48,29.48
122,28.94,28.94
123,28.36,28.36
124,28.07,28.07
125,27.5,27.5
126,25.15,25.15
127,23.7,23.7
128,25.63,25.63
129,27.75,27.75
130,28.98,28.98
131,29.5,29.5
132,29.55,29.55
133,29.5,29.5
134,29.38,29.38
135,29.11,29.11
136,28.52,28.52
137,27.67,27.67
138,26.39,26.39
139,25.83,25.83
140,27.47,27.47
141,29.35,29.35
142,30.23,30.23
143,30.39,30.39
144,30.1,30.1
145,33.9,33.9
146,33.65,33.65
147,33.43,33.43
148,33.3,33.3
149,33.22,33.22
150,33.13,33.13
151,32.55,32.55
152,31.64,31.64
153,32.06,32.06
154,33.85,33.85
155,35.36,35.36
156,36.04,36.04
157,36.2,36.2
158,35.89,35.89
159,34.91,34.91
160,33.51,33.51
161,33.29,33.29
162,34.58,34.58
163,35.96,35.96
164,36.35,36.35
165,35.97,35.97
166,35.23,35.23
167,34.56,34.56
168,34.03,34.03
169,33.9,33.9
170,33.65,33.65
171,33.43,33.43
172,33.3,33.3
173,33.22,33.22
174,33.13,33.13
175,32.55,32.55
176,31.64,31.64
177,32.06,32.06
178,33.85,33.85
179,35.36,35.36
180,36.04,36.04
181,36.2,36.2
182,35.89,35.89
183,34.91,34.91
184,33.51,33.51
185,33.29,33.29
186,34.58,34.58
187,35.96,35.96
188,36.35,36.35
189,35.97,35.97
190,35.23,35.23
191,34.56,34.56
192,34.03,34.03
REW_WND_ON_3540,2010,2015
1,0.0,39.63
2,0.0,39.06
3,0.0,38.73
4,0.0,38.46
5,0.0,38.32
6,0.0,38.16
7,0.0,38.02
8,0.0,37.71
9,0.0,36.58
10,0.0,34.75
11,0.0,33.76
12,0.0,33.89
13,0.0,34.22
14,0.0,34.13
15,0.0,34.14
16,0.0,34.72
17,0.0,36.97
18,0.0,39.55
19,0.0,41.05
20,0.0,41.55
21,0.0,41.62
22,0.0,41.58
23,0.0,41.19
24,0.0,40.68
25,0.0,39.63
26,0.0,39.06
27,0.0,38.73
28,0.0,38.46
29,0.0,38.32
30,0.0,38.16
31,0.0,38.02
32,0.0,37.71
33,0.0,36.58
34,0.0,34.75
35,0.0,33.76
36,0.0,33.89
37,0.0,34.22
38,0.0,34.13
39,0.0,34.14
40,0.0,34.72
41,0.0,36.97
42,0.0,39.55
43,0.0,41.05
44,0.0,41.55
45,0.0,41.62
46,0.0,41.58
47,0.0,41.19
48,0.0,40.68
49,0.0,39.82
50,0.0,39.13
51,0.0,38.47
52,0.0,37.9
53,0.0,37.36
54,0.0,36.37
55,0.0,34.79
56,0.0,34.25
57,0.0,36.22
58,0.0,38.62
59,0.0,39.76
60,0.0,40.22
61,0.0,40.66
62,0.0,41.07
63,0.0,41.02
64,0.0,39.93
65,0.0,38.08
66,0.0,37.11
67,0.0,38.1
68,0.0,39.8
69,0.0,40.7
70,0.0,40.86
71,0.0,40.64
72,0.0,40.18
73,0.0,39.82
74,0.0,39.13
75,0.0,38.47
76,0.0,37.9
77,0.0,37.36
78,0.0,36.37
79,0.0,34.79
80,0.0,34.25
81,0.0,36.22
82,0.0,38.62
83,0.0,39.76
84,0.0,40.22
85,0.0,40.66
86,0.0,41.07
87,0.0,41.02
88,0.0,39.93
89,0.0,38.08
90,0.0,37.11
91,0.0,38.1
92,0.0,39.8
93,0.0,40.7
94,0.0,40.86
95,0.0,40.64
96,0.0,40.18
97,0.0,34.23
98,0.0,33.69
99,0.0,33.11
100,0.0,32.82
101,0.0,32.25
102,0.0,29.9
103,0.0,28.45
104,0.0,30.38
105,0.0,32.5
106,0.0,33.73
107,0.0,34.25
108,0.0,34.3
109,0.0,34.25
110,0.0,34.13
111,0.0,33.86
112,0.0,33.27
113,0.0,32.42
114,0.0,31.14
115,0.0,30.58
116,0.0,32.22
117,0.0,34.1
118,0.0,34.98
119,0.0,35.14
120,0.0,34.85
121,0.0,34.23
122,0.0,33.69
123,0.0,33.11
124,0.0,32.82
125,0.0,32.25
126,0.0,29.9
127,0.0,28.45
128,0.0,30.38
129,0.0,32.5
130,0.0,33.73
131,0.0,34.25
132,0.0,34.3
133,0.0,34.25
134,0.0,34.13
135,0.0,33.86
136,0.0,33.27
137,0.0,32.42
138,0.0,31.14
139,0.0,30.58
140,0.0,32.22
141,0.0,34.1
142,0.0,34.98
143,0.0,35.14
144,0.0,34.85
145,0.0,38.65
146,0.0,38.4
147,0.0,38.18
148,0.0,38.05
149,0.0,37.97
150,0.0,37.88
151,0.0,37.3
152,0.0,36.39
153,0.0,36.81
154,0.0,38.6
155,0.0,40.11
156,0.0,40.79
157,0.0,40.95
158,0.0,40.64
159,0.0,39.66
160,0.0,38.26
161,0.0,38.04
162,0.0,39.33
163,0.0,40.71
164,0.0,41.1
165,0.0,40.72
166,0.0,39.98
167,0.0,39.31
168,0.0,38.78
169,0.0,38.65
170,0.0,38.4
171,0.0,38.18
172,0.0,38.05
173,0.0,37.97
174,0.0,37.88
175,0.0,37.3
176,0.0,36.39
177,0.0,36.81
178,0.0,38.6
179,0.0,40.11
180,0.0,40.79
181,0.0,40.95
182,0.0,40.64
183,0.0,39.66
184,0.0,38.26
185,0.0,38.04
186,0.0,39.33
187,0.0,40.71
188,0.0,41.1
189,0.0,40.72
190,0.0,39.98
191,0.0,39.31
192,0.0,38.78
REW_WND_ON_40UP,2010,2015
1,0.0,44.38
2,0.0,43.81
3,0.0,43.48
4,0.0,43.21
5,0.0,43.07
6,0.0,42.91
7,0.0,42.77
8,0.0,42.46
9,0.0,41.33
10,0.0,39.5
11,0.0,38.51
12,0.0,38.64
13,0.0,38.97
14,0.0,38.88
15,0.0,38.89
16,0.0,39.47
17,0.0,41.72
18,0.0,44.3
19,0.0,45.8
20,0.0,46.3
21,0.0,46.37
22,0.0,46.33
23,0.0,45.94
24,0.0,45.43
25,0.0,44.38
26,0.0,43.81
27,0.0,43.48
28,0.0,43.21
29,0.0,43.07
30,0.0,42.91
31,0.0,42.77
32,0.0,42.46
33,0.0,41.33
34,0.0,39.5
35,0.0,38.51
36,0.0,38.64
37,0.0,38.97
38,0.0,38.88
39,0.0,38.89
40,0.0,39.47
41,0.0,41.72
42,0.0,44.3
43,0.0,45.8
44,0.0,46.3
45,0.0,46.37
46,0.0,46.33
47,0.0,45.94
48,0.0,45.43
49,0.0,44.57
50,0.0,43.88
51,0.0,43.22
52,0.0,42.65
53,0.0,42.11
54,0.0,41.12
55,0.0,39.54
56,0.0,39.0
57,0.0,40.97
58,0.0,43.37
59,0.0,44.51
60,0.0,44.97
61,0.0,45.41
62,0.0,45.82
63,0.0,45.77
64,0.0,44.68
65,0.0,42.83
66,0.0,41.86
67,0.0,42.85
68,0.0,44.55
69,0.0,45.45
70,0.0,45.61
71,0.0,45.39
72,0.0,44.93
73,0.0,44.57
74,0.0,43.88
75,0.0,43.22
76,0.0,42.65
77,0.0,42.11
78,0.0,41.12
79,0.0,39.54
80,0.0,39.0
81,0.0,40.97
82,0.0,43.37
83,0.0,44.51
84,0.0,44.97
85,0.0,45.41
86,0.0,45.82
87,0.0,45.77
88,0.0,44.68
89,0.0,42.83
90,0.0,41.86
91,0.0,42.85
92,0.0,44.55
93,0.0,45.45
94,0.0,45.61
95,0.0,45.39
96,0.0,44.93
97,0.0,38.98
98,0.0,38.44
99,0.0,37.86
100,0.0,37.57
101,0.0,37.0
102,0.0,34.65
103,0.0,33.2
104,0.0,35.13
105,0.0,37.25
106,0.0,38.48
107,0.0,39.0
108,0.0,39.05
109,0.0,39.0
110,0.0,38.88
111,0.0,38.61
112,0.0,38.02
113,0.0,37.17
114,0.0,35.89
115,0.0,35.33
116,0.0,36.97
117,0.0,38.85
118,0.0,39.73
119,0.0,39.89
120,0.0,39.6
121,0.0,38.98
122,0.0,38.44
123,0.0,37.86
124,0.0,37.57
125,0.0,37.0
126,0.0,34.65
127,0.0,33.2
128,0.0,35.13
129,0.0,37.25
130,0.0,38.48
131,0.0,39.0
132,0.0,39.05
133,0.0,39.0
134,0.0,38.88
135,0.0,38.61
136,0.0,38.02
137,0.0,37.17
138,0.0,35.89
139,0.0,35.33
140,0.0,36.97
141,0.0,38.85
142,0.0,39.73
143,0.0,39.89
144,0.0,39.6
145,0.0,43.4
146,0.0,43.15
147,0.0,42.93
148,0.0,42.8
149,0.0,42.72
150,0.0,42.63
151,0.0,42.05
152,0.0,41.14
153,0.0,41.56
154,0.0,43.35
155,0.0,44.86
156,0.0,45.54
157,0.0,45.7
158,0.0,45.39
159,0.0,44.41
160,0.0,43.01
161,0.0,42.79
162,0.0,44.08
163,0.0,45.46
164,0.0,45.85
165,0.0,45.47
166,0.0,44.73
167,0.0,44.06
168,0.0,43.53
169,0.0,43.4
170,0.0,43.15
171,0.0,42.93
172,0.0,42.8
173,0.0,42.72
174,0.0,42.63
175,0.0,42.05
176,0.0,41.14
177,0.0,41.56
178,0.0,43.35
179,0.0,44.86
180,0.0,45.54
181,0.0,45.7
182,0.0,45.39
183,0.0,44.41
184,0.0,43.01
185,0.0,42.79
186,0.0,44.08
187,0.0,45.46
188,0.0,45.85
189,0.0,45.47
190,0.0,44.73
191,0.0,44.06
192,0.0,43.53
REW_WND_OFF_4045,2010,2015
1,0.0,48.15
2,0.0,48.61
3,0.0,48.89
4,0.0,49.14
5,0.0,49.44
6,0.0,49.84
7,0.0,50.35
8,0.0,50.82
9,0.0,51.09
10,0.0,51.03
11,0.0,50.29
12,0.0,49.21
13,0.0,48.22
14,0.0,47.64
15,0.0,47.62
16,0.0,48.05
17,0.0,49.18
18,0.0,50.46
19,0.0,51.21
20,0.0,51.33
21,0.0,50.89
22,0.0,50.2
23,0.0,49.46
24,0.0,48.93
25,0.0,48.15
26,0.0,48.61
27,0.0,48.89
28,0.0,49.14
29,0.0,49.44
30,0.0,49.84
31,0.0,50.35
32,0.0,50.82
33,0.0,51.09
34,0.0,51.03
35,0.0,50.29
36,0.0,49.21
37,0.0,48.22
38,0.0,47.64
39,0.0,47.62
40,0.0,48.05
41,0.0,49.18
42,0.0,50.46
43,0.0,51.21
44,0.0,51.33
45,0.0,50.89
46,0.0,50.2
47,0.0,49.46
48,0.0,48.93
49,0.0,43.27
50,0.0,42.88
51,0.0,42.6
52,0.0,42.46
53,0.0,42.06
54,0.0,41.59
55,0.0,41.34
56,0.0,41.07
57,0.0,40.86
58,0.0,40.94
59,0.0,41.2
60,0.0,41.61
61,0.0,42.19
62,0.0,42.7
63,0.0,43.14
64,0.0,43.51
65,0.0,43.67
66,0.0,43.42
67,0.0,43.15
68,0.0,43.1
69,0.0,43.14
70,0.0,42.96
71,0.0,42.94
72,0.0,42.93
73,0.0,43.27
74,0.0,42.88
75,0.0,42.6
76,0.0,42.46
77,0.0,42.06
78,0.0,41.59
79,0.0,41.34
80,0.0,41.07
81,0.0,40.86
82,0.0,40.94
83,0.0,41.2
84,0.0,41.61
85,0.0,42.19
86,0.0,42.7
87,0.0,43.14
88,0.0,43.51
89,0.0,43.67
90,0.0,43.42
91,0.0,43.15
92,0.0,43.1
93,0.0,43.14
94,0.0,42.96
95,0.0,42.94
96,0.0,42.93
97,0.0,34.41
98,0.0,34.9
99,0.0,35.35
100,0.0,35.66
101,0.0,35.72
102,0.0,35.58
103,0.0,35.25
104,0.0,35.02
105,0.0,35.2
106,0.0,35.75
107,0.0,36.02
108,0.0,36.08
109,0.0,36.12
110,0.0,36.01
111,0.0,35.92
112,0.0,35.69
113,0.0,35.36
114,0.0,34.82
115,0.0,34.03
116,0.0,33.34
117,0.0,33.11
118,0.0,33.29
119,0.0,33.57
120,0.0,33.88
121,0.0,34.41
122,0.0,34.9
123,0.0,35.35
124,0.0,35.66
125,0.0,35.72
126,0.0,35.58
127,0.0,35.25
128,0.0,35.02
129,0.0,35.2
130,0.0,35.75
131,0.0,36.02
132,0.0,36.08
133,0.0,36.12
134,0.0,36.01
135,0.0,35.92
136,0.0,35.69
137,0.0,35.36
138,0.0,34.82
139,0.0,34.03
140,0.0,33.34
141,0.0,33.11
142,0.0,33.29
143,0.0,33.57
144,0.0,33.88
145,0.0,52.63
146,0.0,51.87
147,0.0,51.4
148,0.0,51.19
149,0.0,51.41
150,0.0,51.82
151,0.0,52.27
152,0.0,52.58
153,0.0,52.6
154,0.0,52.53
155,0.0,51.94
156,0.0,51.15
157,0.0,50.61
158,0.0,50.34
159,0.0,50.35
160,0.0,50.74
161,0.0,51.63
162,0.0,52.86
163,0.0,53.99
164,0.0,54.83
165,0.0,55.33
166,0.0,55.38
167,0.0,55.0
168,0.0,54.25
169,0.0,52.63
170,0.0,51.87
171,0.0,51.4
172,0.0,51.19
173,0.0,51.41
174,0.0,51.82
175,0.0,52.27
176,0.0,52.58
177,0.0,52.6
178,0.0,52.53
179,0.0,51.94
180,0.0,51.15
181,0.0,50.61
182,0.0,50.34
183,0.0,50.35
184,0.0,50.74
185,0.0,51.63
186,0.0,52.86
187,0.0,53.99
188,0.0,54.83
189,0.0,55.33
190,0.0,55.38
191,0.0,55.0
192,0.0,54.25
REW_WND_OFF_4550,2010,2015
1,0.0,0.0
2,0.0,0.0
3,0.0,0.0
4,0.0,0.0
5,0.0,0.0
6,0.0,0.0
7,0.0,0.0
8,0.0,0.0
9,0.0,0.0
10,0.0,0.0
11,0.0,0.0
12,0.0,0.0
13,0.0,0.0
14,0.0,0.0
15,0.0,0.0
16,0.0,0.0
17,0.0,0.0
18,0.0,0.0
19,0.0,0.0
20,0.0,0.0
21,0.0,0.0
22,0.0,0.0
23,0.0,0.0
24,0.0,0.0
25,0.0,0.0
26,0.0,0.0
27,0.0,0.0
28,0.0,0.0
29,0.0,0.0
30,0.0,0.0
31,0.0,0.0
32,0.0,0.0
33,0.0,0.0
34,0.0,0.0
35,0.0,0.0
36,0.0,0.0
37,0.0,0.0
38,0.0,0.0
39,0.0,0.0
40,0.0,0.0
41,0.0,0.0
42,0.0,0.0
43,0.0,0.0
44,0.0,0.0
45,0.0,0.0
46,0.0,0.0
47,0.0,0.0
48,0.0,0.0
49,0.0,0.0
50,0.0,0.0
51,0.0,0.0
52,0.0,0.0
53,0.0,0.0
54,0.0,0.0
55,0.0,0.0
56,0.0,0.0
57,0.0,0.0
58,0.0,0.0
59,0.0,0.0
60,0.0,0.0
61,0.0,0.0
62,0.0,0.0
63,0.0,0.0
64,0.0,0.0
65,0.0,0.0
66,0.0,0.0
67,0.0,0.0
68,0.0,0.0
69,0.0,0.0
70,0.0,0.0
71,0.0,0.0
72,0.0,0.0
73,0.0,0.0
74,0.0,0.0
75,0.0,0.0
76,0.0,0.0
77,0.0,0.0
78,0.0,0.0
79,0.0,0.0
80,0.0,0.0
81,0.0,0.0
82,0.0,0.0
83,0.0,0.0
84,0.0,0.0
85,0.0,0.0
86,0.0,0.0
87,0.0,0.0
88,0.0,0.0
89,0.0,0.0
90,0.0,0.0
91,0.0,0.0
92,0.0,0.0
93,0.0,0.0
94,0.0,0.0
95,0.0,0.0
96,0.0,0.0
97,0.0,0.0
98,0.0,0.0
99,0.0,0.0
100,0.0,0.0
101,0.0,0.0
102,0.0,0.0
103,0.0,0.0
104,0.0,0.0
105,0.0,0.0
106,0.0,0.0
107,0.0,0.0
108,0.0,0.0
109,0.0,0.0
110,0.0,0.0
111,0.0,0.0
112,0.0,0.0
113,0.0,0.0
114,0.0,0.0
115,0.0,0.0
116,0.0,0.0
117,0.0,0.0
118,0.0,0.0
119,0.0,0.0
120,0.0,0.0
121,0.0,0.0
122,0.0,0.0
123,0.0,0.0
124,0.0,0.0
125,0.0,0.0
126,0.0,0.0
127,0.0,0.0
128,0.0,0.0
129,0.0,0.0
130,0.0,0.0
131,0.0,0.0
132,0.0,0.0
133,0.0,0.0
134,0.0,0.0
135,0.0,0.0
136,0.0,0.0
137,0.0,0.0
138,0.0,0.0
139,0.0,0.0
140,0.0,0.0
141,0.0,0.0
142,0.0,0.0
143,0.0,0.0
144,0.0,0.0
145,0.0,0.0
146,0.0,0.0
147,0.0,0.0
148,0.0,0.0
149,0.0,0.0
150,0.0,0.0
151,0.0,0.0
152,0.0,0.0
153,0.0,0.0
154,0.0,0.0
155,0.0,0.0
156,0.0,0.0
157,0.0,0.0
158,0.0,0.0
159,0.0,0.0
160,0.0,0.0
161,0.0,0.0
162,0.0,0.0
163,0.0,0.0
164,0.0,0.0
165,0.0,0.0
166,0.0,0.0
167,0.0,0.0
168,0.0,0.0
169,0.0,0.0
170,0.0,0.0
171,0.0,0.0
172,0.0,0.0
173,0.0,0.0
174,0.0,0.0
175,0.0,0.0
176,0.0,0.0
177,0.0,0.0
178,0.0,0.0
179,0.0,0.0
180,0.0,0.0
181,0.0,0.0
182,0.0,0.0
183,0.0,0.0
184,0.0,0.0
185,0.0,0.0
186,0.0,0.0
187,0.0,0.0
188,0.0,0.0
189,0.0,0.0
190,0.0,0.0
191,0.0,0.0
192,0.0,0.0
REW_WND_OFF_50UP,2010,2015
1,0.0,0.0
2,0.0,0.0
3,0.0,0.0
4,0.0,0.0
5,0.0,0.0
6,0.0,0.0
7,0.0,0.0
8,0.0,0.0
9,0.0,0.0
10,0.0,0.0
11,0.0,0.0
12,0.0,0.0
13,0.0,0.0
14,0.0,0.0
15,0.0,0.0
16,0.0,0.0
17,0.0,0.0
18,0.0,0.0
19,0.0,0.0
20,0.0,0.0
21,0.0,0.0
22,0.0,0.0
23,0.0,0.0
24,0.0,0.0
25,0.0,0.0
26,0.0,0.0
27,0.0,0.0
28,0.0,0.0
29,0.0,0.0
30,0.0,0.0
31,0.0,0.0
32,0.0,0.0
33,0.0,0.0
34,0.0,0.0
35,0.0,0.0
36,0.0,0.0
37,0.0,0.0
38,0.0,0.0
39,0.0,0.0
40,0.0,0.0
41,0.0,0.0
42,0.0,0.0
43,0.0,0.0
44,0.0,0.0
45,0.0,0.0
46,0.0,0.0
47,0.0,0.0
48,0.0,0.0
49,0.0,0.0
50,0.0,0.0
51,0.0,0.0
52,0.0,0.0
53,0.0,0.0
54,0.0,0.0
55,0.0,0.0
56,0.0,0.0
57,0.0,0.0
58,0.0,0.0
59,0.0,0.0
60,0.0,0.0
61,0.0,0.0
62,0.0,0.0
63,0.0,0.0
64,0.0,0.0
65,0.0,0.0
66,0.0,0.0
67,0.0,0.0
68,0.0,0.0
69,0.0,0.0
70,0.0,0.0
71,0.0,0.0
72,0.0,0.0
73,0.0,0.0
74,0.0,0.0
75,0.0,0.0
76,0.0,0.0
77,0.0,0.0
78,0.0,0.0
79,0.0,0.0
80,0.0,0.0
81,0.0,0.0
82,0.0,0.0
83,0.0,0.0
84,0.0,0.0
85,0.0,0.0
86,0.0,0.0
87,0.0,0.0
88,0.0,0.0
89,0.0,0.0
90,0.0,0.0
91,0.0,0.0
92,0.0,0.0
93,0.0,0.0
94,0.0,0.0
95,0.0,0.0
96,0.0,0.0
97,0.0,0.0
98,0.0,0.0
99,0.0,0.0
100,0.0,0.0
101,0.0,0.0
102,0.0,0.0
103,0.0,0.0
104,0.0,0.0
105,0.0,0.0
106,0.0,0.0
107,0.0,0.0
108,0.0,0.0
109,0.0,0.0
110,0.0,0.0
111,0.0,0.0
112,0.0,0.0
113,0.0,0.0
114,0.0,0.0
115,0.0,0.0
116,0.0,0.0
117,0.0,0.0
118,0.0,0.0
119,0.0,0.0
120,0.0,0.0
121,0.0,0.0
122,0.0,0.0
123,0.0,0.0
124,0.0,0.0
125,0.0,0.0
126,0.0,0.0
127,0.0,0.0
128,0.0,0.0
129,0.0,0.0
130,0.0,0.0
131,0.0,0.0
132,0.0,0.0
133,0.0,0.0
134,0.0,0.0
135,0.0,0.0
136,0.0,0.0
137,0.0,0.0
138,0.0,0.0
139,0.0,0.0
140,0.0,0.0
141,0.0,0.0
142,0.0,0.0
143,0.0,0.0
144,0.0,0.0
145,0.0,0.0
146,0.0,0.0
147,0.0,0.0
148,0.0,0.0
149,0.0,0.0
150,0.0,0.0
151,0.0,0.0
152,0.0,0.0
153,0.0,0.0
154,0.0,0.0
155,0.0,0.0
156,0.0,0.0
157,0.0,0.0
158,0.0,0.0
159,0.0,0.0
160,0.0,0.0
161,0.0,0.0
162,0.0,0.0
163,0.0,0.0
164,0.0,0.0
165,0.0,0.0
166,0.0,0.0
167,0.0,0.0
168,0.0,0.0
169,0.0,0.0
170,0.0,0.0
171,0.0,0.0
172,0.0,0.0
173,0.0,0.0
174,0.0,0.0
175,0.0,0.0
176,0.0,0.0
177,0.0,0.0
178,0.0,0.0
179,0.0,0.0
180,0.0,0.0
181,0.0,0.0
182,0.0,0.0
183,0.0,0.0
184,0.0,0.0
185,0.0,0.0
186,0.0,0.0
187,0.0,0.0
188,0.0,0.0
189,0.0,0.0
190,0.0,0.0
191,0.0,0.0
192,0.0,0.0
REW_PV_UTI,2010,2015
1,0.0,0.0
2,0.0,0.0
3,0.0,0.0
4,0.0,0.0
5,0.0,0.0
6,0.0,0.0
7,0.0,0.0
8,1.44,1.44
9,9.33,9.33
10,19.71,19.71
11,28.44,28.44
12,33.36,33.36
13,32.54,32.54
14,27.21,27.21
15,18.24,18.24
16,7.66,7.66
17,1.0,1.0
18,0.0,0.0
19,0.0,0.0
20,0.0,0.0
21,0.0,0.0
22,0.0,0.0
23,0.0,0.0
24,0.0,0.0
25,0.0,0.0
26,0.0,0.0
27,0.0,0.0
28,0.0,0.0
29,0.0,0.0
30,0.0,0.0
31,0.0,0.0
32,1.44,1.44
33,9.33,9.33
34,19.71,19.71
35,28.44,28.44
36,33.36,33.36
37,32.54,32.54
38,27.21,27.21
39,18.24,18.24
40,7.66,7.66
41,1.0,1.0
42,0.0,0.0
43,0.0,0.0
44,0.0,0.0
45,0.0,0.0
46,0.0,0.0
47,0.0,0.0
48,0.0,0.0
49,0.0,0.0
50,0.0,0.0
51,0.0,0.0
52,0.0,0.0
53,0.04,0.04
54,1.45,1.45
55,6.98,6.98
56,17.59,17.59
57,29.91,29.91
58,39.56,39.56
59,44.98,44.98
60,47.48,47.48
61,46.41,46.41
62,41.53,41.53
63,33.93,33.93
64,24.17,24.17
65,13.74,13.74
66,5.09,5.09
67,0.97,0.97
68,0.02,0.02
69,0.0,0.0
70,0.0,0.0
71,0.0,0.0
72,0.0,0.0
73,0.0,0.0
74,0.0,0.0
75,0.0,0.0
76,0.0,0.0
77,0.04,0.04
78,1.45,1.45
79,6.98,6.98
80,17.59,17.59
81,29.91,29.91
82,39.56,39.56
83,44.98,44.98
84,47.48,47.48
85,46.41,46.41
86,41.53,41.53
87,33.93,33.93
88,24.17,24.17
89,13.74,13.74
90,5.09,5.09
91,0.97,0.97
92,0.02,0.02
93,0.0,0.0
94,0.0,0.0
95,0.0,0.0
96,0.0,0.0
97,0.0,0.0
98,0.0,0.0
99,0.0,0.0
100,0.0,0.0
101,0.52,0.52
102,4.71,4.71
103,14.13,14.13
104,25.51,25.51
105,36.3,36.3
106,44.67,44.67
107,49.99,49.99
108,51.85,51.85
109,50.38,50.38
110,45.93,45.93
111,38.95,38.95
112,29.97,29.97
113,19.7,19.7
114,9.97,9.97
115,2.99,2.99
116,0.18,0.18
117,0.0,0.0
118,0.0,0.0
119,0.0,0.0
120,0.0,0.0
121,0.0,0.0
122,0.0,0.0
123,0.0,0.0
124,0.0,0.0
125,0.52,0.52
126,4.71,4.71
127,14.13,14.13
128,25.51,25.51
129,36.3,36.3
130,44.67,44.67
131,49.99,49.99
132,51.85,51.85
133,50.38,50.38
134,45.93,45.93
135,38.95,38.95
136,29.97,29.97
137,19.7,19.7
138,9.97,9.97
139,2.99,2.99
140,0.18,0.18
141,0.0,0.0
142,0.0,0.0
143,0.0,0.0
144,0.0,0.0
145,0.0,0.0
146,0.0,0.0
147,0.0,0.0
148,0.0,0.0
149,0.0,0.0
150,0.03,0.03
151,1.59,1.59
152,7.06,7.06
153,16.64,16.64
154,27.13,27.13
155,35.0,35.0
156,38.86,38.86
157,38.29,38.29
158,33.77,33.77
159,25.94,25.94
160,15.93,15.93
161,6.08,6.08
162,0.95,0.95
163,0.01,0.01
164,0.0,0.0
165,0.0,0.0
166,0.0,0.0
167,0.0,0.0
168,0.0,0.0
169,0.0,0.0
170,0.0,0.0
171,0.0,0.0
172,0.0,0.0
173,0.0,0.0
174,0.03,0.03
175,1.59,1.59
176,7.06,7.06
177,16.64,16.64
178,27.13,27.13
179,35.0,35.0
180,38.86,38.86
181,38.29,38.29
182,33.77,33.77
183,25.94,25.94
184,15.93,15.93
185,6.08,6.08
186,0.95,0.95
187,0.01,0.01
188,0.0,0.0
189,0.0,0.0
190,0.0,0.0
191,0.0,0.0
192,0.0,0.0
REW_PV_RFT,2010,2015
1,0.0,0.0
2,0.0,0.0
3,0.0,0.0
4,0.0,0.0
5,0.0,0.0
6,0.0,0.0
7,0.0,0.0
8,0.0,0.0
9,0.0,0.0
10,0.0,0.0
11,0.0,0.0
12,0.0,0.0
13,0.0,0.0
14,0.0,0.0
15,0.0,0.0
16,0.0,0.0
17,0.0,0.0
18,0.0,0.0
19,0.0,0.0
20,0.0,0.0
21,0.0,0.0
22,0.0,0.0
23,0.0,0.0
24,0.0,0.0
25,0.0,0.0
26,0.0,0.0
27,0.0,0.0
28,0.0,0.0
29,0.0,0.0
30,0.0,0.0
31,0.0,0.0
32,0.0,0.0
33,0.0,0.0
34,0.0,0.0
35,0.0,0.0
36,0.0,0.0
37,0.0,0.0
38,0.0,0.0
39,0.0,0.0
40,0.0,0.0
41,0.0,0.0
42,0.0,0.0
43,0.0,0.0
44,0.0,0.0
45,0.0,0.0
46,0.0,0.0
47,0.0,0.0
48,0.0,0.0
49,0.0,0.0
50,0.0,0.0
51,0.0,0.0
52,0.0,0.0
53,0.0,0.0
54,0.0,0.0
55,0.0,0.0
56,0.0,0.0
57,0.0,0.0
58,0.0,0.0
59,0.0,0.0
60,0.0,0.0
61,0.0,0.0
62,0.0,0.0
63,0.0,0.0
64,0.0,0.0
65,0.0,0.0
66,0.0,0.0
67,0.0,0.0
68,0.0,0.0
69,0.0,0.0
70,0.0,0.0
71,0.0,0.0
72,0.0,0.0
73,0.0,0.0
74,0.0,0.0
75,0.0,0.0
76,0.0,0.0
77,0.0,0.0
78,0.0,0.0
79,0.0,0.0
80,0.0,0.0
81,0.0,0.0
82,0.0,0.0
83,0.0,0.0
84,0.0,0.0
85,0.0,0.0
86,0.0,0.0
87,0.0,0.0
88,0.0,0.0
89,0.0,0.0
90,0.0,0.0
91,0.0,0.0
92,0.0,0.0
93,0.0,0.0
94,0.0,0.0
95,0.0,0.0
96,0.0,0.0
97,0.0,0.0
98,0.0,0.0
99,0.0,0.0
100,0.0,0.0
101,0.0,0.0
102,0.0,0.0
103,0.0,0.0
104,0.0,0.0
105,0.0,0.0
106,0.0,0.0
107,0.0,0.0
108,0.0,0.0
109,0.0,0.0
110,0.0,0.0
111,0.0,0.0
112,0.0,0.0
113,0.0,0.0
114,0.0,0.0
115,0.0,0.0
116,0.0,0.0
117,0.0,0.0
118,0.0,0.0
119,0.0,0.0
120,0.0,0.0
121,0.0,0.0
122,0.0,0.0
123,0.0,0.0
124,0.0,0.0
125,0.0,0.0
126,0.0,0.0
127,0.0,0.0
128,0.0,0.0
129,0.0,0.0
130,0.0,0.0
131,0.0,0.0
132,0.0,0.0
133,0.0,0.0
134,0.0,0.0
135,0.0,0.0
136,0.0,0.0
137,0.0,0.0
138,0.0,0.0
139,0.0,0.0
140,0.0,0.0
141,0.0,0.0
142,0.0,0.0
143,0.0,0.0
144,0.0,0.0
145,0.0,0.0
146,0.0,0.0
147,0.0,0.0
148,0.0,0.0
149,0.0,0.0
150,0.0,0.0
151,0.0,0.0
152,0.0,0.0
153,0.0,0.0
154,0.0,0.0
155,0.0,0.0
156,0.0,0.0
157,0.0,0.0
158,0.0,0.0
159,0.0,0.0
160,0.0,0.0
161,0.0,0.0
162,0.0,0.0
163,0.0,0.0
164,0.0,0.0
165,0.0,0.0
166,0.0,0.0
167,0.0,0.0
168,0.0,0.0
169,0.0,0.0
170,0.0,0.0
171,0.0,0.0
172,0.0,0.0
173,0.0,0.0
174,0.0,0.0
175,0.0,0.0
176,0.0,0.0
177,0.0,0.0
178,0.0,0.0
179,0.0,0.0
180,0.0,0.0
181,0.0,0.0
182,0.0,0.0
183,0.0,0.0
184,0.0,0.0
185,0.0,0.0
186,0.0,0.0
187,0.0,0.0
188,0.0,0.0
189,0.0,0.0
190,0.0,0.0
191,0.0,0.0
192,0.0,0.0
REW_PV_CSP,2010,2015
1,0.0,0.0
2,0.0,0.0
3,0.0,0.0
4,0.0,0.0
5,0.0,0.0
6,0.0,0.0
7,0.0,0.0
8,0.0,0.0
9,0.0,0.0
10,0.0,0.0
11,0.0,0.0
12,0.0,0.0
13,0.0,0.0
14,0.0,0.0
15,0.0,0.0
16,0.0,0.0
17,0.0,0.0
18,0.0,0.0
19,0.0,0.0
20,0.0,0.0
21,0.0,0.0
22,0.0,0.0
23,0.0,0.0
24,0.0,0.0
25,0.0,0.0
26,0.0,0.0
27,0.0,0.0
28,0.0,0.0
29,0.0,0.0
30,0.0,0.0
31,0.0,0.0
32,0.0,0.0
33,0.0,0.0
34,0.0,0.0
35,0.0,0.0
36,0.0,0.0
37,0.0,0.0
38,0.0,0.0
39,0.0,0.0
40,0.0,0.0
41,0.0,0.0
42,0.0,0.0
43,0.0,0.0
44,0.0,0.0
45,0.0,0.0
46,0.0,0.0
47,0.0,0.0
48,0.0,0.0
49,0.0,0.0
50,0.0,0.0
51,0.0,0.0
52,0.0,0.0
53,0.0,0.0
54,0.0,0.0
55,0.0,0.0
56,0.0,0.0
57,0.0,0.0
58,0.0,0.0
59,0.0,0.0
60,0.0,0.0
61,0.0,0.0
62,0.0,0.0
63,0.0,0.0
64,0.0,0.0
65,0.0,0.0
66,0.0,0.0
67,0.0,0.0
68,0.0,0.0
69,0.0,0.0
70,0.0,0.0
71,0.0,0.0
72,0.0,0.0
73,0.0,0.0
74,0.0,0.0
75,0.0,0.0
76,0.0,0.0
77,0.0,0.0
78,0.0,0.0
79,0.0,0.0
80,0.0,0.0
81,0.0,0.0
82,0.0,0.0
83,0.0,0.0
84,0.0,0.0
85,0.0,0.0
86,0.0,0.0
87,0.0,0.0
88,0.0,0.0
89,0.0,0.0
90,0.0,0.0
91,0.0,0.0
92,0.0,0.0
93,0.0,0.0
94,0.0,0.0
95,0.0,0.0
96,0.0,0.0
97,0.0,0.0
98,0.0,0.0
99,0.0,0.0
100,0.0,0.0
101,0.0,0.0
102,0.0,0.0
103,0.0,0.0
104,0.0,0.0
105,0.0,0.0
106,0.0,0.0
107,0.0,0.0
108,0.0,0.0
109,0.0,0.0
110,0.0,0.0
111,0.0,0.0
112,0.0,0.0
113,0.0,0.0
114,0.0,0.0
115,0.0,0.0
116,0.0,0.0
117,0.0,0.0
118,0.0,0.0
119,0.0,0.0
120,0.0,0.0
121,0.0,0.0
122,0.0,0.0
123,0.0,0.0
124,0.0,0.0
125,0.0,0.0
126,0.0,0.0
127,0.0,0.0
128,0.0,0.0
129,0.0,0.0
130,0.0,0.0
131,0.0,0.0
132,0.0,0.0
133,0.0,0.0
134,0.0,0.0
135,0.0,0.0
136,0.0,0.0
137,0.0,0.0
138,0.0,0.0
139,0.0,0.0
140,0.0,0.0
141,0.0,0.0
142,0.0,0.0
143,0.0,0.0
144,0.0,0.0
145,0.0,0.0
146,0.0,0.0
147,0.0,0.0
148,0.0,0.0
149,0.0,0.0
150,0.0,0.0
151,0.0,0.0
152,0.0,0.0
153,0.0,0.0
154,0.0,0.0
155,0.0,0.0
156,0.0,0.0
157,0.0,0.0
158,0.0,0.0
159,0.0,0.0
160,0.0,0.0
161,0.0,0.0
162,0.0,0.0
163,0.0,0.0
164,0.0,0.0
165,0.0,0.0
166,0.0,0.0
167,0.0,0.0
168,0.0,0.0
169,0.0,0.0
170,0.0,0.0
171,0.0,0.0
172,0.0,0.0
173,0.0,0.0
174,0.0,0.0
175,0.0,0.0
176,0.0,0.0
177,0.0,0.0
178,0.0,0.0
179,0.0,0.0
180,0.0,0.0
181,0.0,0.0
182,0.0,0.0
183,0.0,0.0
184,0.0,0.0
185,0.0,0.0
186,0.0,0.0
187,0.0,0.0
188,0.0,0.0
189,0.0,0.0
190,0.0,0.0
191,0.0,0.0
192,0.0,0.0
REW_PV_CSP_6h,2010,2015
1,0.0,0.0
2,0.0,0.0
3,0.0,0.0
4,0.0,0.0
5,0.0,0.0
6,0.0,0.0
7,0.0,0.0
8,0.0,0.0
9,0.0,0.0
10,0.0,0.0
11,0.0,0.0
12,0.0,0.0
13,0.0,0.0
14,0.0,0.0
15,0.0,0.0
16,0.0,0.0
17,0.0,0.0
18,0.0,0.0
19,0.0,0.0
20,0.0,0.0
21,0.0,0.0
22,0.0,0.0
23,0.0,0.0
24,0.0,0.0
25,0.0,0.0
26,0.0,0.0
27,0.0,0.0
28,0.0,0.0
29,0.0,0.0
30,0.0,0.0
31,0.0,0.0
32,0.0,0.0
33,0.0,0.0
34,0.0,0.0
35,0.0,0.0
36,0.0,0.0
37,0.0,0.0
38,0.0,0.0
39,0.0,0.0
40,0.0,0.0
41,0.0,0.0
42,0.0,0.0
43,0.0,0.0
44,0.0,0.0
45,0.0,0.0
46,0.0,0.0
47,0.0,0.0
48,0.0,0.0
49,0.0,0.0
50,0.0,0.0
51,0.0,0.0
52,0.0,0.0
53,0.0,0.0
54,0.0,0.0
55,0.0,0.0
56,0.0,0.0
57,0.0,0.0
58,0.0,0.0
59,0.0,0.0
60,0.0,0.0
61,0.0,0.0
62,0.0,0.0
63,0.0,0.0
64,0.0,0.0
65,0.0,0.0
66,0.0,0.0
67,0.0,0.0
68,0.0,0.0
69,0.0,0.0
70,0.0,0.0
71,0.0,0.0
72,0.0,0.0
73,0.0,0.0
74,0.0,0.0
75,0.0,0.0
76,0.0,0.0
77,0.0,0.0
78,0.0,0.0
79,0.0,0.0
80,0.0,0.0
81,0.0,0.0
82,0.0,0.0
83,0.0,0.0
84,0.0,0.0
85,0.0,0.0
86,0.0,0.0
87,0.0,0.0
88,0.0,0.0
89,0.0,0.0
90,0.0,0.0
91,0.0,0.0
92,0.0,0.0
93,0.0,0.0
94,0.0,0.0
95,0.0,0.0
96,0.0,0.0
97,0.0,0.0
98,0.0,0.0
99,0.0,0.0
100,0.0,0.0
101,0.0,0.0
102,0.0,0.0
103,0.0,0.0
104,0.0,0.0
105,0.0,0.0
106,0.0,0.0
107,0.0,0.0
108,0.0,0.0
109,0.0,0.0
110,0.0,0.0
111,0.0,0.0
112,0.0,0.0
113,0.0,0.0
114,0.0,0.0
115,0.0,0.0
116,0.0,0.0
117,0.0,0.0
118,0.0,0.0
119,0.0,0.0
120,0.0,0.0
121,0.0,0.0
122,0.0,0.0
123,0.0,0.0
124,0.0,0.0
125,0.0,0.0
126,0.0,0.0
127,0.0,0.0
128,0.0,0.0
129,0.0,0.0
130,0.0,0.0
131,0.0,0.0
132,0.0,0.0
133,0.0,0.0
134,0.0,0.0
135,0.0,0.0
136,0.0,0.0
137,0.0,0.0
138,0.0,0.0
139,0.0,0.0
140,0.0,0.0
141,0.0,0.0
142,0.0,0.0
143,0.0,0.0
144,0.0,0.0
145,0.0,0.0
146,0.0,0.0
147,0.0,0.0
148,0.0,0.0
149,0.0,0.0
150,0.0,0.0
151,0.0,0.0
152,0.0,0.0
153,0.0,0.0
154,0.0,0.0
155,0.0,0.0
156,0.0,0.0
157,0.0,0.0
158,0.0,0.0
159,0.0,0.0
160,0.0,0.0
161,0.0,0.0
162,0.0,0.0
163,0.0,0.0
164,0.0,0.0
165,0.0,0.0
166,0.0,0.0
167,0.0,0.0
168,0.0,0.0
169,0.0,0.0
170,0.0,0.0
171,0.0,0.0
172,0.0,0.0
173,0.0,0.0
174,0.0,0.0
175,0.0,0.0
176,0.0,0.0
177,0.0,0.0
178,0.0,0.0
179,0.0,0.0
180,0.0,0.0
181,0.0,0.0
182,0.0,0.0
183,0.0,0.0
184,0.0,0.0
185,0.0,0.0
186,0.0,0.0
187,0.0,0.0
188,0.0,0.0
189,0.0,0.0
190,0.0,0.0
191,0.0,0.0
192,0.0,0.0
BIO_ST,2010,2015
1,0.0,0.0
2,0.0,0.0
3,0.0,0.0
4,0.0,0.0
5,0.0,0.0
6,0.0,0.0
7,0.0,0.0
8,0.0,0.0
9,0.0,0.0
10,0.0,0.0
11,0.0,0.0
12,0.0,0.0
13,0.0,0.0
14,0.0,0.0
15,0.0,0.0
16,0.0,0.0
17,0.0,0.0
18,0.0,0.0
19,0.0,0.0
20,0.0,0.0
21,0.0,0.0
22,0.0,0.0
23,0.0,0.0
24,0.0,0.0
25,0.0,0.0
26,0.0,0.0
27,0.0,0.0
28,0.0,0.0
29,0.0,0.0
30,0.0,0.0
31,0.0,0.0
32,0.0,0.0
33,0.0,0.0
34,0.0,0.0
35,0.0,0.0
36,0.0,0.0
37,0.0,0.0
38,0.0,0.0
39,0.0,0.0
40,0.0,0.0
41,0.0,0.0
42,0.0,0.0
43,0.0,0.0
44,0.0,0.0
45,0.0,0.0
46,0.0,0.0
47,0.0,0.0
48,0.0,0.0
49,0.0,0.0
50,0.0,0.0
51,0.0,0.0
52,0.0,0.0
53,0.0,0.0
54,0.0,0.0
55,0.0,0.0
56,0.0,0.0
57,0.0,0.0
58,0.0,0.0
59,0.0,0.0
60,0.0,0.0
61,0.0,0.0
62,0.0,0.0
63,0.0,0.0
64,0.0,0.0
65,0.0,0.0
66,0.0,0.0
67,0.0,0.0
68,0.0,0.0
69,0.0,0.0
70,0.0,0.0
71,0.0,0.0
72,0.0,0.0
73,0.0,0.0
74,0.0,0.0
75,0.0,0.0
76,0.0,0.0
77,0.0,0.0
78,0.0,0.0
79,0.0,0.0
80,0.0,0.0
81,0.0,0.0
82,0.0,0.0
83,0.0,0.0
84,0.0,0.0
85,0.0,0.0
86,0.0,0.0
87,0.0,0.0
88,0.0,0.0
89,0.0,0.0
90,0.0,0.0
91,0.0,0.0
92,0.0,0.0
93,0.0,0.0
94,0.0,0.0
95,0.0,0.0
96,0.0,0.0
97,0.0,0.0
98,0.0,0.0
99,0.0,0.0
100,0.0,0.0
101,0.0,0.0
102,0.0,0.0
103,0.0,0.0
104,0.0,0.0
105,0.0,0.0
106,0.0,0.0
107,0.0,0.0
108,0.0,0.0
109,0.0,0.0
110,0.0,0.0
111,0.0,0.0
112,0.0,0.0
113,0.0,0.0
114,0.0,0.0
115,0.0,0.0
116,0.0,0.0
117,0.0,0.0
118,0.0,0.0
119,0.0,0.0
120,0.0,0.0
121,0.0,0.0
122,0.0,0.0
123,0.0,0.0
124,0.0,0.0
125,0.0,0.0
126,0.0,0.0
127,0.0,0.0
128,0.0,0.0
129,0.0,0.0
130,0.0,0.0
131,0.0,0.0
132,0.0,0.0
133,0.0,0.0
134,0.0,0.0
135,0.0,0.0
136,0.0,0.0
137,0.0,0.0
138,0.0,0.0
139,0.0,0.0
140,0.0,0.0
141,0.0,0.0
142,0.0,0.0
143,0.0,0.0
144,0.0,0.0
145,0.0,0.0
146,0.0,0.0
147,0.0,0.0
148,0.0,0.0
149,0.0,0.0
150,0.0,0.0
151,0.0,0.0
152,0.0,0.0
153,0.0,0.0
154,0.0,0.0
155,0.0,0.0
156,0.0,0.0
157,0.0,0.0
158,0.0,0.0
159,0.0,0.0
160,0.0,0.0
161,0.0,0.0
162,0.0,0.0
163,0.0,0.0
164,0.0,0.0
165,0.0,0.0
166,0.0,0.0
167,0.0,0.0
168,0.0,0.0
169,0.0,0.0
170,0.0,0.0
171,0.0,0.0
172,0.0,0.0
173,0.0,0.0
174,0.0,0.0
175,0.0,0.0
176,0.0,0.0
177,0.0,0.0
178,0.0,0.0
179,0.0,0.0
180,0.0,0.0
181,0.0,0.0
182,0.0,0.0
183,0.0,0.0
184,0.0,0.0
185,0.0,0.0
186,0.0,0.0
187,0.0,0.0
188,0.0,0.0
189,0.0,0.0
190,0.0,0.0
191,0.0,0.0
192,0.0,0.0
BIO_CHP,2010,2015
1,65.64,88.35
2,47.2,88.35
3,36.14,88.35
4,23.76,88.31
5,28.02,88.35
6,60.3,88.35
7,88.35,88.35
8,88.35,88.35
9,88.35,88.35
10,88.35,88.35
11,88.35,88.35
12,88.35,88.35
13,88.35,88.35
14,88.35,88.35
15,88.35,88.35
16,88.35,88.35
17,88.35,88.35
18,88.35,88.35
19,88.35,88.35
20,88.35,88.35
21,88.35,88.35
22,88.35,88.35
23,88.35,88.35
24,88.35,88.35
25,47.27,88.35
26,27.85,88.35
27,15.56,78.7
28,0.28,60.79
29,0.0,57.4
30,6.55,68.15
31,11.4,73.83
32,44.2,88.35
33,71.31,88.35
34,88.35,88.35
35,88.35,88.35
36,88.35,88.35
37,88.35,88.35
38,88.35,88.35
39,88.35,88.35
40,88.35,88.35
41,88.35,88.35
42,88.35,88.35
43,88.35,88.35
44,88.35,88.35
45,88.35,88.35
46,72.38,88.35
47,87.32,88.35
48,62.52,88.35
49,1.62,62.37
50,0.0,37.64
51,0.0,27.45
52,0.0,17.34
53,0.0,26.91
54,9.86,72.02
55,67.47,88.35
56,88.35,88.35
57,88.35,88.35
58,88.35,88.35
59,88.35,88.35
60,88.35,88.35
61,88.35,88.35
62,88.35,88.35
63,88.35,88.35
64,88.35,88.35
65,88.35,88.35
66,88.35,88.35
67,88.35,88.35
68,88.35,88.35
69,88.35,88.35
70,73.05,88.35
71,63.94,88.35
72,28.62,88.35
73,0.0,46.49
74,0.0,19.05
75,0.0,7.97
76,0.0,0.0
77,0.0,0.0
78,0.0,4.29
79,0.0,15.25
80,0.0,46.69
81,14.02,76.9
82,34.2,88.35
83,46.45,88.35
84,56.62,88.35
85,37.67,88.35
86,21.85,86.07
87,9.68,71.82
88,2.25,63.1
89,0.0,59.85
90,4.06,65.22
91,10.63,72.92
92,22.21,86.5
93,33.06,88.35
94,12.98,75.68
95,17.8,81.32
96,0.0,49.23
97,0.0,42.2
98,0.0,16.71
99,0.0,6.43
100,0.0,0.0
101,0.0,1.67
102,0.0,34.67
103,38.09,88.35
104,88.35,88.35
105,88.35,88.35
106,88.35,88.35
107,88.35,88.35
108,88.35,88.35
109,88.35,88.35
110,88.35,88.35
111,88.35,88.35
112,88.35,88.35
113,88.35,88.35
114,88.35,88.35
115,88.35,88.35
116,77.05,88.35
117,61.37,88.35
118,56.08,88.35
119,45.11,88.35
120,10.46,72.73
121,0.0,27.26
122,0.0,0.5
123,0.0,0.0
124,0.0,0.0
125,0.0,0.0
126,0.0,0.0
127,0.0,0.0
128,0.0,24.12
129,0.0,58.27
130,20.36,84.33
131,35.63,88.35
132,46.86,88.35
133,33.03,88.35
134,21.51,85.67
135,11.1,73.48
136,6.87,68.52
137,3.84,64.97
138,6.37,67.93
139,4.27,65.47
140,0.0,59.27
141,0.0,56.89
142,0.0,57.66
143,0.0,57.72
144,0.0,25.6
145,11.36,73.78
146,0.0,51.13
147,0.0,41.08
148,0.0,29.69
149,0.0,39.52
150,22.22,86.51
151,88.35,88.35
152,88.35,88.35
153,88.35,88.35
154,88.35,88.35
155,88.35,88.35
156,88.35,88.35
157,88.35,88.35
158,88.35,88.35
159,88.35,88.35
160,88.35,88.35
161,88.35,88.35
162,88.35,88.35
163,88.35,88.35
164,88.35,88.35
165,88.35,88.35
166,85.74,88.35
167,74.9,88.35
168,41.24,88.35
169,0.0,59.23
170,0.0,33.18
171,0.0,20.0
172,0.0,3.3
173,0.0,2.25
174,0.0,16.45
175,0.0,38.3
176,8.78,70.76
177,33.74,88.35
178,51.79,88.35
179,65.67,88.35
180,73.57,88.35
181,54.71,88.35
182,39.03,88.35
183,28.26,88.35
184,23.12,87.56
185,24.97,88.35
186,42.26,88.35
187,66.33,88.35
188,70.57,88.35
189,50.13,88.35
190,22.71,87.09
191,26.46,88.35
192,0.22,60.73
BIO_IGCC,2010,2015
1,0.0,0.0
2,0.0,0.0
3,0.0,0.0
4,0.0,0.0
5,0.0,0.0
6,0.0,0.0
7,0.0,0.0
8,0.0,0.0
9,0.0,0.0
10,0.0,0.0
11,0.0,0.0
12,0.0,0.0
13,0.0,0.0
14,0.0,0.0
15,0.0,0.0
16,0.0,0.0
17,0.0,0.0
18,0.0,0.0
19,0.0,0.0
20,0.0,0.0
21,0.0,0.0
22,0.0,0.0
23,0.0,0.0
24,0.0,0.0
25,0.0,0.0
26,0.0,0.0
27,0.0,0.0
28,0.0,0.0
29,0.0,0.0
30,0.0,0.0
31,0.0,0.0
32,0.0,0.0
33,0.0,0.0
34,0.0,0.0
35,0.0,0.0
36,0.0,0.0
37,0.0,0.0
38,0.0,0.0
39,0.0,0.0
40,0.0,0.0
41,0.0,0.0
42,0.0,0.0
43,0.0,0.0
44,0.0,0.0
45,0.0,0.0
46,0.0,0.0
47,0.0,0.0
48,0.0,0.0
49,0.0,0.0
50,0.0,0.0
51,0.0,0.0
52,0.0,0.0
53,0.0,0.0
54,0.0,0.0
55,0.0,0.0
56,0.0,0.0
57,0.0,0.0
58,0.0,0.0
59,0.0,0.0
60,0.0,0.0
61,0.0,0.0
62,0.0,0.0
63,0.0,0.0
64,0.0,0.0
65,0.0,0.0
66,0.0,0.0
67,0.0,0.0
68,0.0,0.0
69,0.0,0.0
70,0.0,0.0
71,0.0,0.0
72,0.0,0.0
73,0.0,0.0
74,0.0,0.0
75,0.0,0.0
76,0.0,0.0
77,0.0,0.0
78,0.0,0.0
79,0.0,0.0
80,0.0,0.0
81,0.0,0.0
82,0.0,0.0
83,0.0,0.0
84,0.0,0.0
85,0.0,0.0
86,0.0,0.0
87,0.0,0.0
88,0.0,0.0
89,0.0,0.0
90,0.0,0.0
91,0.0,0.0
92,0.0,0.0
93,0.0,0.0
94,0.0,0.0
95,0.0,0.0
96,0.0,0.0
97,0.0,0.0
98,0.0,0.0
99,0.0,0.0
100,0.0,0.0
101,0.0,0.0
102,0.0,0.0
103,0.0,0.0
104,0.0,0.0
105,0.0,0.0
106,0.0,0.0
107,0.0,0.0
108,0.0,0.0
109,0.0,0.0
110,0.0,0.0
111,0.0,0.0
112,0.0,0.0
113,0.0,0.0
114,0.0,0.0
115,0.0,0.0
116,0.0,0.0
117,0.0,0.0
118,0.0,0.0
119,0.0,0.0
120,0.0,0.0
121,0.0,0.0
122,0.0,0.0
123,0.0,0.0
124,0.0,0.0
125,0.0,0.0
126,0.0,0.0
127,0.0,0.0
128,0.0,0.0
129,0.0,0.0
130,0.0,0.0
131,0.0,0.0
132,0.0,0.0
133,0.0,0.0
134,0.0,0.0
135,0.0,0.0
136,0.0,0.0
137,0.0,0.0
138,0.0,0.0
139,0.0,0.0
140,0.0,0.0
141,0.0,0.0
142,0.0,0.0
143,0.0,0.0
144,0.0,0.0
145,0.0,0.0
146,0.0,0.0
147,0.0,0.0
148,0.0,0.0
149,0.0,0.0
150,0.0,0.0
151,0.0,0.0
152,0.0,0.0
153,0.0,0.0
154,0.0,0.0
155,0.0,0.0
156,0.0,0.0
157,0.0,0.0
158,0.0,0.0
159,0.0,0.0
160,0.0,0.0
161,0.0,0.0
162,0.0,0.0
163,0.0,0.0
164,0.0,0.0
165,0.0,0.0
166,0.0,0.0
167,0.0,0.0
168,0.0,0.0
169,0.0,0.0
170,0.0,0.0
171,0.0,0.0
172,0.0,0.0
173,0.0,0.0
174,0.0,0.0
175,0.0,0.0
176,0.0,0.0
177,0.0,0.0
178,0.0,0.0
179,0.0,0.0
180,0.0,0.0
181,0.0,0.0
182,0.0,0.0
183,0.0,0.0
184,0.0,0.0
185,0.0,0.0
186,0.0,0.0
187,0.0,0.0
188,0.0,0.0
189,0.0,0.0
190,0.0,0.0
191,0.0,0.0
192,0.0,0.0
BIO_IGCC_CCS,2010,2015
1,0.0,0.0
2,0.0,0.0
3,0.0,0.0
4,0.0,0.0
5,0.0,0.0
6,0.0,0.0
7,0.0,0.0
8,0.0,0.0
9,0.0,0.0
10,0.0,0.0
11,0.0,0.0
12,0.0,0.0
13,0.0,0.0
14,0.0,0.0
15,0.0,0.0
16,0.0,0.0
17,0.0,0.0
18,0.0,0.0
19,0.0,0.0
20,0.0,0.0
21,0.0,0.0
22,0.0,0.0
23,0.0,0.0
24,0.0,0.0
25,0.0,0.0
26,0.0,0.0
27,0.0,0.0
28,0.0,0.0
29,0.0,0.0
30,0.0,0.0
31,0.0,0.0
32,0.0,0.0
33,0.0,0.0
34,0.0,0.0
35,0.0,0.0
36,0.0,0.0
37,0.0,0.0
38,0.0,0.0
39,0.0,0.0
40,0.0,0.0
41,0.0,0.0
42,0.0,0.0
43,0.0,0.0
44,0.0,0.0
45,0.0,0.0
46,0.0,0.0
47,0.0,0.0
48,0.0,0.0
49,0.0,0.0
50,0.0,0.0
51,0.0,0.0
52,0.0,0.0
53,0.0,0.0
54,0.0,0.0
55,0.0,0.0
56,0.0,0.0
57,0.0,0.0
58,0.0,0.0
59,0.0,0.0
60,0.0,0.0
61,0.0,0.0
62,0.0,0.0
63,0.0,0.0
64,0.0,0.0
65,0.0,0.0
66,0.0,0.0
67,0.0,0.0
68,0.0,0.0
69,0.0,0.0
70,0.0,0.0
71,0.0,0.0
72,0.0,0.0
73,0.0,0.0
74,0.0,0.0
75,0.0,0.0
76,0.0,0.0
77,0.0,0.0
78,0.0,0.0
79,0.0,0.0
80,0.0,0.0
81,0.0,0.0
82,0.0,0.0
83,0.0,0.0
84,0.0,0.0
85,0.0,0.0
86,0.0,0.0
87,0.0,0.0
88,0.0,0.0
89,0.0,0.0
90,0.0,0.0
91,0.0,0.0
92,0.0,0.0
93,0.0,0.0
94,0.0,0.0
95,0.0,0.0
96,0.0,0.0
97,0.0,0.0
98,0.0,0.0
99,0.0,0.0
100,0.0,0.0
101,0.0,0.0
102,0.0,0.0
103,0.0,0.0
104,0.0,0.0
105,0.0,0.0
106,0.0,0.0
107,0.0,0.0
108,0.0,0.0
109,0.0,0.0
110,0.0,0.0
111,0.0,0.0
112,0.0,0.0
113,0.0,0.0
114,0.0,0.0
115,0.0,0.0
116,0.0,0.0
117,0.0,0.0
118,0.0,0.0
119,0.0,0.0
120,0.0,0.0
121,0.0,0.0
122,0.0,0.0
123,0.0,0.0
124,0.0,0.0
125,0.0,0.0
126,0.0,0.0
127,0.0,0.0
128,0.0,0.0
129,0.0,0.0
130,0.0,0.0
131,0.0,0.0
132,0.0,0.0
133,0.0,0.0
134,0.0,0.0
135,0.0,0.0
136,0.0,0.0
137,0.0,0.0
138,0.0,0.0
139,0.0,0.0
140,0.0,0.0
141,0.0,0.0
142,0.0,0.0
143,0.0,0.0
144,0.0,0.0
145,0.0,0.0
146,0.0,0.0
147,0.0,0.0
148,0.0,0.0
149,0.0,0.0
150,0.0,0.0
151,0.0,0.0
152,0.0,0.0
153,0.0,0.0
154,0.0,0.0
155,0.0,0.0
156,0.0,0.0
157,0.0,0.0
158,0.0,0.0
159,0.0,0.0
160,0.0,0.0
161,0.0,0.0
162,0.0,0.0
163,0.0,0.0
164,0.0,0.0
165,0.0,0.0
166,0.0,0.0
167,0.0,0.0
168,0.0,0.0
169,0.0,0.0
170,0.0,0.0
171,0.0,0.0
172,0.0,0.0
173,0.0,0.0
174,0.0,0.0
175,0.0,0.0
176,0.0,0.0
177,0.0,0.0
178,0.0,0.0
179,0.0,0.0
180,0.0,0.0
181,0.0,0.0
182,0.0,0.0
183,0.0,0.0
184,0.0,0.0
185,0.0,0.0
186,0.0,0.0
187,0.0,0.0
188,0.0,0.0
189,0.0,0.0
190,0.0,0.0
191,0.0,0.0
192,0.0,0.0
BIO_IGCC_CHP,2010,2015
1,0.0,0.0
2,0.0,0.0
3,0.0,0.0
4,0.0,0.0
5,0.0,0.0
6,0.0,0.0
7,0.0,0.0
8,0.0,0.0
9,0.0,0.0
10,0.0,0.0
11,0.0,0.0
12,0.0,0.0
13,0.0,0.0
14,0.0,0.0
15,0.0,0.0
16,0.0,0.0
17,0.0,0.0
18,0.0,0.0
19,0.0,0.0
20,0.0,0.0
21,0.0,0.0
22,0.0,0.0
23,0.0,0.0
24,0.0,0.0
25,0.0,0.0
26,0.0,0.0
27,0.0,0.0
28,0.0,0.0
29,0.0,0.0
30,0.0,0.0
31,0.0,0.0
32,0.0,0.0
33,0.0,0.0
34,0.0,0.0
35,0.0,0.0
36,0.0,0.0
37,0.0,0.0
38,0.0,0.0
39,0.0,0.0
40,0.0,0.0
41,0.0,0.0
42,0.0,0.0
43,0.0,0.0
44,0.0,0.0
45,0.0,0.0
46,0.0,0.0
47,0.0,0.0
48,0.0,0.0
49,0.0,0.0
50,0.0,0.0
51,0.0,0.0
52,0.0,0.0
53,0.0,0.0
54,0.0,0.0
55,0.0,0.0
56,0.0,0.0
57,0.0,0.0
58,0.0,0.0
59,0.0,0.0
60,0.0,0.0
61,0.0,0.0
62,0.0,0.0
63,0.0,0.0
64,0.0,0.0
65,0.0,0.0
66,0.0,0.0
67,0.0,0.0
68,0.0,0.0
69,0.0,0.0
70,0.0,0.0
71,0.0,0.0
72,0.0,0.0
73,0.0,0.0
74,0.0,0.0
75,0.0,0.0
76,0.0,0.0
77,0.0,0.0
78,0.0,0.0
79,0.0,0.0
80,0.0,0.0
81,0.0,0.0
82,0.0,0.0
83,0.0,0.0
84,0.0,0.0
85,0.0,0.0
86,0.0,0.0
87,0.0,0.0
88,0.0,0.0
89,0.0,0.0
90,0.0,0.0
91,0.0,0.0
92,0.0,0.0
93,0.0,0.0
94,0.0,0.0
95,0.0,0.0
96,0.0,0.0
97,0.0,0.0
98,0.0,0.0
99,0.0,0.0
100,0.0,0.0
101,0.0,0.0
102,0.0,0.0
103,0.0,0.0
104,0.0,0.0
105,0.0,0.0
106,0.0,0.0
107,0.0,0.0
108,0.0,0.0
109,0.0,0.0
110,0.0,0.0
111,0.0,0.0
112,0.0,0.0
113,0.0,0.0
114,0.0,0.0
115,0.0,0.0
116,0.0,0.0
117,0.0,0.0
118,0.0,0.0
119,0.0,0.0
120,0.0,0.0
121,0.0,0.0
122,0.0,0.0
123,0.0,0.0
124,0.0,0.0
125,0.0,0.0
126,0.0,0.0
127,0.0,0.0
128,0.0,0.0
129,0.0,0.0
130,0.0,0.0
131,0.0,0.0
132,0.0,0.0
133,0.0,0.0
134,0.0,0.0
135,0.0,0.0
136,0.0,0.0
137,0.0,0.0
138,0.0,0.0
139,0.0,0.0
140,0.0,0.0
141,0.0,0.0
142,0.0,0.0
143,0.0,0.0
144,0.0,0.0
145,0.0,0.0
146,0.0,0.0
147,0.0,0.0
148,0.0,0.0
149,0.0,0.0
150,0.0,0.0
151,0.0,0.0
152,0.0,0.0
153,0.0,0.0
154,0.0,0.0
155,0.0,0.0
156,0.0,0.0
157,0.0,0.0
158,0.0,0.0
159,0.0,0.0
160,0.0,0.0
161,0.0,0.0
162,0.0,0.0
163,0.0,0.0
164,0.0,0.0
165,0.0,0.0
166,0.0,0.0
167,0.0,0.0
168,0.0,0.0
169,0.0,0.0
170,0.0,0.0
171,0.0,0.0
172,0.0,0.0
173,0.0,0.0
174,0.0,0.0
175,0.0,0.0
176,0.0,0.0
177,0.0,0.0
178,0.0,0.0
179,0.0,0.0
180,0.0,0.0
181,0.0,0.0
182,0.0,0.0
183,0.0,0.0
184,0.0,0.0
185,0.0,0.0
186,0.0,0.0
187,0.0,0.0
188,0.0,0.0
189,0.0,0.0
190,0.0,0.0
191,0.0,0.0
192,0.0,0.0
COA_CHP_BP_DH,2010,2015
1,88.35,88.35
2,88.35,88.35
3,88.35,88.35
4,88.35,88.35
5,88.35,88.35
6,88.35,88.35
7,88.35,88.35
8,88.35,88.35
9,88.35,88.35
10,88.35,88.35
11,88.35,88.35
12,88.35,88.35
13,88.35,88.35
14,88.35,88.35
15,88.35,88.35
16,88.35,88.35
17,88.35,88.35
18,88.35,88.35
19,88.35,88.35
20,88.35,88.35
21,88.35,88.35
22,88.35,88.35
23,88.35,88.35
24,88.35,88.35
25,88.35,88.35
26,88.35,88.35
27,88.35,88.35
28,88.35,88.35
29,87.69,88.35
30,88.35,88.35
31,88.35,88.35
32,88.35,88.35
33,88.35,88.35
34,88.35,88.35
35,88.35,88.35
36,88.35,88.35
37,88.35,88.35
38,88.35,88.35
39,88.35,88.35
40,88.35,88.35
41,88.35,88.35
42,88.35,88.35
43,88.35,88.35
44,88.35,88.35
45,88.35,88.35
46,88.35,88.35
47,88.35,88.35
48,88.35,88.35
49,88.35,88.35
50,83.46,88.35
51,81.27,88.35
52,79.1,88.35
53,81.16,88.35
54,88.35,88.35
55,88.35,88.35
56,88.35,88.35
57,88.35,88.35
58,88.35,88.35
59,88.35,88.35
60,88.35,88.35
61,88.35,88.35
62,88.35,88.35
63,88.35,88.35
64,88.35,88.35
65,88.35,88.35
66,88.35,88.35
67,88.35,88.35
68,88.35,88.35
69,88.35,88.35
70,88.35,88.35
71,88.35,88.35
72,88.35,88.35
73,85.35,88.35
74,79.47,88.35
75,77.1,88.35
76,73.83,86.53
77,73.56,86.21
78,76.31,88.35
79,78.66,88.35
80,85.4,88.35
81,88.35,88.35
82,88.35,88.35
83,88.35,88.35
84,88.35,88.35
85,88.35,88.35
86,88.35,88.35
87,88.35,88.35
88,88.35,88.35
89,88.22,88.35
90,88.35,88.35
91,88.35,88.35
92,88.35,88.35
93,88.35,88.35
94,88.35,88.35
95,88.35,88.35
96,85.94,88.35
97,84.43,88.35
98,78.97,88.35
99,76.77,88.35
100,74.31,87.09
101,75.74,88.35
102,82.82,88.35
103,88.35,88.35
104,88.35,88.35
105,88.35,88.35
106,88.35,88.35
107,88.35,88.35
108,88.35,88.35
109,88.35,88.35
110,88.35,88.35
111,88.35,88.35
112,88.35,88.35
113,88.35,88.35
114,88.35,88.35
115,88.35,88.35
116,88.35,88.35
117,88.35,88.35
118,88.35,88.35
119,88.35,88.35
120,88.35,88.35
121,81.23,88.35
122,75.49,88.35
123,72.67,85.17
124,69.57,81.54
125,68.62,80.42
126,69.52,81.47
127,73.78,86.47
128,80.56,88.35
129,87.88,88.35
130,88.35,88.35
131,88.35,88.35
132,88.35,88.35
133,88.35,88.35
134,88.35,88.35
135,88.35,88.35
136,88.35,88.35
137,88.35,88.35
138,88.35,88.35
139,88.35,88.35
140,88.09,88.35
141,87.58,88.35
142,87.75,88.35
143,87.76,88.35
144,80.87,88.35
145,88.35,88.35
146,86.35,88.35
147,84.19,88.35
148,81.75,88.35
149,83.86,88.35
150,88.35,88.35
151,88.35,88.35
152,88.35,88.35
153,88.35,88.35
154,88.35,88.35
155,88.35,88.35
156,88.35,88.35
157,88.35,88.35
158,88.35,88.35
159,88.35,88.35
160,88.35,88.35
161,88.35,88.35
162,88.35,88.35
163,88.35,88.35
164,88.35,88.35
165,88.35,88.35
166,88.35,88.35
167,88.35,88.35
168,88.35,88.35
169,88.09,88.35
170,82.5,88.35
171,79.67,88.35
172,76.09,88.35
173,75.87,88.35
174,78.91,88.35
175,83.6,88.35
176,88.35,88.35
177,88.35,88.35
178,88.35,88.35
179,88.35,88.35
180,88.35,88.35
181,88.35,88.35
182,88.35,88.35
183,88.35,88.35
184,88.35,88.35
185,88.35,88.35
186,88.35,88.35
187,88.35,88.35
188,88.35,88.35
189,88.35,88.35
190,88.35,88.35
191,88.35,88.35
192,88.35,88.35
COA_CHP_EC_DH,2010,2015
1,0.0,0.0
2,0.0,0.0
3,0.0,0.0
4,0.0,0.0
5,0.0,0.0
6,0.0,0.0
7,0.0,0.0
8,0.0,0.0
9,0.0,0.0
10,0.0,0.0
11,0.0,0.0
12,0.0,0.0
13,0.0,0.0
14,0.0,0.0
15,0.0,0.0
16,0.0,0.0
17,0.0,0.0
18,0.0,0.0
19,0.0,0.0
20,0.0,0.0
21,0.0,0.0
22,0.0,0.0
23,0.0,0.0
24,0.0,0.0
25,0.0,0.0
26,0.0,0.0
27,0.0,0.0
28,0.0,0.0
29,0.0,0.0
30,0.0,0.0
31,0.0,0.0
32,0.0,0.0
33,0.0,0.0
34,0.0,0.0
35,0.0,0.0
36,0.0,0.0
37,0.0,0.0
38,0.0,0.0
39,0.0,0.0
40,0.0,0.0
41,0.0,0.0
42,0.0,0.0
43,0.0,0.0
44,0.0,0.0
45,0.0,0.0
46,0.0,0.0
47,0.0,0.0
48,0.0,0.0
49,0.0,0.0
50,0.0,0.0
51,0.0,0.0
52,0.0,0.0
53,0.0,0.0
54,0.0,0.0
55,0.0,0.0
56,0.0,0.0
57,0.0,0.0
58,0.0,0.0
59,0.0,0.0
60,0.0,0.0
61,0.0,0.0
62,0.0,0.0
63,0.0,0.0
64,0.0,0.0
65,0.0,0.0
66,0.0,0.0
67,0.0,0.0
68,0.0,0.0
69,0.0,0.0
70,0.0,0.0
71,0.0,0.0
72,0.0,0.0
73,0.0,0.0
74,0.0,0.0
75,0.0,0.0
76,0.0,0.0
77,0.0,0.0
78,0.0,0.0
79,0.0,0.0
80,0.0,0.0
81,0.0,0.0
82,0.0,0.0
83,0.0,0.0
84,0.0,0.0
85,0.0,0.0
86,0.0,0.0
87,0.0,0.0
88,0.0,0.0
89,0.0,0.0
90,0.0,0.0
91,0.0,0.0
92,0.0,0.0
93,0.0,0.0
94,0.0,0.0
95,0.0,0.0
96,0.0,0.0
97,0.0,0.0
98,0.0,0.0
99,0.0,0.0
100,0.0,0.0
101,0.0,0.0
102,0.0,0.0
103,0.0,0.0
104,0.0,0.0
105,0.0,0.0
106,0.0,0.0
107,0.0,0.0
108,0.0,0.0
109,0.0,0.0
110,0.0,0.0
111,0.0,0.0
112,0.0,0.0
113,0.0,0.0
114,0.0,0.0
115,0.0,0.0
116,0.0,0.0
117,0.0,0.0
118,0.0,0.0
119,0.0,0.0
120,0.0,0.0
121,0.0,0.0
122,0.0,0.0
123,0.0,0.0
124,0.0,0.0
125,0.0,0.0
126,0.0,0.0
127,0.0,0.0
128,0.0,0.0
129,0.0,0.0
130,0.0,0.0
131,0.0,0.0
132,0.0,0.0
133,0.0,0.0
134,0.0,0.0
135,0.0,0.0
136,0.0,0.0
137,0.0,0.0
138,0.0,0.0
139,0.0,0.0
140,0.0,0.0
141,0.0,0.0
142,0.0,0.0
143,0.0,0.0
144,0.0,0.0
145,0.0,0.0
146,0.0,0.0
147,0.0,0.0
148,0.0,0.0
149,0.0,0.0
150,0.0,0.0
151,0.0,0.0
152,0.0,0.0
153,0.0,0.0
154,0.0,0.0
155,0.0,0.0
156,0.0,0.0
157,0.0,0.0
158,0.0,0.0
159,0.0,0.0
160,0.0,0.0
161,0.0,0.0
162,0.0,0.0
163,0.0,0.0
164,0.0,0.0
165,0.0,0.0
166,0.0,0.0
167,0.0,0.0
168,0.0,0.0
169,0.0,0.0
170,0.0,0.0
171,0.0,0.0
172,0.0,0.0
173,0.0,0.0
174,0.0,0.0
175,0.0,0.0
176,0.0,0.0
177,0.0,0.0
178,0.0,0.0
179,0.0,0.0
180,0.0,0.0
181,0.0,0.0
182,0.0,0.0
183,0.0,0.0
184,0.0,0.0
185,0.0,0.0
186,0.0,0.0
187,0.0,0.0
188,0.0,0.0
189,0.0,0.0
190,0.0,0.0
191,0.0,0.0
192,0.0,0.0
COA_CHP_EC_CCS_DH,2010,2015
1,0.0,0.0
2,0.0,0.0
3,0.0,0.0
4,0.0,0.0
5,0.0,0.0
6,0.0,0.0
7,0.0,0.0
8,0.0,0.0
9,0.0,0.0
10,0.0,0.0
11,0.0,0.0
12,0.0,0.0
13,0.0,0.0
14,0.0,0.0
15,0.0,0.0
16,0.0,0.0
17,0.0,0.0
18,0.0,0.0
19,0.0,0.0
20,0.0,0.0
21,0.0,0.0
22,0.0,0.0
23,0.0,0.0
24,0.0,0.0
25,0.0,0.0
26,0.0,0.0
27,0.0,0.0
28,0.0,0.0
29,0.0,0.0
30,0.0,0.0
31,0.0,0.0
32,0.0,0.0
33,0.0,0.0
34,0.0,0.0
35,0.0,0.0
36,0.0,0.0
37,0.0,0.0
38,0.0,0.0
39,0.0,0.0
40,0.0,0.0
41,0.0,0.0
42,0.0,0.0
43,0.0,0.0
44,0.0,0.0
45,0.0,0.0
46,0.0,0.0
47,0.0,0.0
48,0.0,0.0
49,0.0,0.0
50,0.0,0.0
51,0.0,0.0
52,0.0,0.0
53,0.0,0.0
54,0.0,0.0
55,0.0,0.0
56,0.0,0.0
57,0.0,0.0
58,0.0,0.0
59,0.0,0.0
60,0.0,0.0
61,0.0,0.0
62,0.0,0.0
63,0.0,0.0
64,0.0,0.0
65,0.0,0.0
66,0.0,0.0
67,0.0,0.0
68,0.0,0.0
69,0.0,0.0
70,0.0,0.0
71,0.0,0.0
72,0.0,0.0
73,0.0,0.0
74,0.0,0.0
75,0.0,0.0
76,0.0,0.0
77,0.0,0.0
78,0.0,0.0
79,0.0,0.0
80,0.0,0.0
81,0.0,0.0
82,0.0,0.0
83,0.0,0.0
84,0.0,0.0
85,0.0,0.0
86,0.0,0.0
87,0.0,0.0
88,0.0,0.0
89,0.0,0.0
90,0.0,0.0
91,0.0,0.0
92,0.0,0.0
93,0.0,0.0
94,0.0,0.0
95,0.0,0.0
96,0.0,0.0
97,0.0,0.0
98,0.0,0.0
99,0.0,0.0
100,0.0,0.0
101,0.0,0.0
102,0.0,0.0
103,0.0,0.0
104,0.0,0.0
105,0.0,0.0
106,0.0,0.0
107,0.0,0.0
108,0.0,0.0
109,0.0,0.0
110,0.0,0.0
111,0.0,0.0
112,0.0,0.0
113,0.0,0.0
114,0.0,0.0
115,0.0,0.0
116,0.0,0.0
117,0.0,0.0
118,0.0,0.0
119,0.0,0.0
120,0.0,0.0
121,0.0,0.0
122,0.0,0.0
123,0.0,0.0
124,0.0,0.0
125,0.0,0.0
126,0.0,0.0
127,0.0,0.0
128,0.0,0.0
129,0.0,0.0
130,0.0,0.0
131,0.0,0.0
132,0.0,0.0
133,0.0,0.0
134,0.0,0.0
135,0.0,0.0
136,0.0,0.0
137,0.0,0.0
138,0.0,0.0
139,0.0,0.0
140,0.0,0.0
141,0.0,0.0
142,0.0,0.0
143,0.0,0.0
144,0.0,0.0
145,0.0,0.0
146,0.0,0.0
147,0.0,0.0
148,0.0,0.0
149,0.0,0.0
150,0.0,0.0
151,0.0,0.0
152,0.0,0.0
153,0.0,0.0
154,0.0,0.0
155,0.0,0.0
156,0.0,0.0
157,0.0,0.0
158,0.0,0.0
159,0.0,0.0
160,0.0,0.0
161,0.0,0.0
162,0.0,0.0
163,0.0,0.0
164,0.0,0.0
165,0.0,0.0
166,0.0,0.0
167,0.0,0.0
168,0.0,0.0
169,0.0,0.0
170,0.0,0.0
171,0.0,0.0
172,0.0,0.0
173,0.0,0.0
174,0.0,0.0
175,0.0,0.0
176,0.0,0.0
177,0.0,0.0
178,0.0,0.0
179,0.0,0.0
180,0.0,0.0
181,0.0,0.0
182,0.0,0.0
183,0.0,0.0
184,0.0,0.0
185,0.0,0.0
186,0.0,0.0
187,0.0,0.0
188,0.0,0.0
189,0.0,0.0
190,0.0,0.0
191,0.0,0.0
192,0.0,0.0
GAS_CHP_EC_CCS_DH,2010,2015
1,0.0,0.0
2,0.0,0.0
3,0.0,0.0
4,0.0,0.0
5,0.0,0.0
6,0.0,0.0
7,0.0,0.0
8,0.0,0.0
9,0.0,0.0
10,0.0,0.0
11,0.0,0.0
12,0.0,0.0
13,0.0,0.0
14,0.0,0.0
15,0.0,0.0
16,0.0,0.0
17,0.0,0.0
18,0.0,0.0
19,0.0,0.0
20,0.0,0.0
21,0.0,0.0
22,0.0,0.0
23,0.0,0.0
24,0.0,0.0
25,0.0,0.0
26,0.0,0.0
27,0.0,0.0
28,0.0,0.0
29,0.0,0.0
30,0.0,0.0
31,0.0,0.0
32,0.0,0.0
33,0.0,0.0
34,0.0,0.0
35,0.0,0.0
36,0.0,0.0
37,0.0,0.0
38,0.0,0.0
39,0.0,0.0
40,0.0,0.0
41,0.0,0.0
42,0.0,0.0
43,0.0,0.0
44,0.0,0.0
45,0.0,0.0
46,0.0,0.0
47,0.0,0.0
48,0.0,0.0
49,0.0,0.0
50,0.0,0.0
51,0.0,0.0
52,0.0,0.0
53,0.0,0.0
54,0.0,0.0
55,0.0,0.0
56,0.0,0.0
57,0.0,0.0
58,0.0,0.0
59,0.0,0.0
60,0.0,0.0
61,0.0,0.0
62,0.0,0.0
63,0.0,0.0
64,0.0,0.0
65,0.0,0.0
66,0.0,0.0
67,0.0,0.0
68,0.0,0.0
69,0.0,0.0
70,0.0,0.0
71,0.0,0.0
72,0.0,0.0
73,0.0,0.0
74,0.0,0.0
75,0.0,0.0
76,0.0,0.0
77,0.0,0.0
78,0.0,0.0
79,0.0,0.0
80,0.0,0.0
81,0.0,0.0
82,0.0,0.0
83,0.0,0.0
84,0.0,0.0
85,0.0,0.0
86,0.0,0.0
87,0.0,0.0
88,0.0,0.0
89,0.0,0.0
90,0.0,0.0
91,0.0,0.0
92,0.0,0.0
93,0.0,0.0
94,0.0,0.0
95,0.0,0.0
96,0.0,0.0
97,0.0,0.0
98,0.0,0.0
99,0.0,0.0
100,0.0,0.0
101,0.0,0.0
102,0.0,0.0
103,0.0,0.0
104,0.0,0.0
105,0.0,0.0
106,0.0,0.0
107,0.0,0.0
108,0.0,0.0
109,0.0,0.0
110,0.0,0.0
111,0.0,0.0
112,0.0,0.0
113,0.0,0.0
114,0.0,0.0
115,0.0,0.0
116,0.0,0.0
117,0.0,0.0
118,0.0,0.0
119,0.0,0.0
120,0.0,0.0
121,0.0,0.0
122,0.0,0.0
123,0.0,0.0
124,0.0,0.0
125,0.0,0.0
126,0.0,0.0
127,0.0,0.0
128,0.0,0.0
129,0.0,0.0
130,0.0,0.0
131,0.0,0.0
132,0.0,0.0
133,0.0,0.0
134,0.0,0.0
135,0.0,0.0
136,0.0,0.0
137,0.0,0.0
138,0.0,0.0
139,0.0,0.0
140,0.0,0.0
141,0.0,0.0
142,0.0,0.0
143,0.0,0.0
144,0.0,0.0
145,0.0,0.0
146,0.0,0.0
147,0.0,0.0
148,0.0,0.0
149,0.0,0.0
150,0.0,0.0
151,0.0,0.0
152,0.0,0.0
153,0.0,0.0
154,0.0,0.0
155,0.0,0.0
156,0.0,0.0
157,0.0,0.0
158,0.0,0.0
159,0.0,0.0
160,0.0,0.0
161,0.0,0.0
162,0.0,0.0
163,0.0,0.0
164,0.0,0.0
165,0.0,0.0
166,0.0,0.0
167,0.0,0.0
168,0.0,0.0
169,0.0,0.0
170,0.0,0.0
171,0.0,0.0
172,0.0,0.0
173,0.0,0.0
174,0.0,0.0
175,0.0,0.0
176,0.0,0.0
177,0.0,0.0
178,0.0,0.0
179,0.0,0.0
180,0.0,0.0
181,0.0,0.0
182,0.0,0.0
183,0.0,0.0
184,0.0,0.0
185,0.0,0.0
186,0.0,0.0
187,0.0,0.0
188,0.0,0.0
189,0.0,0.0
190,0.0,0.0
191,0.0,0.0
192,0.0,0.0
OIL_ST,2010,2015
1,0.0,0.0
2,0.0,0.0
3,0.0,0.0
4,0.0,0.0
5,0.0,0.0
6,0.0,0.0
7,0.0,0.0
8,0.0,0.0
9,0.0,0.0
10,0.0,0.0
11,0.0,0.0
12,0.0,0.0
13,0.0,0.0
14,0.0,0.0
15,0.0,0.0
16,0.0,0.0
17,0.0,0.0
18,0.0,0.0
19,0.0,0.0
20,0.0,0.0
21,0.0,0.0
22,0.0,0.0
23,0.0,0.0
24,0.0,0.0
25,0.0,0.0
26,0.0,0.0
27,0.0,0.0
28,0.0,0.0
29,0.0,0.0
30,0.0,0.0
31,0.0,0.0
32,0.0,0.0
33,0.0,0.0
34,0.0,0.0
35,0.0,0.0
36,0.0,0.0
37,0.0,0.0
38,0.0,0.0
39,0.0,0.0
40,0.0,0.0
41,0.0,0.0
42,0.0,0.0
43,0.0,0.0
44,0.0,0.0
45,0.0,0.0
46,0.0,0.0
47,0.0,0.0
48,0.0,0.0
49,0.0,0.0
50,0.0,0.0
51,0.0,0.0
52,0.0,0.0
53,0.0,0.0
54,0.0,0.0
55,0.0,0.0
56,0.0,0.0
57,0.0,0.0
58,0.0,0.0
59,0.0,0.0
60,0.0,0.0
61,0.0,0.0
62,0.0,0.0
63,0.0,0.0
64,0.0,0.0
65,0.0,0.0
66,0.0,0.0
67,0.0,0.0
68,0.0,0.0
69,0.0,0.0
70,0.0,0.0
71,0.0,0.0
72,0.0,0.0
73,0.0,0.0
74,0.0,0.0
75,0.0,0.0
76,0.0,0.0
77,0.0,0.0
78,0.0,0.0
79,0.0,0.0
80,0.0,0.0
81,0.0,0.0
82,0.0,0.0
83,0.0,0.0
84,0.0,0.0
85,0.0,0.0
86,0.0,0.0
87,0.0,0.0
88,0.0,0.0
89,0.0,0.0
90,0.0,0.0
91,0.0,0.0
92,0.0,0.0
93,0.0,0.0
94,0.0,0.0
95,0.0,0.0
96,0.0,0.0
97,0.0,0.0
98,0.0,0.0
99,0.0,0.0
100,0.0,0.0
101,0.0,0.0
102,0.0,0.0
103,0.0,0.0
104,0.0,0.0
105,0.0,0.0
106,0.0,0.0
107,0.0,0.0
108,0.0,0.0
109,0.0,0.0
110,0.0,0.0
111,0.0,0.0
112,0.0,0.0
113,0.0,0.0
114,0.0,0.0
115,0.0,0.0
116,0.0,0.0
117,0.0,0.0
118,0.0,0.0
119,0.0,0.0
120,0.0,0.0
121,0.0,0.0
122,0.0,0.0
123,0.0,0.0
124,0.0,0.0
125,0.0,0.0
126,0.0,0.0
127,0.0,0.0
128,0.0,0.0
129,0.0,0.0
130,0.0,0.0
131,0.0,0.0
132,0.0,0.0
133,0.0,0.0
134,0.0,0.0
135,0.0,0.0
136,0.0,0.0
137,0.0,0.0
138,0.0,0.0
139,0.0,0.0
140,0.0,0.0
141,0.0,0.0
142,0.0,0.0
143,0.0,0.0
144,0.0,0.0
145,0.0,0.0
146,0.0,0.0
147,0.0,0.0
148,0.0,0.0
149,0.0,0.0
150,0.0,0.0
151,0.0,0.0
152,0.0,0.0
153,0.0,0.0
154,0.0,0.0
155,0.0,0.0
156,0.0,0.0
157,0.0,0.0
158,0.0,0.0
159,0.0,0.0
160,0.0,0.0
161,0.0,0.0
162,0.0,0.0
163,0.0,0.0
164,0.0,0.0
165,0.0,0.0
166,0.0,0.0
167,0.0,0.0
168,0.0,0.0
169,0.0,0.0
170,0.0,0.0
171,0.0,0.0
172,0.0,0.0
173,0.0,0.0
174,0.0,0.0
175,0.0,0.0
176,0.0,0.0
177,0.0,0.0
178,0.0,0.0
179,0.0,0.0
180,0.0,0.0
181,0.0,0.0
182,0.0,0.0
183,0.0,0.0
184,0.0,0.0
185,0.0,0.0
186,0.0,0.0
187,0.0,0.0
188,0.0,0.0
189,0.0,0.0
190,0.0,0.0
191,0.0,0.0
192,0.0,0.0
