COA_SC_LN,2010,2015
1,47997.95,0.0
2,47997.95,0.0
3,39958.1,0.0
4,47997.95,0.0
5,39958.1,0.0
6,47997.95,0.0
7,47997.95,0.0
8,47997.95,27697.8
9,47997.95,28943.2
10,47997.95,28943.2
11,47997.95,22915.75
12,47997.95,21557.9
13,47997.95,28943.2
14,47997.95,28943.2
15,47997.95,27044.55
16,47997.95,27359.15
17,47997.95,28943.2
18,47997.95,28943.2
19,47997.95,28761.2
20,47997.95,25153.05
21,47997.95,17540.9
22,47997.95,0.0
23,47997.95,0.0
24,47997.95,0.0
25,15983.24,0.0
26,19199.18,0.0
27,15602.34,0.0
28,13400.66,0.0
29,13030.16,0.0
30,14414.92,0.0
31,15133.82,0.0
32,15983.24,0.0
33,19199.18,0.0
34,19199.18,0.0
35,19199.18,0.0
36,19199.18,0.0
37,19199.18,0.0
38,19199.18,0.0
39,19199.18,0.0
40,19199.18,0.0
41,19199.18,0.0
42,19199.18,0.0
43,19199.18,0.0
44,19199.18,0.0
45,19199.18,0.0
46,19199.18,0.0
47,19199.18,0.0
48,15983.24,0.0
49,26637.65,0.0
50,13195.0,0.0
51,16079.7,0.0
52,13195.0,0.0
53,16079.7,0.0
54,38413.05,0.0
55,47997.95,0.0
56,39892.45,0.0
57,47298.55,0.0
58,43212.0,0.0
59,44755.75,0.0
60,46692.1,0.0
61,39450.45,0.0
62,36751.65,0.0
63,38623.65,0.0
64,47997.95,0.0
65,47997.95,0.0
66,39145.6,0.0
67,40827.15,0.0
68,41403.05,0.0
69,40756.95,0.0
70,47997.95,0.0
71,47997.95,0.0
72,43838.6,0.0
73,5278.0,0.0
74,4235.92,0.0
75,2731.56,0.0
76,0.0,0.0
77,0.0,0.0
78,2593.24,0.0
79,4430.92,0.0
80,5278.0,0.0
81,5278.0,0.0
82,5278.0,0.0
83,9047.74,0.0
84,10683.14,0.0
85,5278.0,0.0
86,5278.0,0.0
87,5278.0,0.0
88,5278.0,0.0
89,5278.0,0.0
90,5278.0,0.0
91,5278.0,0.0
92,5278.0,0.0
93,9825.14,0.0
94,5278.0,0.0
95,7874.62,0.0
96,5278.0,0.0
97,16079.7,0.0
98,8353.15,0.0
99,4700.8,0.0
100,917.8,0.0
101,3257.15,0.0
102,13195.0,0.0
103,40999.4,0.0
104,47997.95,0.0
105,40199.25,0.0
106,38695.15,0.0
107,47782.8,0.0
108,47997.95,0.0
109,43115.8,0.0
110,38593.75,0.0
111,37607.7,0.0
112,38805.0,0.0
113,36656.75,0.0
114,47997.95,0.0
115,47997.95,0.0
116,39958.1,0.0
117,39958.1,0.0
118,45193.85,0.0
119,45193.85,0.0
120,29009.5,0.0
121,0.0,0.0
122,0.0,0.0
123,0.0,0.0
124,0.0,0.0
125,0.0,0.0
126,0.0,0.0
127,0.0,0.0
128,0.0,0.0
129,1613.82,0.0
130,6431.88,0.0
131,6431.88,0.0
132,6431.88,0.0
133,6431.88,0.0
134,6431.88,0.0
135,6431.88,0.0
136,2529.28,0.0
137,2143.44,0.0
138,6431.88,0.0
139,6431.88,0.0
140,1650.22,0.0
141,1082.9,0.0
142,6431.88,0.0
143,6431.88,0.0
144,0.0,0.0
145,37430.9,0.0
146,19620.9,0.0
147,19979.7,0.0
148,13195.0,0.0
149,19352.45,0.0
150,42636.75,0.0
151,47997.95,0.0
152,47997.95,0.0
153,47997.95,0.0
154,47997.95,0.0
155,47997.95,0.0
156,47997.95,0.0
157,47997.95,0.0
158,47997.95,0.0
159,47997.95,0.0
160,47997.95,0.0
161,47997.95,0.0
162,47997.95,0.0
163,47997.95,0.0
164,47997.95,0.0
165,47997.95,0.0
166,47997.95,0.0
167,47997.95,0.0
168,39958.1,0.0
169,9356.88,0.0
170,5278.0,0.0
171,5204.42,0.0
172,2777.32,0.0
173,2668.9,0.0
174,4815.72,0.0
175,5278.0,0.0
176,8816.34,0.0
177,9647.82,0.0
178,10275.46,0.0
179,11828.44,0.0
180,13883.74,0.0
181,9647.82,0.0
182,9647.82,0.0
183,6567.08,0.0
184,9647.82,0.0
185,9478.56,0.0
186,14710.54,0.0
187,16855.28,0.0
188,16855.28,0.0
189,13705.38,0.0
190,9271.6,0.0
191,9647.82,0.0
192,9647.82,0.0
COA_USC_LN,2010,2015
1,0.0,0.0
2,0.0,0.0
3,0.0,0.0
4,0.0,0.0
5,0.0,0.0
6,0.0,0.0
7,0.0,0.0
8,0.0,0.0
9,0.0,0.0
10,0.0,0.0
11,0.0,0.0
12,0.0,0.0
13,0.0,0.0
14,0.0,0.0
15,0.0,0.0
16,0.0,0.0
17,0.0,0.0
18,0.0,0.0
19,0.0,0.0
20,0.0,0.0
21,0.0,0.0
22,0.0,0.0
23,0.0,0.0
24,0.0,0.0
25,0.0,0.0
26,0.0,0.0
27,0.0,0.0
28,0.0,0.0
29,0.0,0.0
30,0.0,0.0
31,0.0,0.0
32,0.0,0.0
33,0.0,0.0
34,0.0,0.0
35,0.0,0.0
36,0.0,0.0
37,0.0,0.0
38,0.0,0.0
39,0.0,0.0
40,0.0,0.0
41,0.0,0.0
42,0.0,0.0
43,0.0,0.0
44,0.0,0.0
45,0.0,0.0
46,0.0,0.0
47,0.0,0.0
48,0.0,0.0
49,0.0,0.0
50,0.0,0.0
51,0.0,0.0
52,0.0,0.0
53,0.0,0.0
54,0.0,0.0
55,0.0,0.0
56,0.0,0.0
57,0.0,0.0
58,0.0,0.0
59,0.0,0.0
60,0.0,0.0
61,0.0,0.0
62,0.0,0.0
63,0.0,0.0
64,0.0,0.0
65,0.0,0.0
66,0.0,0.0
67,0.0,0.0
68,0.0,0.0
69,0.0,0.0
70,0.0,0.0
71,0.0,0.0
72,0.0,0.0
73,0.0,0.0
74,0.0,0.0
75,0.0,0.0
76,0.0,0.0
77,0.0,0.0
78,0.0,0.0
79,0.0,0.0
80,0.0,0.0
81,0.0,0.0
82,0.0,0.0
83,0.0,0.0
84,0.0,0.0
85,0.0,0.0
86,0.0,0.0
87,0.0,0.0
88,0.0,0.0
89,0.0,0.0
90,0.0,0.0
91,0.0,0.0
92,0.0,0.0
93,0.0,0.0
94,0.0,0.0
95,0.0,0.0
96,0.0,0.0
97,0.0,0.0
98,0.0,0.0
99,0.0,0.0
100,0.0,0.0
101,0.0,0.0
102,0.0,0.0
103,0.0,0.0
104,0.0,0.0
105,0.0,0.0
106,0.0,0.0
107,0.0,0.0
108,0.0,0.0
109,0.0,0.0
110,0.0,0.0
111,0.0,0.0
112,0.0,0.0
113,0.0,0.0
114,0.0,0.0
115,0.0,0.0
116,0.0,0.0
117,0.0,0.0
118,0.0,0.0
119,0.0,0.0
120,0.0,0.0
121,0.0,0.0
122,0.0,0.0
123,0.0,0.0
124,0.0,0.0
125,0.0,0.0
126,0.0,0.0
127,0.0,0.0
128,0.0,0.0
129,0.0,0.0
130,0.0,0.0
131,0.0,0.0
132,0.0,0.0
133,0.0,0.0
134,0.0,0.0
135,0.0,0.0
136,0.0,0.0
137,0.0,0.0
138,0.0,0.0
139,0.0,0.0
140,0.0,0.0
141,0.0,0.0
142,0.0,0.0
143,0.0,0.0
144,0.0,0.0
145,0.0,0.0
146,0.0,0.0
147,0.0,0.0
148,0.0,0.0
149,0.0,0.0
150,0.0,0.0
151,0.0,0.0
152,0.0,0.0
153,0.0,0.0
154,0.0,0.0
155,0.0,0.0
156,0.0,0.0
157,0.0,0.0
158,0.0,0.0
159,0.0,0.0
160,0.0,0.0
161,0.0,0.0
162,0.0,0.0
163,0.0,0.0
164,0.0,0.0
165,0.0,0.0
166,0.0,0.0
167,0.0,0.0
168,0.0,0.0
169,0.0,0.0
170,0.0,0.0
171,0.0,0.0
172,0.0,0.0
173,0.0,0.0
174,0.0,0.0
175,0.0,0.0
176,0.0,0.0
177,0.0,0.0
178,0.0,0.0
179,0.0,0.0
180,0.0,0.0
181,0.0,0.0
182,0.0,0.0
183,0.0,0.0
184,0.0,0.0
185,0.0,0.0
186,0.0,0.0
187,0.0,0.0
188,0.0,0.0
189,0.0,0.0
190,0.0,0.0
191,0.0,0.0
192,0.0,0.0
COA_IGCC_LN,2010,2015
1,0.0,0.0
2,0.0,0.0
3,0.0,0.0
4,0.0,0.0
5,0.0,0.0
6,0.0,0.0
7,0.0,0.0
8,0.0,0.0
9,0.0,0.0
10,0.0,0.0
11,0.0,0.0
12,0.0,0.0
13,0.0,0.0
14,0.0,0.0
15,0.0,0.0
16,0.0,0.0
17,0.0,0.0
18,0.0,0.0
19,0.0,0.0
20,0.0,0.0
21,0.0,0.0
22,0.0,0.0
23,0.0,0.0
24,0.0,0.0
25,0.0,0.0
26,0.0,0.0
27,0.0,0.0
28,0.0,0.0
29,0.0,0.0
30,0.0,0.0
31,0.0,0.0
32,0.0,0.0
33,0.0,0.0
34,0.0,0.0
35,0.0,0.0
36,0.0,0.0
37,0.0,0.0
38,0.0,0.0
39,0.0,0.0
40,0.0,0.0
41,0.0,0.0
42,0.0,0.0
43,0.0,0.0
44,0.0,0.0
45,0.0,0.0
46,0.0,0.0
47,0.0,0.0
48,0.0,0.0
49,0.0,0.0
50,0.0,0.0
51,0.0,0.0
52,0.0,0.0
53,0.0,0.0
54,0.0,0.0
55,0.0,0.0
56,0.0,0.0
57,0.0,0.0
58,0.0,0.0
59,0.0,0.0
60,0.0,0.0
61,0.0,0.0
62,0.0,0.0
63,0.0,0.0
64,0.0,0.0
65,0.0,0.0
66,0.0,0.0
67,0.0,0.0
68,0.0,0.0
69,0.0,0.0
70,0.0,0.0
71,0.0,0.0
72,0.0,0.0
73,0.0,0.0
74,0.0,0.0
75,0.0,0.0
76,0.0,0.0
77,0.0,0.0
78,0.0,0.0
79,0.0,0.0
80,0.0,0.0
81,0.0,0.0
82,0.0,0.0
83,0.0,0.0
84,0.0,0.0
85,0.0,0.0
86,0.0,0.0
87,0.0,0.0
88,0.0,0.0
89,0.0,0.0
90,0.0,0.0
91,0.0,0.0
92,0.0,0.0
93,0.0,0.0
94,0.0,0.0
95,0.0,0.0
96,0.0,0.0
97,0.0,0.0
98,0.0,0.0
99,0.0,0.0
100,0.0,0.0
101,0.0,0.0
102,0.0,0.0
103,0.0,0.0
104,0.0,0.0
105,0.0,0.0
106,0.0,0.0
107,0.0,0.0
108,0.0,0.0
109,0.0,0.0
110,0.0,0.0
111,0.0,0.0
112,0.0,0.0
113,0.0,0.0
114,0.0,0.0
115,0.0,0.0
116,0.0,0.0
117,0.0,0.0
118,0.0,0.0
119,0.0,0.0
120,0.0,0.0
121,0.0,0.0
122,0.0,0.0
123,0.0,0.0
124,0.0,0.0
125,0.0,0.0
126,0.0,0.0
127,0.0,0.0
128,0.0,0.0
129,0.0,0.0
130,0.0,0.0
131,0.0,0.0
132,0.0,0.0
133,0.0,0.0
134,0.0,0.0
135,0.0,0.0
136,0.0,0.0
137,0.0,0.0
138,0.0,0.0
139,0.0,0.0
140,0.0,0.0
141,0.0,0.0
142,0.0,0.0
143,0.0,0.0
144,0.0,0.0
145,0.0,0.0
146,0.0,0.0
147,0.0,0.0
148,0.0,0.0
149,0.0,0.0
150,0.0,0.0
151,0.0,0.0
152,0.0,0.0
153,0.0,0.0
154,0.0,0.0
155,0.0,0.0
156,0.0,0.0
157,0.0,0.0
158,0.0,0.0
159,0.0,0.0
160,0.0,0.0
161,0.0,0.0
162,0.0,0.0
163,0.0,0.0
164,0.0,0.0
165,0.0,0.0
166,0.0,0.0
167,0.0,0.0
168,0.0,0.0
169,0.0,0.0
170,0.0,0.0
171,0.0,0.0
172,0.0,0.0
173,0.0,0.0
174,0.0,0.0
175,0.0,0.0
176,0.0,0.0
177,0.0,0.0
178,0.0,0.0
179,0.0,0.0
180,0.0,0.0
181,0.0,0.0
182,0.0,0.0
183,0.0,0.0
184,0.0,0.0
185,0.0,0.0
186,0.0,0.0
187,0.0,0.0
188,0.0,0.0
189,0.0,0.0
190,0.0,0.0
191,0.0,0.0
192,0.0,0.0
COA_USC_POS_CCS_LN,2010,2015
1,0.0,0.0
2,0.0,0.0
3,0.0,0.0
4,0.0,0.0
5,0.0,0.0
6,0.0,0.0
7,0.0,0.0
8,0.0,0.0
9,0.0,0.0
10,0.0,0.0
11,0.0,0.0
12,0.0,0.0
13,0.0,0.0
14,0.0,0.0
15,0.0,0.0
16,0.0,0.0
17,0.0,0.0
18,0.0,0.0
19,0.0,0.0
20,0.0,0.0
21,0.0,0.0
22,0.0,0.0
23,0.0,0.0
24,0.0,0.0
25,0.0,0.0
26,0.0,0.0
27,0.0,0.0
28,0.0,0.0
29,0.0,0.0
30,0.0,0.0
31,0.0,0.0
32,0.0,0.0
33,0.0,0.0
34,0.0,0.0
35,0.0,0.0
36,0.0,0.0
37,0.0,0.0
38,0.0,0.0
39,0.0,0.0
40,0.0,0.0
41,0.0,0.0
42,0.0,0.0
43,0.0,0.0
44,0.0,0.0
45,0.0,0.0
46,0.0,0.0
47,0.0,0.0
48,0.0,0.0
49,0.0,0.0
50,0.0,0.0
51,0.0,0.0
52,0.0,0.0
53,0.0,0.0
54,0.0,0.0
55,0.0,0.0
56,0.0,0.0
57,0.0,0.0
58,0.0,0.0
59,0.0,0.0
60,0.0,0.0
61,0.0,0.0
62,0.0,0.0
63,0.0,0.0
64,0.0,0.0
65,0.0,0.0
66,0.0,0.0
67,0.0,0.0
68,0.0,0.0
69,0.0,0.0
70,0.0,0.0
71,0.0,0.0
72,0.0,0.0
73,0.0,0.0
74,0.0,0.0
75,0.0,0.0
76,0.0,0.0
77,0.0,0.0
78,0.0,0.0
79,0.0,0.0
80,0.0,0.0
81,0.0,0.0
82,0.0,0.0
83,0.0,0.0
84,0.0,0.0
85,0.0,0.0
86,0.0,0.0
87,0.0,0.0
88,0.0,0.0
89,0.0,0.0
90,0.0,0.0
91,0.0,0.0
92,0.0,0.0
93,0.0,0.0
94,0.0,0.0
95,0.0,0.0
96,0.0,0.0
97,0.0,0.0
98,0.0,0.0
99,0.0,0.0
100,0.0,0.0
101,0.0,0.0
102,0.0,0.0
103,0.0,0.0
104,0.0,0.0
105,0.0,0.0
106,0.0,0.0
107,0.0,0.0
108,0.0,0.0
109,0.0,0.0
110,0.0,0.0
111,0.0,0.0
112,0.0,0.0
113,0.0,0.0
114,0.0,0.0
115,0.0,0.0
116,0.0,0.0
117,0.0,0.0
118,0.0,0.0
119,0.0,0.0
120,0.0,0.0
121,0.0,0.0
122,0.0,0.0
123,0.0,0.0
124,0.0,0.0
125,0.0,0.0
126,0.0,0.0
127,0.0,0.0
128,0.0,0.0
129,0.0,0.0
130,0.0,0.0
131,0.0,0.0
132,0.0,0.0
133,0.0,0.0
134,0.0,0.0
135,0.0,0.0
136,0.0,0.0
137,0.0,0.0
138,0.0,0.0
139,0.0,0.0
140,0.0,0.0
141,0.0,0.0
142,0.0,0.0
143,0.0,0.0
144,0.0,0.0
145,0.0,0.0
146,0.0,0.0
147,0.0,0.0
148,0.0,0.0
149,0.0,0.0
150,0.0,0.0
151,0.0,0.0
152,0.0,0.0
153,0.0,0.0
154,0.0,0.0
155,0.0,0.0
156,0.0,0.0
157,0.0,0.0
158,0.0,0.0
159,0.0,0.0
160,0.0,0.0
161,0.0,0.0
162,0.0,0.0
163,0.0,0.0
164,0.0,0.0
165,0.0,0.0
166,0.0,0.0
167,0.0,0.0
168,0.0,0.0
169,0.0,0.0
170,0.0,0.0
171,0.0,0.0
172,0.0,0.0
173,0.0,0.0
174,0.0,0.0
175,0.0,0.0
176,0.0,0.0
177,0.0,0.0
178,0.0,0.0
179,0.0,0.0
180,0.0,0.0
181,0.0,0.0
182,0.0,0.0
183,0.0,0.0
184,0.0,0.0
185,0.0,0.0
186,0.0,0.0
187,0.0,0.0
188,0.0,0.0
189,0.0,0.0
190,0.0,0.0
191,0.0,0.0
192,0.0,0.0
GAS_GT,2010,2015
1,0.0,0.0
2,0.0,0.0
3,0.0,0.0
4,0.0,0.0
5,0.0,0.0
6,0.0,0.0
7,0.0,8437.0
8,0.0,36957.7
9,0.0,36957.7
10,0.0,36957.7
11,0.0,10062.0
12,0.0,11492.0
13,0.0,36957.7
14,0.0,36957.7
15,0.0,36957.7
16,0.0,36957.7
17,0.0,36957.7
18,0.0,36957.7
19,0.0,36957.7
20,0.0,36957.7
21,0.0,36957.7
22,0.0,1122.55
23,0.0,306.8
24,0.0,0.0
25,0.0,0.0
26,0.0,0.0
27,0.0,0.0
28,0.0,0.0
29,0.0,0.0
30,0.0,0.0
31,0.0,0.0
32,0.0,0.0
33,0.0,0.0
34,0.0,0.0
35,0.0,0.0
36,0.0,0.0
37,0.0,0.0
38,0.0,0.0
39,0.0,0.0
40,0.0,0.0
41,0.0,0.0
42,0.0,0.0
43,0.0,0.0
44,0.0,0.0
45,0.0,0.0
46,0.0,0.0
47,0.0,0.0
48,0.0,0.0
49,0.0,0.0
50,0.0,0.0
51,0.0,0.0
52,0.0,0.0
53,0.0,0.0
54,0.0,0.0
55,0.0,0.0
56,0.0,0.0
57,0.0,0.0
58,0.0,0.0
59,0.0,0.0
60,0.0,0.0
61,0.0,0.0
62,0.0,0.0
63,0.0,0.0
64,0.0,0.0
65,0.0,0.0
66,0.0,0.0
67,0.0,0.0
68,0.0,0.0
69,0.0,0.0
70,0.0,0.0
71,0.0,0.0
72,0.0,0.0
73,0.0,0.0
74,0.0,0.0
75,0.0,0.0
76,0.0,0.0
77,0.0,0.0
78,0.0,0.0
79,0.0,0.0
80,0.0,0.0
81,0.0,0.0
82,0.0,0.0
83,0.0,0.0
84,0.0,0.0
85,0.0,0.0
86,0.0,0.0
87,0.0,0.0
88,0.0,0.0
89,0.0,0.0
90,0.0,0.0
91,0.0,0.0
92,0.0,0.0
93,0.0,0.0
94,0.0,0.0
95,0.0,0.0
96,0.0,0.0
97,0.0,0.0
98,0.0,0.0
99,0.0,0.0
100,0.0,0.0
101,0.0,0.0
102,0.0,0.0
103,0.0,0.0
104,0.0,0.0
105,0.0,0.0
106,0.0,0.0
107,0.0,0.0
108,0.0,0.0
109,0.0,0.0
110,0.0,0.0
111,0.0,0.0
112,0.0,0.0
113,0.0,0.0
114,0.0,0.0
115,0.0,0.0
116,0.0,0.0
117,0.0,0.0
118,0.0,0.0
119,0.0,0.0
120,0.0,0.0
121,0.0,0.0
122,0.0,0.0
123,0.0,0.0
124,0.0,0.0
125,0.0,0.0
126,0.0,0.0
127,0.0,0.0
128,0.0,0.0
129,0.0,0.0
130,0.0,0.0
131,0.0,0.0
132,0.0,0.0
133,0.0,0.0
134,0.0,0.0
135,0.0,0.0
136,0.0,0.0
137,0.0,0.0
138,0.0,0.0
139,0.0,0.0
140,0.0,0.0
141,0.0,0.0
142,0.0,0.0
143,0.0,0.0
144,0.0,0.0
145,0.0,0.0
146,0.0,0.0
147,0.0,0.0
148,0.0,0.0
149,0.0,0.0
150,0.0,0.0
151,0.0,0.0
152,0.0,14801.15
153,0.0,11459.5
154,0.0,8212.75
155,0.0,0.0
156,0.0,0.0
157,0.0,0.0
158,0.0,0.0
159,0.0,0.0
160,0.0,0.0
161,0.0,0.0
162,0.0,8212.75
163,0.0,16247.4
164,0.0,25752.35
165,0.0,0.0
166,0.0,0.0
167,0.0,0.0
168,0.0,0.0
169,0.0,0.0
170,0.0,0.0
171,0.0,0.0
172,0.0,0.0
173,0.0,0.0
174,0.0,0.0
175,0.0,0.0
176,0.0,0.0
177,0.0,0.0
178,0.0,0.0
179,0.0,0.0
180,0.0,0.0
181,0.0,0.0
182,0.0,0.0
183,0.0,0.0
184,0.0,0.0
185,0.0,0.0
186,0.0,0.0
187,0.0,0.0
188,0.0,0.0
189,0.0,0.0
190,0.0,0.0
191,0.0,0.0
192,0.0,0.0
GAS_CC,2010,2015
1,0.0,24731.2
2,0.0,11485.5
3,0.0,11485.5
4,0.0,11485.5
5,0.0,11485.5
6,0.0,31591.95
7,31047.9,30948.45
8,45583.2,32733.35
9,45588.4,41347.15
10,45597.5,41347.15
11,45597.5,41347.15
12,45597.5,41347.15
13,45597.5,41347.15
14,45597.5,41347.15
15,45597.5,32909.5
16,45597.5,32733.35
17,45597.5,41347.15
18,45597.5,41347.15
19,45597.5,32733.35
20,45597.5,41347.15
21,35218.95,26990.6
22,31493.15,41347.15
23,30864.6,41347.15
24,25398.1,40375.4
25,0.0,4594.2
26,0.0,0.0
27,0.0,0.0
28,0.0,0.0
29,0.0,0.0
30,0.0,0.0
31,0.0,0.0
32,0.0,4594.2
33,0.0,6196.84
34,0.0,15433.08
35,0.0,14860.56
36,0.0,16497.78
37,0.0,8867.04
38,0.0,8275.28
39,0.0,6933.94
40,0.0,11467.82
41,0.0,15545.14
42,16501.42,16538.86
43,16854.5,15984.02
44,8725.34,15156.96
45,0.0,4906.72
46,0.0,4594.2
47,0.0,4594.2
48,0.0,4594.2
49,0.0,0.0
50,0.0,0.0
51,0.0,0.0
52,0.0,0.0
53,0.0,0.0
54,0.0,0.0
55,0.0,25200.5
56,11485.5,24119.55
57,11485.5,41304.9
58,11485.5,25238.85
59,11485.5,23974.6
60,11485.5,23949.9
61,11485.5,25842.05
62,11485.5,25842.05
63,11485.5,25842.05
64,0.0,25707.5
65,0.0,29463.2
66,11485.5,31363.8
67,11485.5,31447.0
68,11485.5,22927.45
69,11485.5,22936.55
70,0.0,11485.5
71,0.0,11485.5
72,0.0,0.0
73,0.0,0.0
74,0.0,0.0
75,0.0,0.0
76,0.0,0.0
77,0.0,0.0
78,0.0,0.0
79,0.0,0.0
80,0.0,0.0
81,0.0,0.0
82,0.0,0.0
83,0.0,0.0
84,0.0,0.0
85,0.0,0.0
86,0.0,0.0
87,0.0,0.0
88,0.0,0.0
89,0.0,0.0
90,0.0,0.0
91,0.0,0.0
92,0.0,0.0
93,0.0,0.0
94,0.0,0.0
95,0.0,0.0
96,0.0,0.0
97,0.0,0.0
98,0.0,0.0
99,0.0,0.0
100,0.0,0.0
101,0.0,0.0
102,0.0,0.0
103,0.0,10798.45
104,1843.4,24849.5
105,11485.5,34746.4
106,11485.5,26312.0
107,14121.9,33014.8
108,19036.55,41291.25
109,11485.5,25842.05
110,11485.5,25842.05
111,11485.5,22780.55
112,11485.5,20803.9
113,11485.5,21979.1
114,0.0,24090.95
115,8147.1,24975.6
116,0.0,24119.55
117,0.0,24469.9
118,0.0,12279.15
119,0.0,14171.95
120,0.0,0.0
121,0.0,0.0
122,0.0,0.0
123,0.0,0.0
124,0.0,0.0
125,0.0,0.0
126,0.0,0.0
127,0.0,0.0
128,0.0,0.0
129,0.0,0.0
130,0.0,0.0
131,0.0,0.0
132,0.0,0.0
133,0.0,0.0
134,0.0,0.0
135,0.0,0.0
136,0.0,0.0
137,0.0,0.0
138,0.0,0.0
139,0.0,0.0
140,0.0,0.0
141,0.0,0.0
142,0.0,0.0
143,0.0,0.0
144,0.0,0.0
145,0.0,0.0
146,0.0,0.0
147,0.0,0.0
148,0.0,0.0
149,0.0,0.0
150,0.0,2271.75
151,0.0,28762.5
152,35260.55,41347.15
153,35260.55,37039.6
154,35260.55,31044.65
155,35260.55,41347.15
156,35260.55,41312.7
157,35260.55,25653.55
158,35686.3,25630.8
159,27732.9,24119.55
160,28184.65,24119.55
161,19912.1,24119.55
162,30927.0,27203.8
163,45597.5,41347.15
164,45597.5,26990.6
165,20148.05,41347.15
166,0.0,13531.7
167,0.0,12509.25
168,0.0,6526.65
169,0.0,0.0
170,0.0,0.0
171,0.0,0.0
172,0.0,0.0
173,0.0,0.0
174,0.0,0.0
175,0.0,0.0
176,0.0,0.0
177,0.0,0.0
178,0.0,0.0
179,0.0,0.0
180,0.0,0.0
181,0.0,0.0
182,0.0,0.0
183,0.0,0.0
184,0.0,0.0
185,0.0,0.0
186,0.0,0.0
187,0.0,0.0
188,0.0,0.0
189,0.0,0.0
190,0.0,0.0
191,0.0,0.0
192,0.0,0.0
GAS_NGCC_POS_CCS,2010,2015
1,0.0,0.0
2,0.0,0.0
3,0.0,0.0
4,0.0,0.0
5,0.0,0.0
6,0.0,0.0
7,0.0,0.0
8,0.0,0.0
9,0.0,0.0
10,0.0,0.0
11,0.0,0.0
12,0.0,0.0
13,0.0,0.0
14,0.0,0.0
15,0.0,0.0
16,0.0,0.0
17,0.0,0.0
18,0.0,0.0
19,0.0,0.0
20,0.0,0.0
21,0.0,0.0
22,0.0,0.0
23,0.0,0.0
24,0.0,0.0
25,0.0,0.0
26,0.0,0.0
27,0.0,0.0
28,0.0,0.0
29,0.0,0.0
30,0.0,0.0
31,0.0,0.0
32,0.0,0.0
33,0.0,0.0
34,0.0,0.0
35,0.0,0.0
36,0.0,0.0
37,0.0,0.0
38,0.0,0.0
39,0.0,0.0
40,0.0,0.0
41,0.0,0.0
42,0.0,0.0
43,0.0,0.0
44,0.0,0.0
45,0.0,0.0
46,0.0,0.0
47,0.0,0.0
48,0.0,0.0
49,0.0,0.0
50,0.0,0.0
51,0.0,0.0
52,0.0,0.0
53,0.0,0.0
54,0.0,0.0
55,0.0,0.0
56,0.0,0.0
57,0.0,0.0
58,0.0,0.0
59,0.0,0.0
60,0.0,0.0
61,0.0,0.0
62,0.0,0.0
63,0.0,0.0
64,0.0,0.0
65,0.0,0.0
66,0.0,0.0
67,0.0,0.0
68,0.0,0.0
69,0.0,0.0
70,0.0,0.0
71,0.0,0.0
72,0.0,0.0
73,0.0,0.0
74,0.0,0.0
75,0.0,0.0
76,0.0,0.0
77,0.0,0.0
78,0.0,0.0
79,0.0,0.0
80,0.0,0.0
81,0.0,0.0
82,0.0,0.0
83,0.0,0.0
84,0.0,0.0
85,0.0,0.0
86,0.0,0.0
87,0.0,0.0
88,0.0,0.0
89,0.0,0.0
90,0.0,0.0
91,0.0,0.0
92,0.0,0.0
93,0.0,0.0
94,0.0,0.0
95,0.0,0.0
96,0.0,0.0
97,0.0,0.0
98,0.0,0.0
99,0.0,0.0
100,0.0,0.0
101,0.0,0.0
102,0.0,0.0
103,0.0,0.0
104,0.0,0.0
105,0.0,0.0
106,0.0,0.0
107,0.0,0.0
108,0.0,0.0
109,0.0,0.0
110,0.0,0.0
111,0.0,0.0
112,0.0,0.0
113,0.0,0.0
114,0.0,0.0
115,0.0,0.0
116,0.0,0.0
117,0.0,0.0
118,0.0,0.0
119,0.0,0.0
120,0.0,0.0
121,0.0,0.0
122,0.0,0.0
123,0.0,0.0
124,0.0,0.0
125,0.0,0.0
126,0.0,0.0
127,0.0,0.0
128,0.0,0.0
129,0.0,0.0
130,0.0,0.0
131,0.0,0.0
132,0.0,0.0
133,0.0,0.0
134,0.0,0.0
135,0.0,0.0
136,0.0,0.0
137,0.0,0.0
138,0.0,0.0
139,0.0,0.0
140,0.0,0.0
141,0.0,0.0
142,0.0,0.0
143,0.0,0.0
144,0.0,0.0
145,0.0,0.0
146,0.0,0.0
147,0.0,0.0
148,0.0,0.0
149,0.0,0.0
150,0.0,0.0
151,0.0,0.0
152,0.0,0.0
153,0.0,0.0
154,0.0,0.0
155,0.0,0.0
156,0.0,0.0
157,0.0,0.0
158,0.0,0.0
159,0.0,0.0
160,0.0,0.0
161,0.0,0.0
162,0.0,0.0
163,0.0,0.0
164,0.0,0.0
165,0.0,0.0
166,0.0,0.0
167,0.0,0.0
168,0.0,0.0
169,0.0,0.0
170,0.0,0.0
171,0.0,0.0
172,0.0,0.0
173,0.0,0.0
174,0.0,0.0
175,0.0,0.0
176,0.0,0.0
177,0.0,0.0
178,0.0,0.0
179,0.0,0.0
180,0.0,0.0
181,0.0,0.0
182,0.0,0.0
183,0.0,0.0
184,0.0,0.0
185,0.0,0.0
186,0.0,0.0
187,0.0,0.0
188,0.0,0.0
189,0.0,0.0
190,0.0,0.0
191,0.0,0.0
192,0.0,0.0
GAS_NGCC_OXY_CCS,2010,2015
1,0.0,0.0
2,0.0,0.0
3,0.0,0.0
4,0.0,0.0
5,0.0,0.0
6,0.0,0.0
7,0.0,0.0
8,0.0,0.0
9,0.0,0.0
10,0.0,0.0
11,0.0,0.0
12,0.0,0.0
13,0.0,0.0
14,0.0,0.0
15,0.0,0.0
16,0.0,0.0
17,0.0,0.0
18,0.0,0.0
19,0.0,0.0
20,0.0,0.0
21,0.0,0.0
22,0.0,0.0
23,0.0,0.0
24,0.0,0.0
25,0.0,0.0
26,0.0,0.0
27,0.0,0.0
28,0.0,0.0
29,0.0,0.0
30,0.0,0.0
31,0.0,0.0
32,0.0,0.0
33,0.0,0.0
34,0.0,0.0
35,0.0,0.0
36,0.0,0.0
37,0.0,0.0
38,0.0,0.0
39,0.0,0.0
40,0.0,0.0
41,0.0,0.0
42,0.0,0.0
43,0.0,0.0
44,0.0,0.0
45,0.0,0.0
46,0.0,0.0
47,0.0,0.0
48,0.0,0.0
49,0.0,0.0
50,0.0,0.0
51,0.0,0.0
52,0.0,0.0
53,0.0,0.0
54,0.0,0.0
55,0.0,0.0
56,0.0,0.0
57,0.0,0.0
58,0.0,0.0
59,0.0,0.0
60,0.0,0.0
61,0.0,0.0
62,0.0,0.0
63,0.0,0.0
64,0.0,0.0
65,0.0,0.0
66,0.0,0.0
67,0.0,0.0
68,0.0,0.0
69,0.0,0.0
70,0.0,0.0
71,0.0,0.0
72,0.0,0.0
73,0.0,0.0
74,0.0,0.0
75,0.0,0.0
76,0.0,0.0
77,0.0,0.0
78,0.0,0.0
79,0.0,0.0
80,0.0,0.0
81,0.0,0.0
82,0.0,0.0
83,0.0,0.0
84,0.0,0.0
85,0.0,0.0
86,0.0,0.0
87,0.0,0.0
88,0.0,0.0
89,0.0,0.0
90,0.0,0.0
91,0.0,0.0
92,0.0,0.0
93,0.0,0.0
94,0.0,0.0
95,0.0,0.0
96,0.0,0.0
97,0.0,0.0
98,0.0,0.0
99,0.0,0.0
100,0.0,0.0
101,0.0,0.0
102,0.0,0.0
103,0.0,0.0
104,0.0,0.0
105,0.0,0.0
106,0.0,0.0
107,0.0,0.0
108,0.0,0.0
109,0.0,0.0
110,0.0,0.0
111,0.0,0.0
112,0.0,0.0
113,0.0,0.0
114,0.0,0.0
115,0.0,0.0
116,0.0,0.0
117,0.0,0.0
118,0.0,0.0
119,0.0,0.0
120,0.0,0.0
121,0.0,0.0
122,0.0,0.0
123,0.0,0.0
124,0.0,0.0
125,0.0,0.0
126,0.0,0.0
127,0.0,0.0
128,0.0,0.0
129,0.0,0.0
130,0.0,0.0
131,0.0,0.0
132,0.0,0.0
133,0.0,0.0
134,0.0,0.0
135,0.0,0.0
136,0.0,0.0
137,0.0,0.0
138,0.0,0.0
139,0.0,0.0
140,0.0,0.0
141,0.0,0.0
142,0.0,0.0
143,0.0,0.0
144,0.0,0.0
145,0.0,0.0
146,0.0,0.0
147,0.0,0.0
148,0.0,0.0
149,0.0,0.0
150,0.0,0.0
151,0.0,0.0
152,0.0,0.0
153,0.0,0.0
154,0.0,0.0
155,0.0,0.0
156,0.0,0.0
157,0.0,0.0
158,0.0,0.0
159,0.0,0.0
160,0.0,0.0
161,0.0,0.0
162,0.0,0.0
163,0.0,0.0
164,0.0,0.0
165,0.0,0.0
166,0.0,0.0
167,0.0,0.0
168,0.0,0.0
169,0.0,0.0
170,0.0,0.0
171,0.0,0.0
172,0.0,0.0
173,0.0,0.0
174,0.0,0.0
175,0.0,0.0
176,0.0,0.0
177,0.0,0.0
178,0.0,0.0
179,0.0,0.0
180,0.0,0.0
181,0.0,0.0
182,0.0,0.0
183,0.0,0.0
184,0.0,0.0
185,0.0,0.0
186,0.0,0.0
187,0.0,0.0
188,0.0,0.0
189,0.0,0.0
190,0.0,0.0
191,0.0,0.0
192,0.0,0.0
NUK_LWR,2010,2015
1,91884.0,88293.4
2,91884.0,93241.85
3,91884.0,93241.85
4,91884.0,81313.05
5,91884.0,90081.55
6,91884.0,83755.1
7,91884.0,90506.0
8,91884.0,90506.0
9,91884.0,90506.0
10,91884.0,90506.0
11,91884.0,90506.0
12,91884.0,90506.0
13,91884.0,90506.0
14,91884.0,90506.0
15,91884.0,90506.0
16,91884.0,90506.0
17,91884.0,90506.0
18,91884.0,90506.0
19,91884.0,90506.0
20,91884.0,90506.0
21,91884.0,90506.0
22,91884.0,90506.0
23,91884.0,90506.0
24,91884.0,79992.9
25,36753.6,36100.48
26,36753.6,32159.4
27,36753.6,32159.4
28,36753.6,36733.58
29,36753.6,36736.18
30,36753.6,32012.76
31,36753.6,32159.4
32,36753.6,35724.0
33,36753.6,36227.88
34,36753.6,33218.12
35,36753.6,36753.6
36,36753.6,36753.6
37,36753.6,33629.44
38,36753.6,34220.94
39,36753.6,35508.46
40,36753.6,35156.94
41,36753.6,33144.54
42,36753.6,36753.6
43,36753.6,32714.24
44,36753.6,33530.12
45,36753.6,37535.68
46,36753.6,37845.6
47,36753.6,37848.2
48,36753.6,35961.12
49,91884.0,91884.0
50,91884.0,80398.5
51,89435.45,80398.5
52,91884.0,80398.5
53,91016.25,91884.0
54,91884.0,80010.45
55,91884.0,81038.1
56,91884.0,91884.0
57,91884.0,91884.0
58,91884.0,91884.0
59,91884.0,91884.0
60,91884.0,91884.0
61,91884.0,91884.0
62,91884.0,91884.0
63,91884.0,91884.0
64,91884.0,91884.0
65,91884.0,81178.5
66,91884.0,91884.0
67,91884.0,91884.0
68,91884.0,83411.25
69,91884.0,87280.05
70,91884.0,88838.75
71,91884.0,85407.4
72,91884.0,80068.3
73,36753.6,32159.4
74,36753.6,32159.4
75,36753.6,32159.4
76,36687.3,32159.4
77,36686.26,32159.4
78,36753.6,32159.4
79,36753.6,32159.4
80,36753.6,36753.6
81,36753.6,36753.6
82,36753.6,32159.4
83,35467.12,36753.6
84,36753.6,32159.4
85,36753.6,36753.6
86,36753.6,32159.4
87,36753.6,32159.4
88,36753.6,32159.4
89,36753.6,32159.4
90,36753.6,32159.4
91,36753.6,32159.4
92,36753.6,36753.6
93,36753.6,36753.6
94,36753.6,32159.4
95,35467.12,32159.4
96,36753.6,32159.4
97,90958.4,80398.5
98,91884.0,91884.0
99,91884.0,91884.0
100,91795.6,80398.5
101,91884.0,91884.0
102,91884.0,80386.15
103,91884.0,91884.0
104,91884.0,91884.0
105,91884.0,91884.0
106,91884.0,91884.0
107,91884.0,91884.0
108,91884.0,91884.0
109,91884.0,91884.0
110,91884.0,91884.0
111,91884.0,91884.0
112,91884.0,91884.0
113,91884.0,91884.0
114,91884.0,91884.0
115,91884.0,91884.0
116,91884.0,91884.0
117,91884.0,91884.0
118,91884.0,91884.0
119,91884.0,84321.25
120,91884.0,80398.5
121,36753.6,36753.6
122,36628.8,32159.4
123,36599.94,32159.4
124,36698.74,32159.4
125,36698.74,32159.4
126,36698.74,32159.4
127,36753.6,36753.6
128,36753.6,32159.4
129,36753.6,32159.4
130,31405.14,32159.4
131,33447.96,32159.4
132,35018.62,32159.4
133,32628.7,32159.4
134,30732.0,32159.4
135,31199.48,36753.6
136,36753.6,36753.6
137,36753.6,36753.6
138,31872.36,32159.4
139,31624.32,32159.4
140,36753.6,32159.4
141,36753.6,32159.4
142,32604.0,32159.4
143,32462.56,32159.4
144,36753.6,36753.6
145,91884.0,90402.65
146,91723.45,90506.0
147,91723.45,79020.5
148,91884.0,79020.5
149,91723.45,79595.1
150,91884.0,79020.5
151,91884.0,90506.0
152,91884.0,90506.0
153,91884.0,90506.0
154,91884.0,90506.0
155,91884.0,90506.0
156,91884.0,90506.0
157,91884.0,90506.0
158,91884.0,90506.0
159,91884.0,90506.0
160,91884.0,90506.0
161,91884.0,90506.0
162,91884.0,90506.0
163,91884.0,90506.0
164,91884.0,90506.0
165,91884.0,90506.0
166,91884.0,91195.65
167,91884.0,92200.55
168,91884.0,78739.7
169,35467.12,32159.4
170,36753.6,32159.4
171,36753.6,32159.4
172,36750.74,32159.4
173,36753.6,32159.4
174,36753.6,32159.4
175,36753.6,32159.4
176,35467.12,36753.6
177,36448.88,32118.84
178,36753.6,32159.4
179,36753.6,32159.4
180,36753.6,32159.4
181,36704.2,32159.4
182,35766.64,36753.6
183,35467.12,36753.6
184,35615.58,36753.6
185,35467.12,36753.6
186,36753.6,32063.46
187,36753.6,32072.82
188,36753.6,32084.52
189,36753.6,36721.1
190,35467.12,32159.4
191,36346.96,36753.6
192,35671.22,32159.4
REW_HYD_LG,2010,2015
1,10284.95,22627.15
2,9831.25,21628.75
3,9558.25,21028.15
4,9252.75,20356.05
5,9358.05,20587.45
6,10153.65,22338.55
7,11477.05,25249.25
8,12902.5,28385.5
9,13435.5,29558.1
10,13697.45,30134.65
11,13889.2,30556.5
12,13962.0,30716.4
13,13587.6,29892.2
14,13444.6,29577.6
15,13279.5,29214.9
16,13191.75,29021.85
17,13482.3,29660.8
18,14187.55,31212.35
19,14092.0,31002.4
20,13500.5,29701.1
21,12580.1,27675.7
22,11660.35,25652.25
23,11712.35,25766.65
24,10914.8,24012.3
25,4587.7,10092.94
26,4364.1,9601.02
27,4222.92,9290.32
28,4046.9,8903.18
29,4013.88,8830.64
30,4119.18,9062.3
31,4175.08,9185.28
32,4552.08,10014.68
33,4864.08,10701.08
34,5173.74,11382.02
35,5378.88,11833.64
36,5495.88,12091.04
37,5311.8,11685.96
38,5190.12,11418.16
39,5087.68,11193.0
40,5059.86,11131.9
41,5223.92,11492.52
42,5580.38,12276.94
43,5605.08,12331.28
44,5449.86,11989.9
45,5183.62,11403.86
46,4876.3,10727.86
47,5047.9,11105.38
48,4762.68,10478.0
49,10060.05,22131.85
50,9458.8,20809.1
51,9210.5,20263.1
52,8965.45,19724.25
53,9197.5,20234.5
54,10294.05,22646.65
55,11934.0,26254.8
56,13274.3,29203.2
57,13889.2,30556.5
58,14049.75,30909.45
59,14266.85,31386.55
60,14460.55,31812.95
61,13997.75,30795.05
62,13815.1,30392.7
63,13583.7,29884.4
64,13356.2,29383.9
65,13089.7,28797.6
66,12978.55,28552.55
67,12902.5,28385.5
68,12936.3,28459.6
69,12957.75,28507.05
70,12093.25,26605.15
71,11833.9,26035.1
72,10828.35,23821.85
73,4721.08,10386.48
74,4395.82,9670.7
75,4264.52,9381.84
76,4083.82,8984.3
77,4069.0,8951.8
78,4220.58,9285.38
79,4350.58,9571.38
80,4723.68,10392.2
81,5081.7,11179.74
82,5362.24,11796.72
83,5532.28,12171.12
84,5673.72,12482.08
85,5410.6,11903.32
86,5190.38,11418.94
87,5021.38,11047.14
88,4918.16,10820.16
89,4879.68,10735.4
90,4943.38,10875.54
91,5034.64,11076.0
92,5195.58,11430.38
93,5346.38,11762.14
94,5067.4,11148.28
95,5134.22,11295.18
96,4753.58,10457.98
97,9881.3,21738.6
98,9241.7,20332.0
99,8984.3,19765.2
100,8697.0,19133.4
101,8864.7,19502.6
102,9692.8,21323.9
103,11459.5,25210.9
104,12967.5,28528.5
105,13806.0,30373.2
106,14216.8,31276.7
107,14627.6,32180.2
108,14965.6,32923.8
109,14516.45,31936.45
110,14361.1,31593.9
111,14100.45,31021.25
112,13877.5,30530.5
113,13594.75,29908.45
114,13436.8,29560.7
115,13094.9,28809.3
116,12605.45,27732.25
117,12143.95,26716.95
118,11988.6,26374.4
119,11666.2,25665.9
120,10647.0,23423.4
121,4667.78,10269.22
122,4338.1,9543.82
123,4176.12,9187.36
124,3998.02,8795.54
125,3943.42,8675.42
126,3994.9,8788.78
127,4239.82,9327.5
128,4629.3,10184.46
129,5049.72,11109.28
130,5370.82,11815.7
131,5591.3,12300.86
132,5753.54,12657.58
133,5553.6,12217.92
134,5387.46,11852.62
135,5237.18,11521.9
136,5176.08,11387.48
137,5132.4,11291.28
138,5168.8,11371.36
139,5138.38,11304.54
140,5062.2,11136.84
141,5032.82,11072.1
142,5042.18,11092.9
143,5042.96,11094.72
144,4647.5,10224.5
145,9860.5,21693.1
146,9335.95,20539.35
147,9103.25,20027.15
148,8838.7,19445.4
149,9066.85,19946.55
150,10156.25,22343.75
151,12084.8,26586.3
152,13565.5,29844.1
153,13941.2,30670.9
154,14012.7,30828.2
155,14181.05,31198.05
156,14296.1,31450.9
157,13824.2,30413.5
158,13596.05,29911.05
159,13341.25,29350.75
160,13122.2,28869.1
161,12987.65,28573.35
162,13202.8,29045.9
163,13863.85,30499.95
164,13878.8,30533.1
165,13036.4,28680.6
166,11881.35,26138.45
167,11587.55,25492.35
168,10673.0,23480.6
169,4619.42,10162.62
170,4326.4,9518.08
171,4178.2,9192.04
172,3990.48,8779.16
173,3978.78,8753.42
174,4138.42,9104.42
175,4384.12,9644.96
176,4748.9,10447.58
177,5077.8,11171.16
178,5315.7,11694.54
179,5498.48,12096.76
180,5602.74,12325.82
181,5354.18,11779.3
182,5147.48,11324.56
183,5005.78,11012.82
184,4937.92,10863.32
185,4962.62,10917.66
186,5190.38,11418.94
187,5507.32,12116.0
188,5563.22,12238.98
189,5293.86,11646.7
190,4932.72,10851.88
191,4982.12,10960.56
192,4636.32,10199.8
REW_HYD_PS,2010,2015
1,-4940.0,-4940.0
2,-4940.0,-4940.0
3,-4940.0,-4940.0
4,-4940.0,-4940.0
5,-4940.0,-4940.0
6,-4940.0,-4940.0
7,-2470.0,0.0
8,0.0,0.0
9,4940.0,4940.0
10,4940.0,4940.0
11,4940.0,4940.0
12,4940.0,4940.0
13,0.0,0.0
14,0.0,0.0
15,0.0,0.0
16,0.0,0.0
17,0.0,0.0
18,4940.0,4940.0
19,4940.0,4940.0
20,0.0,0.0
21,0.0,0.0
22,0.0,-2470.0
23,0.0,0.0
24,-4940.0,-4940.0
25,-988.0,-1976.0
26,-1976.0,-1976.0
27,-1976.0,-1976.0
28,-1976.0,-1976.0
29,-1976.0,-1976.0
30,-1976.0,-1976.0
31,-1976.0,-1976.0
32,-1976.0,0.0
33,0.0,0.0
34,0.0,1976.0
35,1976.0,1976.0
36,1976.0,1976.0
37,1976.0,1976.0
38,0.0,0.0
39,0.0,0.0
40,0.0,0.0
41,0.0,0.0
42,1976.0,1976.0
43,1976.0,1976.0
44,1976.0,0.0
45,0.0,0.0
46,0.0,0.0
47,0.0,0.0
48,0.0,-988.0
49,-4940.0,-4940.0
50,-4940.0,-4940.0
51,-4940.0,-4940.0
52,-4940.0,-4940.0
53,-4940.0,-4940.0
54,-4940.0,-4940.0
55,0.0,0.0
56,0.0,4940.0
57,4940.0,4940.0
58,4940.0,4940.0
59,4940.0,4940.0
60,4940.0,4940.0
61,4940.0,4940.0
62,4940.0,0.0
63,0.0,0.0
64,0.0,0.0
65,0.0,0.0
66,0.0,0.0
67,0.0,0.0
68,0.0,0.0
69,0.0,0.0
70,0.0,0.0
71,-2470.0,-2470.0
72,-4940.0,-4940.0
73,-1606.54,-1976.0
74,-1976.0,-1976.0
75,-1976.0,-1976.0
76,-1976.0,-1976.0
77,-1976.0,-1976.0
78,-1976.0,-1976.0
79,-1976.0,0.0
80,0.0,1976.0
81,0.0,1976.0
82,1976.0,1976.0
83,1976.0,1976.0
84,1976.0,1976.0
85,1976.0,1976.0
86,0.0,0.0
87,0.0,0.0
88,0.0,-988.0
89,0.0,0.0
90,0.0,0.0
91,0.0,0.0
92,1976.0,0.0
93,1976.0,0.0
94,0.0,0.0
95,0.0,0.0
96,-1357.46,-1976.0
97,-4940.0,-4940.0
98,-4940.0,-4940.0
99,-4940.0,-4940.0
100,-4940.0,-4940.0
101,-4940.0,-4940.0
102,-4940.0,-4940.0
103,-2470.0,0.0
104,0.0,4940.0
105,0.0,4940.0
106,4940.0,4940.0
107,4940.0,4940.0
108,4940.0,4940.0
109,4940.0,4940.0
110,4940.0,0.0
111,4940.0,0.0
112,0.0,0.0
113,0.0,0.0
114,0.0,0.0
115,0.0,0.0
116,0.0,0.0
117,0.0,0.0
118,0.0,0.0
119,0.0,-2470.0
120,-4940.0,-4940.0
121,0.0,-988.0
122,-1976.0,-1976.0
123,-1976.0,-1976.0
124,-1976.0,-1976.0
125,-1976.0,-1976.0
126,-1976.0,-1976.0
127,-1976.0,-1976.0
128,-988.0,0.0
129,0.0,1976.0
130,1976.0,1976.0
131,1976.0,1976.0
132,1976.0,1976.0
133,1976.0,0.0
134,1976.0,0.0
135,0.0,0.0
136,0.0,0.0
137,0.0,0.0
138,0.0,0.0
139,1976.0,1976.0
140,0.0,1976.0
141,0.0,0.0
142,0.0,0.0
143,0.0,0.0
144,-1976.0,-1976.0
145,-4940.0,-4940.0
146,-4940.0,-4940.0
147,-4940.0,-4940.0
148,-4940.0,-4940.0
149,-4940.0,-4940.0
150,-4940.0,-4940.0
151,0.0,0.0
152,0.0,4940.0
153,4940.0,4940.0
154,4940.0,4940.0
155,4940.0,4940.0
156,4940.0,4940.0
157,0.0,4940.0
158,0.0,0.0
159,0.0,0.0
160,0.0,0.0
161,0.0,0.0
162,0.0,0.0
163,4940.0,0.0
164,4940.0,0.0
165,0.0,0.0
166,0.0,0.0
167,-2470.0,-2470.0
168,-4940.0,-4940.0
169,-1976.0,-988.0
170,-1976.0,-1976.0
171,-1976.0,-1976.0
172,-1976.0,-1976.0
173,-1976.0,-1976.0
174,-1976.0,-1976.0
175,-1976.0,-1976.0
176,0.0,0.0
177,0.0,1976.0
178,1976.0,1976.0
179,1976.0,1976.0
180,1976.0,1976.0
181,1976.0,0.0
182,0.0,0.0
183,0.0,0.0
184,0.0,0.0
185,0.0,0.0
186,0.0,0.0
187,1976.0,1976.0
188,1976.0,1976.0
189,0.0,0.0
190,0.0,0.0
191,0.0,0.0
192,-988.0,-1976.0
REW_WND_ON_2530,2010,2015
1,12423.45,12423.45
2,12063.35,12063.35
3,11750.7,11750.7
4,11523.2,11523.2
5,11367.2,11367.2
6,11335.35,11335.35
7,11354.85,11354.85
8,11412.05,11412.05
9,11477.7,11477.7
10,11321.7,11321.7
11,11308.05,11308.05
12,11596.65,11596.65
13,11936.6,11936.6
14,12212.2,12212.2
15,12203.1,12203.1
16,12080.25,12080.25
17,12485.85,12485.85
18,13410.15,13410.15
19,13986.7,13986.7
20,14102.4,14102.4
21,13999.7,13999.7
22,13686.4,13686.4
23,13313.3,13313.3
24,12996.1,12996.1
25,4969.38,4969.38
26,4825.34,4825.34
27,4700.28,4700.28
28,4609.28,4609.28
29,4546.88,4546.88
30,4534.14,4534.14
31,4541.94,4541.94
32,4564.82,4564.82
33,4591.08,4591.08
34,4528.68,4528.68
35,4523.22,4523.22
36,4638.66,4638.66
37,4774.64,4774.64
38,4884.88,4884.88
39,4881.24,4881.24
40,4832.1,4832.1
41,4994.34,4994.34
42,5364.06,5364.06
43,5594.68,5594.68
44,5640.96,5640.96
45,5599.88,5599.88
46,5474.56,5474.56
47,5325.32,5325.32
48,5198.44,5198.44
49,12234.95,12234.95
50,11772.8,11772.8
51,11378.9,11378.9
52,11016.2,11016.2
53,10603.45,10603.45
54,10255.7,10255.7
55,9723.35,9723.35
56,9195.55,9195.55
57,9170.85,9170.85
58,10147.8,10147.8
59,10933.65,10933.65
60,11343.15,11343.15
61,11680.5,11680.5
62,11999.0,11999.0
63,12321.4,12321.4
64,12462.45,12462.45
65,12272.65,12272.65
66,11823.5,11823.5
67,11938.55,11938.55
68,12674.35,12674.35
69,13336.7,13336.7
70,13302.9,13302.9
71,12951.9,12951.9
72,12493.0,12493.0
73,4893.98,4893.98
74,4709.12,4709.12
75,4551.56,4551.56
76,4406.48,4406.48
77,4241.38,4241.38
78,4102.28,4102.28
79,3889.34,3889.34
80,3678.22,3678.22
81,3668.34,3668.34
82,4059.12,4059.12
83,4373.46,4373.46
84,4537.26,4537.26
85,4672.2,4672.2
86,4799.6,4799.6
87,4928.56,4928.56
88,4984.98,4984.98
89,4909.06,4909.06
90,4729.4,4729.4
91,4775.42,4775.42
92,5069.74,5069.74
93,5334.68,5334.68
94,5321.16,5321.16
95,5180.76,5180.76
96,4997.2,4997.2
97,9215.7,9215.7
98,9252.1,9252.1
99,9194.25,9194.25
100,9092.2,9092.2
101,8895.9,8895.9
102,8355.1,8355.1
103,7149.35,7149.35
104,6516.25,6516.25
105,7172.1,7172.1
106,7941.7,7941.7
107,8495.5,8495.5
108,8903.7,8903.7
109,9241.05,9241.05
110,9577.1,9577.1
111,9799.4,9799.4
112,9713.6,9713.6
113,9380.8,9380.8
114,8839.35,8839.35
115,8063.9,8063.9
116,7701.2,7701.2
117,8225.75,8225.75
118,8741.2,8741.2
119,8979.1,8979.1
120,9172.15,9172.15
121,3686.28,3686.28
122,3700.84,3700.84
123,3677.7,3677.7
124,3636.88,3636.88
125,3558.36,3558.36
126,3342.04,3342.04
127,2859.74,2859.74
128,2606.5,2606.5
129,2868.84,2868.84
130,3176.68,3176.68
131,3398.2,3398.2
132,3561.48,3561.48
133,3696.42,3696.42
134,3830.84,3830.84
135,3919.76,3919.76
136,3885.44,3885.44
137,3752.32,3752.32
138,3535.74,3535.74
139,3225.56,3225.56
140,3080.48,3080.48
141,3290.3,3290.3
142,3496.48,3496.48
143,3591.64,3591.64
144,3668.86,3668.86
145,12318.15,12318.15
146,12092.6,12092.6
147,11928.8,11928.8
148,11815.7,11815.7
149,11646.7,11646.7
150,11502.4,11502.4
151,11378.9,11378.9
152,10767.9,10767.9
153,9976.85,9976.85
154,10055.5,10055.5
155,10660.0,10660.0
156,11274.9,11274.9
157,11642.15,11642.15
158,11861.85,11861.85
159,11913.85,11913.85
160,11690.9,11690.9
161,11442.6,11442.6
162,11876.8,11876.8
163,12832.95,12832.95
164,13449.8,13449.8
165,13460.2,13460.2
166,13194.35,13194.35
167,12953.2,12953.2
168,12715.95,12715.95
169,4927.26,4927.26
170,4837.04,4837.04
171,4771.52,4771.52
172,4726.28,4726.28
173,4658.68,4658.68
174,4600.96,4600.96
175,4551.56,4551.56
176,4307.16,4307.16
177,3990.74,3990.74
178,4022.2,4022.2
179,4264.0,4264.0
180,4509.96,4509.96
181,4656.86,4656.86
182,4744.74,4744.74
183,4765.54,4765.54
184,4676.36,4676.36
185,4577.04,4577.04
186,4750.72,4750.72
187,5133.18,5133.18
188,5379.92,5379.92
189,5384.08,5384.08
190,5277.74,5277.74
191,5181.28,5181.28
192,5086.38,5086.38
REW_WND_ON_3035,2010,2015
1,0.0,23102.3
2,0.0,22522.5
3,0.0,22018.75
4,0.0,21652.15
5,0.0,21400.6
6,0.0,21349.25
7,0.0,21379.8
8,0.0,21472.75
9,0.0,21577.4
10,0.0,21327.8
11,0.0,21305.7
12,0.0,21770.45
13,0.0,22317.75
14,0.0,22762.35
15,0.0,22746.75
16,0.0,22549.15
17,0.0,23202.4
18,0.0,24691.55
19,0.0,25620.4
20,0.0,25807.6
21,0.0,25641.85
22,0.0,25138.1
23,0.0,24536.2
24,0.0,24024.0
25,0.0,9240.92
26,0.0,9009.0
27,0.0,8807.5
28,0.0,8660.86
29,0.0,8560.24
30,0.0,8539.7
31,0.0,8551.92
32,0.0,8589.1
33,0.0,8630.96
34,0.0,8531.12
35,0.0,8522.28
36,0.0,8708.18
37,0.0,8927.1
38,0.0,9104.94
39,0.0,9098.7
40,0.0,9019.66
41,0.0,9280.96
42,0.0,9876.62
43,0.0,10248.16
44,0.0,10323.04
45,0.0,10256.74
46,0.0,10055.24
47,0.0,9814.48
48,0.0,9609.6
49,0.0,22798.75
50,0.0,22053.85
51,0.0,21418.8
52,0.0,20835.75
53,0.0,20169.5
54,0.0,19608.55
55,0.0,18752.5
56,0.0,17901.65
57,0.0,17860.7
58,0.0,19435.0
59,0.0,20701.2
60,0.0,21360.95
61,0.0,21905.65
62,0.0,22418.5
63,0.0,22937.85
64,0.0,23164.7
65,0.0,22859.2
66,0.0,22135.1
67,0.0,22320.35
68,0.0,23506.6
69,0.0,24573.9
70,0.0,24519.95
71,0.0,23953.15
72,0.0,23214.1
73,0.0,9119.5
74,0.0,8821.54
75,0.0,8567.52
76,0.0,8334.3
77,0.0,8067.8
78,0.0,7843.42
79,0.0,7501.0
80,0.0,7160.66
81,0.0,7144.28
82,0.0,7774.0
83,0.0,8280.48
84,0.0,8544.38
85,0.0,8762.26
86,0.0,8967.4
87,0.0,9175.14
88,0.0,9265.88
89,0.0,9143.68
90,0.0,8854.04
91,0.0,8928.14
92,0.0,9402.64
93,0.0,9829.56
94,0.0,9807.98
95,0.0,9581.26
96,0.0,9285.64
97,0.0,17933.5
98,0.0,17992.65
99,0.0,17898.4
100,0.0,17734.6
101,0.0,17418.05
102,0.0,16547.05
103,0.0,14603.55
104,0.0,13584.35
105,0.0,14640.6
106,0.0,15880.15
107,0.0,16772.6
108,0.0,17431.05
109,0.0,17973.8
110,0.0,18515.9
111,0.0,18874.05
112,0.0,18736.25
113,0.0,18200.65
114,0.0,17327.7
115,0.0,16078.4
116,0.0,15493.4
117,0.0,16338.4
118,0.0,17168.45
119,0.0,17552.6
120,0.0,17863.3
121,0.0,7173.4
122,0.0,7197.06
123,0.0,7159.36
124,0.0,7093.84
125,0.0,6967.22
126,0.0,6618.82
127,0.0,5841.42
128,0.0,5433.74
129,0.0,5856.24
130,0.0,6352.06
131,0.0,6709.04
132,0.0,6972.42
133,0.0,7189.52
134,0.0,7406.36
135,0.0,7549.62
136,0.0,7494.5
137,0.0,7280.26
138,0.0,6931.08
139,0.0,6431.36
140,0.0,6197.36
141,0.0,6535.36
142,0.0,6867.38
143,0.0,7021.04
144,0.0,7145.32
145,0.0,22932.65
146,0.0,22569.3
147,0.0,22305.4
148,0.0,22124.05
149,0.0,21851.05
150,0.0,21618.35
151,0.0,21420.1
152,0.0,20434.7
153,0.0,19159.4
154,0.0,19286.15
155,0.0,20261.15
156,0.0,21251.75
157,0.0,21843.25
158,0.0,22196.85
159,0.0,22280.7
160,0.0,21921.9
161,0.0,21522.15
162,0.0,22221.55
163,0.0,23762.7
164,0.0,24755.9
165,0.0,24772.15
166,0.0,24343.8
167,0.0,23956.4
168,0.0,23574.2
169,0.0,9173.06
170,0.0,9027.72
171,0.0,8922.16
172,0.0,8849.62
173,0.0,8740.42
174,0.0,8647.34
175,0.0,8568.04
176,0.0,8173.88
177,0.0,7663.76
178,0.0,7714.46
179,0.0,8104.46
180,0.0,8500.7
181,0.0,8737.3
182,0.0,8878.74
183,0.0,8912.28
184,0.0,8768.76
185,0.0,8608.86
186,0.0,8888.62
187,0.0,9505.08
188,0.0,9902.36
189,0.0,9908.86
190,0.0,9737.52
191,0.0,9582.56
192,0.0,9429.68
REW_WND_ON_3540,2010,2015
1,0.0,36671.7
2,0.0,35859.85
3,0.0,35153.95
4,0.0,34641.75
5,0.0,34288.8
6,0.0,34217.3
7,0.0,34260.2
8,0.0,34389.55
9,0.0,34536.45
10,0.0,34186.75
11,0.0,34155.55
12,0.0,34807.5
13,0.0,35573.2
14,0.0,36195.25
15,0.0,36173.8
16,0.0,35897.55
17,0.0,36812.1
18,0.0,38897.3
19,0.0,40198.6
20,0.0,40460.55
21,0.0,40227.85
22,0.0,39522.6
23,0.0,38679.55
24,0.0,37962.6
25,0.0,14668.68
26,0.0,14343.94
27,0.0,14061.58
28,0.0,13856.7
29,0.0,13715.52
30,0.0,13686.92
31,0.0,13704.08
32,0.0,13755.82
33,0.0,13814.58
34,0.0,13674.7
35,0.0,13662.22
36,0.0,13923.0
37,0.0,14229.28
38,0.0,14478.1
39,0.0,14469.52
40,0.0,14359.02
41,0.0,14724.84
42,0.0,15558.92
43,0.0,16079.44
44,0.0,16184.22
45,0.0,16091.14
46,0.0,15809.04
47,0.0,15471.82
48,0.0,15185.04
49,0.0,36246.6
50,0.0,35203.35
51,0.0,34314.8
52,0.0,33497.75
53,0.0,32565.65
54,0.0,31779.8
55,0.0,30579.9
56,0.0,29389.75
57,0.0,29331.25
58,0.0,31536.7
59,0.0,33309.25
60,0.0,34232.9
61,0.0,34996.0
62,0.0,35714.25
63,0.0,36441.6
64,0.0,36760.1
65,0.0,36331.1
66,0.0,35317.1
67,0.0,35576.45
68,0.0,37237.85
69,0.0,38732.2
70,0.0,38656.8
71,0.0,37863.15
72,0.0,36828.35
73,0.0,14498.64
74,0.0,14081.34
75,0.0,13725.92
76,0.0,13399.1
77,0.0,13026.26
78,0.0,12711.92
79,0.0,12231.96
80,0.0,11755.9
81,0.0,11732.5
82,0.0,12614.68
83,0.0,13323.7
84,0.0,13693.16
85,0.0,13998.4
86,0.0,14285.7
87,0.0,14576.64
88,0.0,14704.04
89,0.0,14532.44
90,0.0,14126.84
91,0.0,14230.58
92,0.0,14895.14
93,0.0,15492.88
94,0.0,15462.72
95,0.0,15145.26
96,0.0,14731.34
97,0.0,29433.3
98,0.0,29515.85
99,0.0,29385.2
100,0.0,29155.75
101,0.0,28711.15
102,0.0,27491.75
103,0.0,24770.2
104,0.0,23342.8
105,0.0,24822.2
106,0.0,26557.7
107,0.0,27807.65
108,0.0,28730.0
109,0.0,29489.85
110,0.0,30249.7
111,0.0,30751.5
112,0.0,30557.15
113,0.0,29807.7
114,0.0,28585.05
115,0.0,26835.25
116,0.0,26016.25
117,0.0,27200.55
118,0.0,28362.1
119,0.0,28899.65
120,0.0,29335.15
121,0.0,11773.32
122,0.0,11806.34
123,0.0,11754.08
124,0.0,11662.3
125,0.0,11484.46
126,0.0,10996.7
127,0.0,9908.08
128,0.0,9337.12
129,0.0,9928.88
130,0.0,10623.08
131,0.0,11123.06
132,0.0,11492.0
133,0.0,11795.94
134,0.0,12099.88
135,0.0,12300.6
136,0.0,12222.86
137,0.0,11923.08
138,0.0,11434.02
139,0.0,10734.1
140,0.0,10406.5
141,0.0,10880.22
142,0.0,11344.84
143,0.0,11559.86
144,0.0,11734.06
145,0.0,36433.8
146,0.0,35925.5
147,0.0,35555.65
148,0.0,35301.5
149,0.0,34919.95
150,0.0,34593.65
151,0.0,34316.1
152,0.0,32936.15
153,0.0,31149.95
154,0.0,31328.05
155,0.0,32693.05
156,0.0,34080.15
157,0.0,34908.25
158,0.0,35404.2
159,0.0,35521.85
160,0.0,35018.75
161,0.0,34459.1
162,0.0,35438.0
163,0.0,37597.3
164,0.0,38987.65
165,0.0,39010.4
166,0.0,38411.1
167,0.0,37867.7
168,0.0,37332.75
169,0.0,14573.52
170,0.0,14370.2
171,0.0,14222.26
172,0.0,14120.6
173,0.0,13967.98
174,0.0,13837.46
175,0.0,13726.44
176,0.0,13174.46
177,0.0,12459.98
178,0.0,12531.22
179,0.0,13077.22
180,0.0,13632.06
181,0.0,13963.3
182,0.0,14161.68
183,0.0,14208.74
184,0.0,14007.5
185,0.0,13783.64
186,0.0,14175.2
187,0.0,15038.92
188,0.0,15595.06
189,0.0,15604.16
190,0.0,15364.44
191,0.0,15147.08
192,0.0,14933.1
REW_WND_ON_40UP,2010,2015
1,0.0,29271.45
2,0.0,28691.0
3,0.0,28187.25
4,0.0,27821.3
5,0.0,27569.1
6,0.0,27518.4
7,0.0,27548.95
8,0.0,27641.9
9,0.0,27745.9
10,0.0,27496.3
11,0.0,27474.2
12,0.0,27939.6
13,0.0,28486.25
14,0.0,28930.85
15,0.0,28915.9
16,0.0,28718.3
17,0.0,29370.9
18,0.0,30860.7
19,0.0,31789.55
20,0.0,31976.75
21,0.0,31811.0
22,0.0,31306.6
23,0.0,30704.7
24,0.0,30193.15
25,0.0,11708.58
26,0.0,11476.4
27,0.0,11274.9
28,0.0,11128.52
29,0.0,11027.64
30,0.0,11007.36
31,0.0,11019.58
32,0.0,11056.76
33,0.0,11098.36
34,0.0,10998.52
35,0.0,10989.68
36,0.0,11175.84
37,0.0,11394.5
38,0.0,11572.34
39,0.0,11566.36
40,0.0,11487.32
41,0.0,11748.36
42,0.0,12344.28
43,0.0,12715.82
44,0.0,12790.7
45,0.0,12724.4
46,0.0,12522.64
47,0.0,12281.88
48,0.0,12077.26
49,0.0,28967.25
50,0.0,28222.35
51,0.0,27587.95
52,0.0,27004.25
53,0.0,26338.65
54,0.0,25777.7
55,0.0,24921.0
56,0.0,24070.8
57,0.0,24029.85
58,0.0,25604.15
59,0.0,26869.7
60,0.0,27530.1
61,0.0,28074.15
62,0.0,28587.0
63,0.0,29106.35
64,0.0,29333.85
65,0.0,29028.35
66,0.0,28304.25
67,0.0,28488.85
68,0.0,29675.1
69,0.0,30742.4
70,0.0,30688.45
71,0.0,30121.65
72,0.0,29383.25
73,0.0,11586.9
74,0.0,11288.94
75,0.0,11035.18
76,0.0,10801.7
77,0.0,10535.46
78,0.0,10311.08
79,0.0,9968.4
80,0.0,9628.32
81,0.0,9611.94
82,0.0,10241.66
83,0.0,10747.88
84,0.0,11012.04
85,0.0,11229.66
86,0.0,11434.8
87,0.0,11642.54
88,0.0,11733.54
89,0.0,11611.34
90,0.0,11321.7
91,0.0,11395.54
92,0.0,11870.04
93,0.0,12296.96
94,0.0,12275.38
95,0.0,12048.66
96,0.0,11753.3
97,0.0,24102.65
98,0.0,24161.15
99,0.0,24067.55
100,0.0,23903.75
101,0.0,23586.55
102,0.0,22715.55
103,0.0,20772.7
104,0.0,19753.5
105,0.0,20809.1
106,0.0,22049.3
107,0.0,22941.1
108,0.0,23599.55
109,0.0,24142.3
110,0.0,24685.05
111,0.0,25043.2
112,0.0,24904.75
113,0.0,24369.15
114,0.0,23496.2
115,0.0,22247.55
116,0.0,21662.55
117,0.0,22507.55
118,0.0,23336.95
119,0.0,23721.1
120,0.0,24031.8
121,0.0,9641.06
122,0.0,9664.46
123,0.0,9627.02
124,0.0,9561.5
125,0.0,9434.62
126,0.0,9086.22
127,0.0,8309.08
128,0.0,7901.4
129,0.0,8323.64
130,0.0,8819.72
131,0.0,9176.44
132,0.0,9439.82
133,0.0,9656.92
134,0.0,9874.02
135,0.0,10017.28
136,0.0,9961.9
137,0.0,9747.66
138,0.0,9398.48
139,0.0,8899.02
140,0.0,8665.02
141,0.0,9003.02
142,0.0,9334.78
143,0.0,9488.44
144,0.0,9612.72
145,0.0,29101.15
146,0.0,28737.8
147,0.0,28474.55
148,0.0,28292.55
149,0.0,28020.2
150,0.0,27786.85
151,0.0,27588.6
152,0.0,26603.2
153,0.0,25328.55
154,0.0,25455.3
155,0.0,26429.65
156,0.0,27420.9
157,0.0,28012.4
158,0.0,28366.0
159,0.0,28449.85
160,0.0,28090.4
161,0.0,27690.65
162,0.0,28390.05
163,0.0,29931.85
164,0.0,30924.4
165,0.0,30941.3
166,0.0,30512.95
167,0.0,30124.9
168,0.0,29742.7
169,0.0,11640.46
170,0.0,11495.12
171,0.0,11389.82
172,0.0,11317.02
173,0.0,11208.08
174,0.0,11114.74
175,0.0,11035.44
176,0.0,10641.28
177,0.0,10131.42
178,0.0,10182.12
179,0.0,10571.86
180,0.0,10968.36
181,0.0,11204.96
182,0.0,11346.4
183,0.0,11379.94
184,0.0,11236.16
185,0.0,11076.26
186,0.0,11356.02
187,0.0,11972.74
188,0.0,12369.76
189,0.0,12376.52
190,0.0,12205.18
191,0.0,12049.96
192,0.0,11897.08
REW_PV_UTI,2010,2015
1,0.0,0.0
2,0.0,0.0
3,0.0,0.0
4,0.0,0.0
5,0.0,0.0
6,0.0,0.0
7,0.0,0.0
8,0.65,1.3
9,157.95,252.85
10,759.2,1214.85
11,1519.7,2431.65
12,2117.7,3388.45
13,2380.3,3808.35
14,2222.35,3555.5
15,1703.65,2726.1
16,952.9,1524.9
17,275.6,441.35
18,13.65,22.1
19,0.0,0.0
20,0.0,0.0
21,0.0,0.0
22,0.0,0.0
23,0.0,0.0
24,0.0,0.0
25,0.0,0.0
26,0.0,0.0
27,0.0,0.0
28,0.0,0.0
29,0.0,0.0
30,0.0,0.0
31,0.0,0.0
32,0.26,0.52
33,63.18,101.14
34,303.68,485.94
35,607.88,972.66
36,847.08,1355.38
37,952.12,1523.34
38,888.94,1422.2
39,681.46,1090.44
40,381.16,609.96
41,110.24,176.54
42,5.46,8.84
43,0.0,0.0
44,0.0,0.0
45,0.0,0.0
46,0.0,0.0
47,0.0,0.0
48,0.0,0.0
49,0.0,0.0
50,0.0,0.0
51,0.0,0.0
52,0.0,0.0
53,0.0,0.0
54,40.3,64.35
55,349.7,559.65
56,1077.7,1724.45
57,2159.95,3456.05
58,3272.75,5236.4
59,4145.05,6631.95
60,4642.95,7428.85
61,4737.85,7580.95
62,4433.65,7093.45
63,3781.05,6049.55
64,2847.0,4555.2
65,1831.05,2929.55
66,917.15,1467.7
67,295.1,471.9
68,42.25,67.6
69,0.0,0.0
70,0.0,0.0
71,0.0,0.0
72,0.0,0.0
73,0.0,0.0
74,0.0,0.0
75,0.0,0.0
76,0.0,0.0
77,0.0,0.0
78,16.12,25.74
79,139.88,223.86
80,431.08,689.78
81,863.98,1382.42
82,1309.1,2094.56
83,1658.02,2652.78
84,1857.18,2971.54
85,1895.14,3032.38
86,1773.46,2837.38
87,1512.42,2419.82
88,1138.8,1822.08
89,732.42,1171.82
90,366.86,587.08
91,118.04,188.76
92,16.9,27.04
93,0.0,0.0
94,0.0,0.0
95,0.0,0.0
96,0.0,0.0
97,0.0,0.0
98,0.0,0.0
99,0.0,0.0
100,0.0,0.0
101,0.65,1.3
102,204.75,327.6
103,928.85,1485.9
104,1945.45,3112.85
105,2928.25,4685.2
106,3766.75,6026.8
107,4386.2,7018.05
108,4674.8,7479.55
109,4620.85,7393.1
110,4284.15,6854.9
111,3738.15,5980.65
112,3003.0,4804.8
113,2134.6,3415.1
114,1279.85,2048.15
115,569.4,910.65
116,142.35,228.15
117,3.25,5.2
118,0.0,0.0
119,0.0,0.0
120,0.0,0.0
121,0.0,0.0
122,0.0,0.0
123,0.0,0.0
124,0.0,0.0
125,0.26,0.52
126,81.9,131.04
127,371.54,594.36
128,778.18,1245.14
129,1171.3,1874.08
130,1506.7,2410.72
131,1754.48,2807.22
132,1869.92,2991.82
133,1848.34,2957.24
134,1713.66,2741.96
135,1495.26,2392.26
136,1201.2,1921.92
137,853.84,1366.04
138,511.94,819.26
139,227.76,364.26
140,56.94,91.26
141,1.3,2.08
142,0.0,0.0
143,0.0,0.0
144,0.0,0.0
145,0.0,0.0
146,0.0,0.0
147,0.0,0.0
148,0.0,0.0
149,0.0,0.0
150,0.0,0.0
151,35.1,55.9
152,310.05,495.95
153,919.1,1470.3
154,1766.7,2826.85
155,2544.1,4070.3
156,3107.0,4971.2
157,3276.65,5242.9
158,3042.65,4867.85
159,2479.75,3967.6
160,1704.95,2728.05
161,916.5,1466.4
162,297.7,476.45
163,31.85,51.35
164,0.0,0.0
165,0.0,0.0
166,0.0,0.0
167,0.0,0.0
168,0.0,0.0
169,0.0,0.0
170,0.0,0.0
171,0.0,0.0
172,0.0,0.0
173,0.0,0.0
174,0.0,0.0
175,14.04,22.36
176,124.02,198.38
177,367.64,588.12
178,706.68,1130.74
179,1017.64,1628.12
180,1242.8,1988.48
181,1310.66,2097.16
182,1217.06,1947.14
183,991.9,1587.04
184,681.98,1091.22
185,366.6,586.56
186,119.08,190.58
187,12.74,20.54
188,0.0,0.0
189,0.0,0.0
190,0.0,0.0
191,0.0,0.0
192,0.0,0.0
REW_PV_RFT,2010,2015
1,0.0,0.0
2,0.0,0.0
3,0.0,0.0
4,0.0,0.0
5,0.0,0.0
6,0.0,0.0
7,0.0,0.0
8,0.0,0.0
9,0.0,0.0
10,0.0,0.0
11,0.0,0.0
12,0.0,0.0
13,0.0,0.0
14,0.0,0.0
15,0.0,0.0
16,0.0,0.0
17,0.0,0.0
18,0.0,0.0
19,0.0,0.0
20,0.0,0.0
21,0.0,0.0
22,0.0,0.0
23,0.0,0.0
24,0.0,0.0
25,0.0,0.0
26,0.0,0.0
27,0.0,0.0
28,0.0,0.0
29,0.0,0.0
30,0.0,0.0
31,0.0,0.0
32,0.0,0.0
33,0.0,0.0
34,0.0,0.0
35,0.0,0.0
36,0.0,0.0
37,0.0,0.0
38,0.0,0.0
39,0.0,0.0
40,0.0,0.0
41,0.0,0.0
42,0.0,0.0
43,0.0,0.0
44,0.0,0.0
45,0.0,0.0
46,0.0,0.0
47,0.0,0.0
48,0.0,0.0
49,0.0,0.0
50,0.0,0.0
51,0.0,0.0
52,0.0,0.0
53,0.0,0.0
54,0.0,0.0
55,0.0,0.0
56,0.0,0.0
57,0.0,0.0
58,0.0,0.0
59,0.0,0.0
60,0.0,0.0
61,0.0,0.0
62,0.0,0.0
63,0.0,0.0
64,0.0,0.0
65,0.0,0.0
66,0.0,0.0
67,0.0,0.0
68,0.0,0.0
69,0.0,0.0
70,0.0,0.0
71,0.0,0.0
72,0.0,0.0
73,0.0,0.0
74,0.0,0.0
75,0.0,0.0
76,0.0,0.0
77,0.0,0.0
78,0.0,0.0
79,0.0,0.0
80,0.0,0.0
81,0.0,0.0
82,0.0,0.0
83,0.0,0.0
84,0.0,0.0
85,0.0,0.0
86,0.0,0.0
87,0.0,0.0
88,0.0,0.0
89,0.0,0.0
90,0.0,0.0
91,0.0,0.0
92,0.0,0.0
93,0.0,0.0
94,0.0,0.0
95,0.0,0.0
96,0.0,0.0
97,0.0,0.0
98,0.0,0.0
99,0.0,0.0
100,0.0,0.0
101,0.0,0.0
102,0.0,0.0
103,0.0,0.0
104,0.0,0.0
105,0.0,0.0
106,0.0,0.0
107,0.0,0.0
108,0.0,0.0
109,0.0,0.0
110,0.0,0.0
111,0.0,0.0
112,0.0,0.0
113,0.0,0.0
114,0.0,0.0
115,0.0,0.0
116,0.0,0.0
117,0.0,0.0
118,0.0,0.0
119,0.0,0.0
120,0.0,0.0
121,0.0,0.0
122,0.0,0.0
123,0.0,0.0
124,0.0,0.0
125,0.0,0.0
126,0.0,0.0
127,0.0,0.0
128,0.0,0.0
129,0.0,0.0
130,0.0,0.0
131,0.0,0.0
132,0.0,0.0
133,0.0,0.0
134,0.0,0.0
135,0.0,0.0
136,0.0,0.0
137,0.0,0.0
138,0.0,0.0
139,0.0,0.0
140,0.0,0.0
141,0.0,0.0
142,0.0,0.0
143,0.0,0.0
144,0.0,0.0
145,0.0,0.0
146,0.0,0.0
147,0.0,0.0
148,0.0,0.0
149,0.0,0.0
150,0.0,0.0
151,0.0,0.0
152,0.0,0.0
153,0.0,0.0
154,0.0,0.0
155,0.0,0.0
156,0.0,0.0
157,0.0,0.0
158,0.0,0.0
159,0.0,0.0
160,0.0,0.0
161,0.0,0.0
162,0.0,0.0
163,0.0,0.0
164,0.0,0.0
165,0.0,0.0
166,0.0,0.0
167,0.0,0.0
168,0.0,0.0
169,0.0,0.0
170,0.0,0.0
171,0.0,0.0
172,0.0,0.0
173,0.0,0.0
174,0.0,0.0
175,0.0,0.0
176,0.0,0.0
177,0.0,0.0
178,0.0,0.0
179,0.0,0.0
180,0.0,0.0
181,0.0,0.0
182,0.0,0.0
183,0.0,0.0
184,0.0,0.0
185,0.0,0.0
186,0.0,0.0
187,0.0,0.0
188,0.0,0.0
189,0.0,0.0
190,0.0,0.0
191,0.0,0.0
192,0.0,0.0
BIO_ST,2010,2015
1,0.0,0.0
2,0.0,0.0
3,0.0,0.0
4,0.0,0.0
5,0.0,0.0
6,0.0,0.0
7,0.0,0.0
8,0.0,0.0
9,0.0,0.0
10,0.0,0.0
11,0.0,0.0
12,0.0,0.0
13,0.0,0.0
14,0.0,0.0
15,0.0,0.0
16,0.0,0.0
17,0.0,0.0
18,0.0,0.0
19,0.0,0.0
20,0.0,0.0
21,0.0,0.0
22,0.0,0.0
23,0.0,0.0
24,0.0,0.0
25,0.0,0.0
26,0.0,0.0
27,0.0,0.0
28,0.0,0.0
29,0.0,0.0
30,0.0,0.0
31,0.0,0.0
32,0.0,0.0
33,0.0,0.0
34,0.0,0.0
35,0.0,0.0
36,0.0,0.0
37,0.0,0.0
38,0.0,0.0
39,0.0,0.0
40,0.0,0.0
41,0.0,0.0
42,0.0,0.0
43,0.0,0.0
44,0.0,0.0
45,0.0,0.0
46,0.0,0.0
47,0.0,0.0
48,0.0,0.0
49,0.0,0.0
50,0.0,0.0
51,0.0,0.0
52,0.0,0.0
53,0.0,0.0
54,0.0,0.0
55,0.0,0.0
56,0.0,0.0
57,0.0,0.0
58,0.0,0.0
59,0.0,0.0
60,0.0,0.0
61,0.0,0.0
62,0.0,0.0
63,0.0,0.0
64,0.0,0.0
65,0.0,0.0
66,0.0,0.0
67,0.0,0.0
68,0.0,0.0
69,0.0,0.0
70,0.0,0.0
71,0.0,0.0
72,0.0,0.0
73,0.0,0.0
74,0.0,0.0
75,0.0,0.0
76,0.0,0.0
77,0.0,0.0
78,0.0,0.0
79,0.0,0.0
80,0.0,0.0
81,0.0,0.0
82,0.0,0.0
83,0.0,0.0
84,0.0,0.0
85,0.0,0.0
86,0.0,0.0
87,0.0,0.0
88,0.0,0.0
89,0.0,0.0
90,0.0,0.0
91,0.0,0.0
92,0.0,0.0
93,0.0,0.0
94,0.0,0.0
95,0.0,0.0
96,0.0,0.0
97,0.0,0.0
98,0.0,0.0
99,0.0,0.0
100,0.0,0.0
101,0.0,0.0
102,0.0,0.0
103,0.0,0.0
104,0.0,0.0
105,0.0,0.0
106,0.0,0.0
107,0.0,0.0
108,0.0,0.0
109,0.0,0.0
110,0.0,0.0
111,0.0,0.0
112,0.0,0.0
113,0.0,0.0
114,0.0,0.0
115,0.0,0.0
116,0.0,0.0
117,0.0,0.0
118,0.0,0.0
119,0.0,0.0
120,0.0,0.0
121,0.0,0.0
122,0.0,0.0
123,0.0,0.0
124,0.0,0.0
125,0.0,0.0
126,0.0,0.0
127,0.0,0.0
128,0.0,0.0
129,0.0,0.0
130,0.0,0.0
131,0.0,0.0
132,0.0,0.0
133,0.0,0.0
134,0.0,0.0
135,0.0,0.0
136,0.0,0.0
137,0.0,0.0
138,0.0,0.0
139,0.0,0.0
140,0.0,0.0
141,0.0,0.0
142,0.0,0.0
143,0.0,0.0
144,0.0,0.0
145,0.0,0.0
146,0.0,0.0
147,0.0,0.0
148,0.0,0.0
149,0.0,0.0
150,0.0,0.0
151,0.0,0.0
152,0.0,0.0
153,0.0,0.0
154,0.0,0.0
155,0.0,0.0
156,0.0,0.0
157,0.0,0.0
158,0.0,0.0
159,0.0,0.0
160,0.0,0.0
161,0.0,0.0
162,0.0,0.0
163,0.0,0.0
164,0.0,0.0
165,0.0,0.0
166,0.0,0.0
167,0.0,0.0
168,0.0,0.0
169,0.0,0.0
170,0.0,0.0
171,0.0,0.0
172,0.0,0.0
173,0.0,0.0
174,0.0,0.0
175,0.0,0.0
176,0.0,0.0
177,0.0,0.0
178,0.0,0.0
179,0.0,0.0
180,0.0,0.0
181,0.0,0.0
182,0.0,0.0
183,0.0,0.0
184,0.0,0.0
185,0.0,0.0
186,0.0,0.0
187,0.0,0.0
188,0.0,0.0
189,0.0,0.0
190,0.0,0.0
191,0.0,0.0
192,0.0,0.0
BIO_CHP,2010,2015
1,6891.3,6891.3
2,6891.3,6891.3
3,6891.3,6891.3
4,6891.3,6891.3
5,6891.3,6891.3
6,6891.3,6891.3
7,6891.3,6891.3
8,6891.3,6891.3
9,6891.3,6891.3
10,6891.3,6891.3
11,6891.3,6891.3
12,6891.3,6891.3
13,6891.3,6891.3
14,6891.3,6891.3
15,6891.3,6891.3
16,6891.3,6891.3
17,6891.3,6891.3
18,6891.3,6891.3
19,6891.3,6891.3
20,6891.3,6891.3
21,6891.3,6891.3
22,6891.3,6891.3
23,6891.3,6891.3
24,6891.3,6891.3
25,2756.52,2756.52
26,2756.52,2756.52
27,2756.52,2756.52
28,2489.24,2756.52
29,2437.5,2756.52
30,2601.04,2756.52
31,2687.62,2756.52
32,2756.52,2756.52
33,2756.52,2756.52
34,2756.52,2756.52
35,2756.52,2756.52
36,2756.52,2756.52
37,2756.52,2756.52
38,2756.52,2756.52
39,2756.52,2756.52
40,2756.52,2756.52
41,2756.52,2756.52
42,2756.52,2756.52
43,2756.52,2756.52
44,2756.52,2756.52
45,2756.52,2756.52
46,2756.52,2756.52
47,2756.52,2756.52
48,2756.52,2756.52
49,6282.9,6891.3
50,5342.35,6891.3
51,4954.95,6891.3
52,4570.15,6891.3
53,4934.15,6891.3
54,6649.5,6891.3
55,6891.3,6891.3
56,6891.3,6891.3
57,6891.3,6891.3
58,6891.3,6891.3
59,6891.3,6891.3
60,6891.3,6891.3
61,6891.3,6891.3
62,6891.3,6891.3
63,6891.3,6891.3
64,6891.3,6891.3
65,6891.3,6891.3
66,6891.3,6891.3
67,6891.3,6891.3
68,6891.3,6891.3
69,6891.3,6891.3
70,6891.3,6891.3
71,6891.3,6891.3
72,6891.3,6891.3
73,2271.62,2756.52
74,1854.06,2756.52
75,1685.58,2626.26
76,1453.92,2354.56
77,1434.94,2332.46
78,1629.68,2560.74
79,1796.34,2756.0
80,2274.74,2756.52
81,2734.16,2756.52
82,2756.52,2756.52
83,2756.52,2756.52
84,2756.52,2756.52
85,2756.52,2756.52
86,2756.52,2756.52
87,2656.94,2756.52
88,2524.34,2756.52
89,2474.68,2756.52
90,2556.58,2756.52
91,2673.58,2756.52
92,2756.52,2756.52
93,2756.52,2756.52
94,2715.7,2756.52
95,2756.52,2756.52
96,2313.22,2756.52
97,5515.9,6891.3
98,4546.1,6891.3
99,4155.45,6497.4
100,3720.6,5987.15
101,3974.1,6284.85
102,5229.25,6891.3
103,6891.3,6891.3
104,6891.3,6891.3
105,6891.3,6891.3
106,6891.3,6891.3
107,6891.3,6891.3
108,6891.3,6891.3
109,6891.3,6891.3
110,6891.3,6891.3
111,6891.3,6891.3
112,6891.3,6891.3
113,6891.3,6891.3
114,6891.3,6891.3
115,6891.3,6891.3
116,6891.3,6891.3
117,6891.3,6891.3
118,6891.3,6891.3
119,6891.3,6891.3
120,6676.8,6891.3
121,1978.86,2756.52
122,1571.96,2493.14
123,1371.76,2258.36
124,1151.8,2000.7
125,1084.2,1921.66
126,1148.16,1996.28
127,1450.54,2350.66
128,1931.28,2756.52
129,2450.76,2756.52
130,2756.52,2756.52
131,2756.52,2756.52
132,2756.52,2756.52
133,2756.52,2756.52
134,2756.52,2756.52
135,2682.16,2756.52
136,2606.76,2756.52
137,2552.68,2756.52
138,2597.66,2756.52
139,2560.22,2756.52
140,2465.84,2756.52
141,2429.7,2756.52
142,2441.4,2756.52
143,2442.44,2756.52
144,1953.64,2756.52
145,6717.1,6891.3
146,5855.2,6891.3
147,5473.0,6891.3
148,5040.1,6891.3
149,5413.85,6891.3
150,6891.3,6891.3
151,6891.3,6891.3
152,6891.3,6891.3
153,6891.3,6891.3
154,6891.3,6891.3
155,6891.3,6891.3
156,6891.3,6891.3
157,6891.3,6891.3
158,6891.3,6891.3
159,6891.3,6891.3
160,6891.3,6891.3
161,6891.3,6891.3
162,6891.3,6891.3
163,6891.3,6891.3
164,6891.3,6891.3
165,6891.3,6891.3
166,6891.3,6891.3
167,6891.3,6891.3
168,6891.3,6891.3
169,2465.32,2756.52
170,2069.08,2756.52
171,1868.62,2756.52
172,1614.6,2543.06
173,1598.48,2524.34
174,1814.54,2756.52
175,2146.82,2756.52
176,2640.82,2756.52
177,2756.52,2756.52
178,2756.52,2756.52
179,2756.52,2756.52
180,2756.52,2756.52
181,2756.52,2756.52
182,2756.52,2756.52
183,2756.52,2756.52
184,2756.52,2756.52
185,2756.52,2756.52
186,2756.52,2756.52
187,2756.52,2756.52
188,2756.52,2756.52
189,2756.52,2756.52
190,2756.52,2756.52
191,2756.52,2756.52
192,2488.2,2756.52
BIO_IGCC,2010,2015
1,0.0,0.0
2,0.0,0.0
3,0.0,0.0
4,0.0,0.0
5,0.0,0.0
6,0.0,0.0
7,0.0,0.0
8,0.0,0.0
9,0.0,0.0
10,0.0,0.0
11,0.0,0.0
12,0.0,0.0
13,0.0,0.0
14,0.0,0.0
15,0.0,0.0
16,0.0,0.0
17,0.0,0.0
18,0.0,0.0
19,0.0,0.0
20,0.0,0.0
21,0.0,0.0
22,0.0,0.0
23,0.0,0.0
24,0.0,0.0
25,0.0,0.0
26,0.0,0.0
27,0.0,0.0
28,0.0,0.0
29,0.0,0.0
30,0.0,0.0
31,0.0,0.0
32,0.0,0.0
33,0.0,0.0
34,0.0,0.0
35,0.0,0.0
36,0.0,0.0
37,0.0,0.0
38,0.0,0.0
39,0.0,0.0
40,0.0,0.0
41,0.0,0.0
42,0.0,0.0
43,0.0,0.0
44,0.0,0.0
45,0.0,0.0
46,0.0,0.0
47,0.0,0.0
48,0.0,0.0
49,0.0,0.0
50,0.0,0.0
51,0.0,0.0
52,0.0,0.0
53,0.0,0.0
54,0.0,0.0
55,0.0,0.0
56,0.0,0.0
57,0.0,0.0
58,0.0,0.0
59,0.0,0.0
60,0.0,0.0
61,0.0,0.0
62,0.0,0.0
63,0.0,0.0
64,0.0,0.0
65,0.0,0.0
66,0.0,0.0
67,0.0,0.0
68,0.0,0.0
69,0.0,0.0
70,0.0,0.0
71,0.0,0.0
72,0.0,0.0
73,0.0,0.0
74,0.0,0.0
75,0.0,0.0
76,0.0,0.0
77,0.0,0.0
78,0.0,0.0
79,0.0,0.0
80,0.0,0.0
81,0.0,0.0
82,0.0,0.0
83,0.0,0.0
84,0.0,0.0
85,0.0,0.0
86,0.0,0.0
87,0.0,0.0
88,0.0,0.0
89,0.0,0.0
90,0.0,0.0
91,0.0,0.0
92,0.0,0.0
93,0.0,0.0
94,0.0,0.0
95,0.0,0.0
96,0.0,0.0
97,0.0,0.0
98,0.0,0.0
99,0.0,0.0
100,0.0,0.0
101,0.0,0.0
102,0.0,0.0
103,0.0,0.0
104,0.0,0.0
105,0.0,0.0
106,0.0,0.0
107,0.0,0.0
108,0.0,0.0
109,0.0,0.0
110,0.0,0.0
111,0.0,0.0
112,0.0,0.0
113,0.0,0.0
114,0.0,0.0
115,0.0,0.0
116,0.0,0.0
117,0.0,0.0
118,0.0,0.0
119,0.0,0.0
120,0.0,0.0
121,0.0,0.0
122,0.0,0.0
123,0.0,0.0
124,0.0,0.0
125,0.0,0.0
126,0.0,0.0
127,0.0,0.0
128,0.0,0.0
129,0.0,0.0
130,0.0,0.0
131,0.0,0.0
132,0.0,0.0
133,0.0,0.0
134,0.0,0.0
135,0.0,0.0
136,0.0,0.0
137,0.0,0.0
138,0.0,0.0
139,0.0,0.0
140,0.0,0.0
141,0.0,0.0
142,0.0,0.0
143,0.0,0.0
144,0.0,0.0
145,0.0,0.0
146,0.0,0.0
147,0.0,0.0
148,0.0,0.0
149,0.0,0.0
150,0.0,0.0
151,0.0,0.0
152,0.0,0.0
153,0.0,0.0
154,0.0,0.0
155,0.0,0.0
156,0.0,0.0
157,0.0,0.0
158,0.0,0.0
159,0.0,0.0
160,0.0,0.0
161,0.0,0.0
162,0.0,0.0
163,0.0,0.0
164,0.0,0.0
165,0.0,0.0
166,0.0,0.0
167,0.0,0.0
168,0.0,0.0
169,0.0,0.0
170,0.0,0.0
171,0.0,0.0
172,0.0,0.0
173,0.0,0.0
174,0.0,0.0
175,0.0,0.0
176,0.0,0.0
177,0.0,0.0
178,0.0,0.0
179,0.0,0.0
180,0.0,0.0
181,0.0,0.0
182,0.0,0.0
183,0.0,0.0
184,0.0,0.0
185,0.0,0.0
186,0.0,0.0
187,0.0,0.0
188,0.0,0.0
189,0.0,0.0
190,0.0,0.0
191,0.0,0.0
192,0.0,0.0
BIO_IGCC_CCS,2010,2015
1,0.0,0.0
2,0.0,0.0
3,0.0,0.0
4,0.0,0.0
5,0.0,0.0
6,0.0,0.0
7,0.0,0.0
8,0.0,0.0
9,0.0,0.0
10,0.0,0.0
11,0.0,0.0
12,0.0,0.0
13,0.0,0.0
14,0.0,0.0
15,0.0,0.0
16,0.0,0.0
17,0.0,0.0
18,0.0,0.0
19,0.0,0.0
20,0.0,0.0
21,0.0,0.0
22,0.0,0.0
23,0.0,0.0
24,0.0,0.0
25,0.0,0.0
26,0.0,0.0
27,0.0,0.0
28,0.0,0.0
29,0.0,0.0
30,0.0,0.0
31,0.0,0.0
32,0.0,0.0
33,0.0,0.0
34,0.0,0.0
35,0.0,0.0
36,0.0,0.0
37,0.0,0.0
38,0.0,0.0
39,0.0,0.0
40,0.0,0.0
41,0.0,0.0
42,0.0,0.0
43,0.0,0.0
44,0.0,0.0
45,0.0,0.0
46,0.0,0.0
47,0.0,0.0
48,0.0,0.0
49,0.0,0.0
50,0.0,0.0
51,0.0,0.0
52,0.0,0.0
53,0.0,0.0
54,0.0,0.0
55,0.0,0.0
56,0.0,0.0
57,0.0,0.0
58,0.0,0.0
59,0.0,0.0
60,0.0,0.0
61,0.0,0.0
62,0.0,0.0
63,0.0,0.0
64,0.0,0.0
65,0.0,0.0
66,0.0,0.0
67,0.0,0.0
68,0.0,0.0
69,0.0,0.0
70,0.0,0.0
71,0.0,0.0
72,0.0,0.0
73,0.0,0.0
74,0.0,0.0
75,0.0,0.0
76,0.0,0.0
77,0.0,0.0
78,0.0,0.0
79,0.0,0.0
80,0.0,0.0
81,0.0,0.0
82,0.0,0.0
83,0.0,0.0
84,0.0,0.0
85,0.0,0.0
86,0.0,0.0
87,0.0,0.0
88,0.0,0.0
89,0.0,0.0
90,0.0,0.0
91,0.0,0.0
92,0.0,0.0
93,0.0,0.0
94,0.0,0.0
95,0.0,0.0
96,0.0,0.0
97,0.0,0.0
98,0.0,0.0
99,0.0,0.0
100,0.0,0.0
101,0.0,0.0
102,0.0,0.0
103,0.0,0.0
104,0.0,0.0
105,0.0,0.0
106,0.0,0.0
107,0.0,0.0
108,0.0,0.0
109,0.0,0.0
110,0.0,0.0
111,0.0,0.0
112,0.0,0.0
113,0.0,0.0
114,0.0,0.0
115,0.0,0.0
116,0.0,0.0
117,0.0,0.0
118,0.0,0.0
119,0.0,0.0
120,0.0,0.0
121,0.0,0.0
122,0.0,0.0
123,0.0,0.0
124,0.0,0.0
125,0.0,0.0
126,0.0,0.0
127,0.0,0.0
128,0.0,0.0
129,0.0,0.0
130,0.0,0.0
131,0.0,0.0
132,0.0,0.0
133,0.0,0.0
134,0.0,0.0
135,0.0,0.0
136,0.0,0.0
137,0.0,0.0
138,0.0,0.0
139,0.0,0.0
140,0.0,0.0
141,0.0,0.0
142,0.0,0.0
143,0.0,0.0
144,0.0,0.0
145,0.0,0.0
146,0.0,0.0
147,0.0,0.0
148,0.0,0.0
149,0.0,0.0
150,0.0,0.0
151,0.0,0.0
152,0.0,0.0
153,0.0,0.0
154,0.0,0.0
155,0.0,0.0
156,0.0,0.0
157,0.0,0.0
158,0.0,0.0
159,0.0,0.0
160,0.0,0.0
161,0.0,0.0
162,0.0,0.0
163,0.0,0.0
164,0.0,0.0
165,0.0,0.0
166,0.0,0.0
167,0.0,0.0
168,0.0,0.0
169,0.0,0.0
170,0.0,0.0
171,0.0,0.0
172,0.0,0.0
173,0.0,0.0
174,0.0,0.0
175,0.0,0.0
176,0.0,0.0
177,0.0,0.0
178,0.0,0.0
179,0.0,0.0
180,0.0,0.0
181,0.0,0.0
182,0.0,0.0
183,0.0,0.0
184,0.0,0.0
185,0.0,0.0
186,0.0,0.0
187,0.0,0.0
188,0.0,0.0
189,0.0,0.0
190,0.0,0.0
191,0.0,0.0
192,0.0,0.0
BIO_IGCC_CHP,2010,2015
1,0.0,0.0
2,0.0,0.0
3,0.0,0.0
4,0.0,0.0
5,0.0,0.0
6,0.0,0.0
7,0.0,0.0
8,0.0,0.0
9,0.0,0.0
10,0.0,0.0
11,0.0,0.0
12,0.0,0.0
13,0.0,0.0
14,0.0,0.0
15,0.0,0.0
16,0.0,0.0
17,0.0,0.0
18,0.0,0.0
19,0.0,0.0
20,0.0,0.0
21,0.0,0.0
22,0.0,0.0
23,0.0,0.0
24,0.0,0.0
25,0.0,0.0
26,0.0,0.0
27,0.0,0.0
28,0.0,0.0
29,0.0,0.0
30,0.0,0.0
31,0.0,0.0
32,0.0,0.0
33,0.0,0.0
34,0.0,0.0
35,0.0,0.0
36,0.0,0.0
37,0.0,0.0
38,0.0,0.0
39,0.0,0.0
40,0.0,0.0
41,0.0,0.0
42,0.0,0.0
43,0.0,0.0
44,0.0,0.0
45,0.0,0.0
46,0.0,0.0
47,0.0,0.0
48,0.0,0.0
49,0.0,0.0
50,0.0,0.0
51,0.0,0.0
52,0.0,0.0
53,0.0,0.0
54,0.0,0.0
55,0.0,0.0
56,0.0,0.0
57,0.0,0.0
58,0.0,0.0
59,0.0,0.0
60,0.0,0.0
61,0.0,0.0
62,0.0,0.0
63,0.0,0.0
64,0.0,0.0
65,0.0,0.0
66,0.0,0.0
67,0.0,0.0
68,0.0,0.0
69,0.0,0.0
70,0.0,0.0
71,0.0,0.0
72,0.0,0.0
73,0.0,0.0
74,0.0,0.0
75,0.0,0.0
76,0.0,0.0
77,0.0,0.0
78,0.0,0.0
79,0.0,0.0
80,0.0,0.0
81,0.0,0.0
82,0.0,0.0
83,0.0,0.0
84,0.0,0.0
85,0.0,0.0
86,0.0,0.0
87,0.0,0.0
88,0.0,0.0
89,0.0,0.0
90,0.0,0.0
91,0.0,0.0
92,0.0,0.0
93,0.0,0.0
94,0.0,0.0
95,0.0,0.0
96,0.0,0.0
97,0.0,0.0
98,0.0,0.0
99,0.0,0.0
100,0.0,0.0
101,0.0,0.0
102,0.0,0.0
103,0.0,0.0
104,0.0,0.0
105,0.0,0.0
106,0.0,0.0
107,0.0,0.0
108,0.0,0.0
109,0.0,0.0
110,0.0,0.0
111,0.0,0.0
112,0.0,0.0
113,0.0,0.0
114,0.0,0.0
115,0.0,0.0
116,0.0,0.0
117,0.0,0.0
118,0.0,0.0
119,0.0,0.0
120,0.0,0.0
121,0.0,0.0
122,0.0,0.0
123,0.0,0.0
124,0.0,0.0
125,0.0,0.0
126,0.0,0.0
127,0.0,0.0
128,0.0,0.0
129,0.0,0.0
130,0.0,0.0
131,0.0,0.0
132,0.0,0.0
133,0.0,0.0
134,0.0,0.0
135,0.0,0.0
136,0.0,0.0
137,0.0,0.0
138,0.0,0.0
139,0.0,0.0
140,0.0,0.0
141,0.0,0.0
142,0.0,0.0
143,0.0,0.0
144,0.0,0.0
145,0.0,0.0
146,0.0,0.0
147,0.0,0.0
148,0.0,0.0
149,0.0,0.0
150,0.0,0.0
151,0.0,0.0
152,0.0,0.0
153,0.0,0.0
154,0.0,0.0
155,0.0,0.0
156,0.0,0.0
157,0.0,0.0
158,0.0,0.0
159,0.0,0.0
160,0.0,0.0
161,0.0,0.0
162,0.0,0.0
163,0.0,0.0
164,0.0,0.0
165,0.0,0.0
166,0.0,0.0
167,0.0,0.0
168,0.0,0.0
169,0.0,0.0
170,0.0,0.0
171,0.0,0.0
172,0.0,0.0
173,0.0,0.0
174,0.0,0.0
175,0.0,0.0
176,0.0,0.0
177,0.0,0.0
178,0.0,0.0
179,0.0,0.0
180,0.0,0.0
181,0.0,0.0
182,0.0,0.0
183,0.0,0.0
184,0.0,0.0
185,0.0,0.0
186,0.0,0.0
187,0.0,0.0
188,0.0,0.0
189,0.0,0.0
190,0.0,0.0
191,0.0,0.0
192,0.0,0.0
COA_CHP_BP_DH,2010,2015
1,8613.8,8613.8
2,8613.8,8613.8
3,8613.8,8613.8
4,8613.8,8613.8
5,8613.8,8613.8
6,8613.8,8613.8
7,8613.8,8613.8
8,8613.8,8613.8
9,8613.8,8613.8
10,8613.8,8613.8
11,8613.8,8613.8
12,8613.8,8613.8
13,8613.8,8613.8
14,8613.8,8613.8
15,8613.8,8613.8
16,8613.8,8613.8
17,8613.8,8613.8
18,8613.8,8613.8
19,8613.8,8613.8
20,8613.8,8613.8
21,8613.8,8613.8
22,8613.8,8613.8
23,8613.8,8613.8
24,8613.8,8613.8
25,3445.52,3445.52
26,3445.52,3445.52
27,3445.52,3445.52
28,3445.52,3445.52
29,3445.52,3445.52
30,3445.52,3445.52
31,3445.52,3445.52
32,3445.52,3445.52
33,3445.52,3445.52
34,3445.52,3445.52
35,3445.52,3445.52
36,3445.52,3445.52
37,3445.52,3445.52
38,3445.52,3445.52
39,3445.52,3445.52
40,3445.52,3445.52
41,3445.52,3445.52
42,3445.52,3445.52
43,3445.52,3445.52
44,3445.52,3445.52
45,3445.52,3445.52
46,3445.52,3445.52
47,3445.52,3445.52
48,3445.52,3445.52
49,8613.8,8613.8
50,8613.8,8613.8
51,8613.8,8613.8
52,8613.8,8613.8
53,8613.8,8613.8
54,8613.8,8613.8
55,8613.8,8613.8
56,8613.8,8613.8
57,8613.8,8613.8
58,8613.8,8613.8
59,8613.8,8613.8
60,8613.8,8613.8
61,8613.8,8613.8
62,8613.8,8613.8
63,8613.8,8613.8
64,8613.8,8613.8
65,8613.8,8613.8
66,8613.8,8613.8
67,8613.8,8613.8
68,8613.8,8613.8
69,8613.8,8613.8
70,8613.8,8613.8
71,8613.8,8613.8
72,8613.8,8613.8
73,3445.52,3445.52
74,3445.52,3445.52
75,3445.52,3445.52
76,3445.52,3445.52
77,3445.52,3445.52
78,3445.52,3445.52
79,3445.52,3445.52
80,3445.52,3445.52
81,3445.52,3445.52
82,3445.52,3445.52
83,3445.52,3445.52
84,3445.52,3445.52
85,3445.52,3445.52
86,3445.52,3445.52
87,3445.52,3445.52
88,3445.52,3445.52
89,3445.52,3445.52
90,3445.52,3445.52
91,3445.52,3445.52
92,3445.52,3445.52
93,3445.52,3445.52
94,3445.52,3445.52
95,3445.52,3445.52
96,3445.52,3445.52
97,8613.8,8613.8
98,8613.8,8613.8
99,8613.8,8613.8
100,8613.8,8613.8
101,8613.8,8613.8
102,8613.8,8613.8
103,8613.8,8613.8
104,8613.8,8613.8
105,8613.8,8613.8
106,8613.8,8613.8
107,8613.8,8613.8
108,8613.8,8613.8
109,8613.8,8613.8
110,8613.8,8613.8
111,8613.8,8613.8
112,8613.8,8613.8
113,8613.8,8613.8
114,8613.8,8613.8
115,8613.8,8613.8
116,8613.8,8613.8
117,8613.8,8613.8
118,8613.8,8613.8
119,8613.8,8613.8
120,8613.8,8613.8
121,3445.52,3445.52
122,3445.52,3445.52
123,3445.52,3445.52
124,3445.52,3445.52
125,3445.52,3445.52
126,3445.52,3445.52
127,3445.52,3445.52
128,3445.52,3445.52
129,3445.52,3445.52
130,3445.52,3445.52
131,3445.52,3445.52
132,3445.52,3445.52
133,3445.52,3445.52
134,3445.52,3445.52
135,3445.52,3445.52
136,3445.52,3445.52
137,3445.52,3445.52
138,3445.52,3445.52
139,3445.52,3445.52
140,3445.52,3445.52
141,3445.52,3445.52
142,3445.52,3445.52
143,3445.52,3445.52
144,3445.52,3445.52
145,8613.8,8613.8
146,8613.8,8613.8
147,8613.8,8613.8
148,8613.8,8613.8
149,8613.8,8613.8
150,8613.8,8613.8
151,8613.8,8613.8
152,8613.8,8613.8
153,8613.8,8613.8
154,8613.8,8613.8
155,8613.8,8613.8
156,8613.8,8613.8
157,8613.8,8613.8
158,8613.8,8613.8
159,8613.8,8613.8
160,8613.8,8613.8
161,8613.8,8613.8
162,8613.8,8613.8
163,8613.8,8613.8
164,8613.8,8613.8
165,8613.8,8613.8
166,8613.8,8613.8
167,8613.8,8613.8
168,8613.8,8613.8
169,3445.52,3445.52
170,3445.52,3445.52
171,3445.52,3445.52
172,3445.52,3445.52
173,3445.52,3445.52
174,3445.52,3445.52
175,3445.52,3445.52
176,3445.52,3445.52
177,3445.52,3445.52
178,3445.52,3445.52
179,3445.52,3445.52
180,3445.52,3445.52
181,3445.52,3445.52
182,3445.52,3445.52
183,3445.52,3445.52
184,3445.52,3445.52
185,3445.52,3445.52
186,3445.52,3445.52
187,3445.52,3445.52
188,3445.52,3445.52
189,3445.52,3445.52
190,3445.52,3445.52
191,3445.52,3445.52
192,3445.52,3445.52
COA_CHP_EC_DH,2010,2015
1,0.0,0.0
2,0.0,0.0
3,0.0,0.0
4,0.0,0.0
5,0.0,0.0
6,0.0,0.0
7,0.0,0.0
8,0.0,0.0
9,0.0,0.0
10,0.0,0.0
11,0.0,0.0
12,0.0,0.0
13,0.0,0.0
14,0.0,0.0
15,0.0,0.0
16,0.0,0.0
17,0.0,0.0
18,0.0,0.0
19,0.0,0.0
20,0.0,0.0
21,0.0,0.0
22,0.0,0.0
23,0.0,0.0
24,0.0,0.0
25,0.0,0.0
26,0.0,0.0
27,0.0,0.0
28,0.0,0.0
29,0.0,0.0
30,0.0,0.0
31,0.0,0.0
32,0.0,0.0
33,0.0,0.0
34,0.0,0.0
35,0.0,0.0
36,0.0,0.0
37,0.0,0.0
38,0.0,0.0
39,0.0,0.0
40,0.0,0.0
41,0.0,0.0
42,0.0,0.0
43,0.0,0.0
44,0.0,0.0
45,0.0,0.0
46,0.0,0.0
47,0.0,0.0
48,0.0,0.0
49,0.0,0.0
50,0.0,0.0
51,0.0,0.0
52,0.0,0.0
53,0.0,0.0
54,0.0,0.0
55,0.0,0.0
56,0.0,0.0
57,0.0,0.0
58,0.0,0.0
59,0.0,0.0
60,0.0,0.0
61,0.0,0.0
62,0.0,0.0
63,0.0,0.0
64,0.0,0.0
65,0.0,0.0
66,0.0,0.0
67,0.0,0.0
68,0.0,0.0
69,0.0,0.0
70,0.0,0.0
71,0.0,0.0
72,0.0,0.0
73,0.0,0.0
74,0.0,0.0
75,0.0,0.0
76,0.0,0.0
77,0.0,0.0
78,0.0,0.0
79,0.0,0.0
80,0.0,0.0
81,0.0,0.0
82,0.0,0.0
83,0.0,0.0
84,0.0,0.0
85,0.0,0.0
86,0.0,0.0
87,0.0,0.0
88,0.0,0.0
89,0.0,0.0
90,0.0,0.0
91,0.0,0.0
92,0.0,0.0
93,0.0,0.0
94,0.0,0.0
95,0.0,0.0
96,0.0,0.0
97,0.0,0.0
98,0.0,0.0
99,0.0,0.0
100,0.0,0.0
101,0.0,0.0
102,0.0,0.0
103,0.0,0.0
104,0.0,0.0
105,0.0,0.0
106,0.0,0.0
107,0.0,0.0
108,0.0,0.0
109,0.0,0.0
110,0.0,0.0
111,0.0,0.0
112,0.0,0.0
113,0.0,0.0
114,0.0,0.0
115,0.0,0.0
116,0.0,0.0
117,0.0,0.0
118,0.0,0.0
119,0.0,0.0
120,0.0,0.0
121,0.0,0.0
122,0.0,0.0
123,0.0,0.0
124,0.0,0.0
125,0.0,0.0
126,0.0,0.0
127,0.0,0.0
128,0.0,0.0
129,0.0,0.0
130,0.0,0.0
131,0.0,0.0
132,0.0,0.0
133,0.0,0.0
134,0.0,0.0
135,0.0,0.0
136,0.0,0.0
137,0.0,0.0
138,0.0,0.0
139,0.0,0.0
140,0.0,0.0
141,0.0,0.0
142,0.0,0.0
143,0.0,0.0
144,0.0,0.0
145,0.0,0.0
146,0.0,0.0
147,0.0,0.0
148,0.0,0.0
149,0.0,0.0
150,0.0,0.0
151,0.0,0.0
152,0.0,0.0
153,0.0,0.0
154,0.0,0.0
155,0.0,0.0
156,0.0,0.0
157,0.0,0.0
158,0.0,0.0
159,0.0,0.0
160,0.0,0.0
161,0.0,0.0
162,0.0,0.0
163,0.0,0.0
164,0.0,0.0
165,0.0,0.0
166,0.0,0.0
167,0.0,0.0
168,0.0,0.0
169,0.0,0.0
170,0.0,0.0
171,0.0,0.0
172,0.0,0.0
173,0.0,0.0
174,0.0,0.0
175,0.0,0.0
176,0.0,0.0
177,0.0,0.0
178,0.0,0.0
179,0.0,0.0
180,0.0,0.0
181,0.0,0.0
182,0.0,0.0
183,0.0,0.0
184,0.0,0.0
185,0.0,0.0
186,0.0,0.0
187,0.0,0.0
188,0.0,0.0
189,0.0,0.0
190,0.0,0.0
191,0.0,0.0
192,0.0,0.0
GAS_CHP_BP_DH,2010,2015
1,13782.6,13782.6
2,13782.6,13782.6
3,13782.6,13782.6
4,13782.6,13782.6
5,13782.6,13782.6
6,13782.6,13782.6
7,13782.6,13782.6
8,13782.6,13782.6
9,13782.6,13782.6
10,13782.6,13782.6
11,13782.6,13782.6
12,13782.6,13782.6
13,13782.6,13782.6
14,13782.6,13782.6
15,13782.6,13782.6
16,13782.6,13782.6
17,13782.6,13782.6
18,13782.6,13782.6
19,13782.6,13782.6
20,13782.6,13782.6
21,13782.6,13782.6
22,13782.6,13782.6
23,13782.6,13782.6
24,13782.6,13782.6
25,5513.04,5513.04
26,5513.04,5513.04
27,5513.04,5513.04
28,5513.04,5513.04
29,5513.04,5513.04
30,5513.04,5513.04
31,5513.04,5513.04
32,5513.04,5513.04
33,5513.04,5513.04
34,5513.04,5513.04
35,5513.04,5513.04
36,5513.04,5513.04
37,5513.04,5513.04
38,5513.04,5513.04
39,5513.04,5513.04
40,5513.04,5513.04
41,5513.04,5513.04
42,5513.04,5513.04
43,5513.04,5513.04
44,5513.04,5513.04
45,5513.04,5513.04
46,5513.04,5513.04
47,5513.04,5513.04
48,5513.04,5513.04
49,13782.6,13782.6
50,13782.6,13782.6
51,13782.6,13782.6
52,13782.6,13782.6
53,13782.6,13782.6
54,13782.6,13782.6
55,13782.6,13782.6
56,13782.6,13782.6
57,13782.6,13782.6
58,13782.6,13782.6
59,13782.6,13782.6
60,13782.6,13782.6
61,13782.6,13782.6
62,13782.6,13782.6
63,13782.6,13782.6
64,13782.6,13782.6
65,13782.6,13782.6
66,13782.6,13782.6
67,13782.6,13782.6
68,13782.6,13782.6
69,13782.6,13782.6
70,13782.6,13782.6
71,13782.6,13782.6
72,13782.6,13782.6
73,5513.04,5513.04
74,5513.04,5513.04
75,5513.04,5513.04
76,5513.04,5513.04
77,5513.04,5513.04
78,5513.04,5513.04
79,5513.04,5513.04
80,5513.04,5513.04
81,5513.04,5513.04
82,5513.04,5513.04
83,5513.04,5513.04
84,5513.04,5513.04
85,5513.04,5513.04
86,5513.04,5513.04
87,5513.04,5513.04
88,5513.04,5513.04
89,5513.04,5513.04
90,5513.04,5513.04
91,5513.04,5513.04
92,5513.04,5513.04
93,5513.04,5513.04
94,5513.04,5513.04
95,5513.04,5513.04
96,5513.04,5513.04
97,13782.6,13782.6
98,13782.6,13782.6
99,13782.6,13782.6
100,13782.6,13782.6
101,13782.6,13782.6
102,13782.6,13782.6
103,13782.6,13782.6
104,13782.6,13782.6
105,13782.6,13782.6
106,13782.6,13782.6
107,13782.6,13782.6
108,13782.6,13782.6
109,13782.6,13782.6
110,13782.6,13782.6
111,13782.6,13782.6
112,13782.6,13782.6
113,13782.6,13782.6
114,13782.6,13782.6
115,13782.6,13782.6
116,13782.6,13782.6
117,13782.6,13782.6
118,13782.6,13782.6
119,13782.6,13782.6
120,13782.6,13782.6
121,5513.04,5513.04
122,5513.04,5513.04
123,5513.04,5513.04
124,5513.04,5513.04
125,5513.04,5513.04
126,5513.04,5513.04
127,5513.04,5513.04
128,5513.04,5513.04
129,5513.04,5513.04
130,5513.04,5513.04
131,5513.04,5513.04
132,5513.04,5513.04
133,5513.04,5513.04
134,5513.04,5513.04
135,5513.04,5513.04
136,5513.04,5513.04
137,5513.04,5513.04
138,5513.04,5513.04
139,5513.04,5513.04
140,5513.04,5513.04
141,5513.04,5513.04
142,5513.04,5513.04
143,5513.04,5513.04
144,5513.04,5513.04
145,13782.6,13782.6
146,13782.6,13782.6
147,13782.6,13782.6
148,13782.6,13782.6
149,13782.6,13782.6
150,13782.6,13782.6
151,13782.6,13782.6
152,13782.6,13782.6
153,13782.6,13782.6
154,13782.6,13782.6
155,13782.6,13782.6
156,13782.6,13782.6
157,13782.6,13782.6
158,13782.6,13782.6
159,13782.6,13782.6
160,13782.6,13782.6
161,13782.6,13782.6
162,13782.6,13782.6
163,13782.6,13782.6
164,13782.6,13782.6
165,13782.6,13782.6
166,13782.6,13782.6
167,13782.6,13782.6
168,13782.6,13782.6
169,5513.04,5513.04
170,5513.04,5513.04
171,5513.04,5513.04
172,5513.04,5513.04
173,5513.04,5513.04
174,5513.04,5513.04
175,5513.04,5513.04
176,5513.04,5513.04
177,5513.04,5513.04
178,5513.04,5513.04
179,5513.04,5513.04
180,5513.04,5513.04
181,5513.04,5513.04
182,5513.04,5513.04
183,5513.04,5513.04
184,5513.04,5513.04
185,5513.04,5513.04
186,5513.04,5513.04
187,5513.04,5513.04
188,5513.04,5513.04
189,5513.04,5513.04
190,5513.04,5513.04
191,5513.04,5513.04
192,5513.04,5513.04
GAS_CHP_EC_DH,2010,2015
1,0.0,0.0
2,0.0,0.0
3,0.0,0.0
4,0.0,0.0
5,0.0,0.0
6,0.0,0.0
7,0.0,0.0
8,0.0,0.0
9,0.0,0.0
10,0.0,0.0
11,0.0,0.0
12,0.0,0.0
13,0.0,0.0
14,0.0,0.0
15,0.0,0.0
16,0.0,0.0
17,0.0,0.0
18,0.0,0.0
19,0.0,0.0
20,0.0,0.0
21,0.0,0.0
22,0.0,0.0
23,0.0,0.0
24,0.0,0.0
25,0.0,0.0
26,0.0,0.0
27,0.0,0.0
28,0.0,0.0
29,0.0,0.0
30,0.0,0.0
31,0.0,0.0
32,0.0,0.0
33,0.0,0.0
34,0.0,0.0
35,0.0,0.0
36,0.0,0.0
37,0.0,0.0
38,0.0,0.0
39,0.0,0.0
40,0.0,0.0
41,0.0,0.0
42,0.0,0.0
43,0.0,0.0
44,0.0,0.0
45,0.0,0.0
46,0.0,0.0
47,0.0,0.0
48,0.0,0.0
49,0.0,0.0
50,0.0,0.0
51,0.0,0.0
52,0.0,0.0
53,0.0,0.0
54,0.0,0.0
55,0.0,0.0
56,0.0,0.0
57,0.0,0.0
58,0.0,0.0
59,0.0,0.0
60,0.0,0.0
61,0.0,0.0
62,0.0,0.0
63,0.0,0.0
64,0.0,0.0
65,0.0,0.0
66,0.0,0.0
67,0.0,0.0
68,0.0,0.0
69,0.0,0.0
70,0.0,0.0
71,0.0,0.0
72,0.0,0.0
73,0.0,0.0
74,0.0,0.0
75,0.0,0.0
76,0.0,0.0
77,0.0,0.0
78,0.0,0.0
79,0.0,0.0
80,0.0,0.0
81,0.0,0.0
82,0.0,0.0
83,0.0,0.0
84,0.0,0.0
85,0.0,0.0
86,0.0,0.0
87,0.0,0.0
88,0.0,0.0
89,0.0,0.0
90,0.0,0.0
91,0.0,0.0
92,0.0,0.0
93,0.0,0.0
94,0.0,0.0
95,0.0,0.0
96,0.0,0.0
97,0.0,0.0
98,0.0,0.0
99,0.0,0.0
100,0.0,0.0
101,0.0,0.0
102,0.0,0.0
103,0.0,0.0
104,0.0,0.0
105,0.0,0.0
106,0.0,0.0
107,0.0,0.0
108,0.0,0.0
109,0.0,0.0
110,0.0,0.0
111,0.0,0.0
112,0.0,0.0
113,0.0,0.0
114,0.0,0.0
115,0.0,0.0
116,0.0,0.0
117,0.0,0.0
118,0.0,0.0
119,0.0,0.0
120,0.0,0.0
121,0.0,0.0
122,0.0,0.0
123,0.0,0.0
124,0.0,0.0
125,0.0,0.0
126,0.0,0.0
127,0.0,0.0
128,0.0,0.0
129,0.0,0.0
130,0.0,0.0
131,0.0,0.0
132,0.0,0.0
133,0.0,0.0
134,0.0,0.0
135,0.0,0.0
136,0.0,0.0
137,0.0,0.0
138,0.0,0.0
139,0.0,0.0
140,0.0,0.0
141,0.0,0.0
142,0.0,0.0
143,0.0,0.0
144,0.0,0.0
145,0.0,0.0
146,0.0,0.0
147,0.0,0.0
148,0.0,0.0
149,0.0,0.0
150,0.0,0.0
151,0.0,0.0
152,0.0,0.0
153,0.0,0.0
154,0.0,0.0
155,0.0,0.0
156,0.0,0.0
157,0.0,0.0
158,0.0,0.0
159,0.0,0.0
160,0.0,0.0
161,0.0,0.0
162,0.0,0.0
163,0.0,0.0
164,0.0,0.0
165,0.0,0.0
166,0.0,0.0
167,0.0,0.0
168,0.0,0.0
169,0.0,0.0
170,0.0,0.0
171,0.0,0.0
172,0.0,0.0
173,0.0,0.0
174,0.0,0.0
175,0.0,0.0
176,0.0,0.0
177,0.0,0.0
178,0.0,0.0
179,0.0,0.0
180,0.0,0.0
181,0.0,0.0
182,0.0,0.0
183,0.0,0.0
184,0.0,0.0
185,0.0,0.0
186,0.0,0.0
187,0.0,0.0
188,0.0,0.0
189,0.0,0.0
190,0.0,0.0
191,0.0,0.0
192,0.0,0.0
COA_CHP_EC_CCS_DH,2010,2015
1,0.0,0.0
2,0.0,0.0
3,0.0,0.0
4,0.0,0.0
5,0.0,0.0
6,0.0,0.0
7,0.0,0.0
8,0.0,0.0
9,0.0,0.0
10,0.0,0.0
11,0.0,0.0
12,0.0,0.0
13,0.0,0.0
14,0.0,0.0
15,0.0,0.0
16,0.0,0.0
17,0.0,0.0
18,0.0,0.0
19,0.0,0.0
20,0.0,0.0
21,0.0,0.0
22,0.0,0.0
23,0.0,0.0
24,0.0,0.0
25,0.0,0.0
26,0.0,0.0
27,0.0,0.0
28,0.0,0.0
29,0.0,0.0
30,0.0,0.0
31,0.0,0.0
32,0.0,0.0
33,0.0,0.0
34,0.0,0.0
35,0.0,0.0
36,0.0,0.0
37,0.0,0.0
38,0.0,0.0
39,0.0,0.0
40,0.0,0.0
41,0.0,0.0
42,0.0,0.0
43,0.0,0.0
44,0.0,0.0
45,0.0,0.0
46,0.0,0.0
47,0.0,0.0
48,0.0,0.0
49,0.0,0.0
50,0.0,0.0
51,0.0,0.0
52,0.0,0.0
53,0.0,0.0
54,0.0,0.0
55,0.0,0.0
56,0.0,0.0
57,0.0,0.0
58,0.0,0.0
59,0.0,0.0
60,0.0,0.0
61,0.0,0.0
62,0.0,0.0
63,0.0,0.0
64,0.0,0.0
65,0.0,0.0
66,0.0,0.0
67,0.0,0.0
68,0.0,0.0
69,0.0,0.0
70,0.0,0.0
71,0.0,0.0
72,0.0,0.0
73,0.0,0.0
74,0.0,0.0
75,0.0,0.0
76,0.0,0.0
77,0.0,0.0
78,0.0,0.0
79,0.0,0.0
80,0.0,0.0
81,0.0,0.0
82,0.0,0.0
83,0.0,0.0
84,0.0,0.0
85,0.0,0.0
86,0.0,0.0
87,0.0,0.0
88,0.0,0.0
89,0.0,0.0
90,0.0,0.0
91,0.0,0.0
92,0.0,0.0
93,0.0,0.0
94,0.0,0.0
95,0.0,0.0
96,0.0,0.0
97,0.0,0.0
98,0.0,0.0
99,0.0,0.0
100,0.0,0.0
101,0.0,0.0
102,0.0,0.0
103,0.0,0.0
104,0.0,0.0
105,0.0,0.0
106,0.0,0.0
107,0.0,0.0
108,0.0,0.0
109,0.0,0.0
110,0.0,0.0
111,0.0,0.0
112,0.0,0.0
113,0.0,0.0
114,0.0,0.0
115,0.0,0.0
116,0.0,0.0
117,0.0,0.0
118,0.0,0.0
119,0.0,0.0
120,0.0,0.0
121,0.0,0.0
122,0.0,0.0
123,0.0,0.0
124,0.0,0.0
125,0.0,0.0
126,0.0,0.0
127,0.0,0.0
128,0.0,0.0
129,0.0,0.0
130,0.0,0.0
131,0.0,0.0
132,0.0,0.0
133,0.0,0.0
134,0.0,0.0
135,0.0,0.0
136,0.0,0.0
137,0.0,0.0
138,0.0,0.0
139,0.0,0.0
140,0.0,0.0
141,0.0,0.0
142,0.0,0.0
143,0.0,0.0
144,0.0,0.0
145,0.0,0.0
146,0.0,0.0
147,0.0,0.0
148,0.0,0.0
149,0.0,0.0
150,0.0,0.0
151,0.0,0.0
152,0.0,0.0
153,0.0,0.0
154,0.0,0.0
155,0.0,0.0
156,0.0,0.0
157,0.0,0.0
158,0.0,0.0
159,0.0,0.0
160,0.0,0.0
161,0.0,0.0
162,0.0,0.0
163,0.0,0.0
164,0.0,0.0
165,0.0,0.0
166,0.0,0.0
167,0.0,0.0
168,0.0,0.0
169,0.0,0.0
170,0.0,0.0
171,0.0,0.0
172,0.0,0.0
173,0.0,0.0
174,0.0,0.0
175,0.0,0.0
176,0.0,0.0
177,0.0,0.0
178,0.0,0.0
179,0.0,0.0
180,0.0,0.0
181,0.0,0.0
182,0.0,0.0
183,0.0,0.0
184,0.0,0.0
185,0.0,0.0
186,0.0,0.0
187,0.0,0.0
188,0.0,0.0
189,0.0,0.0
190,0.0,0.0
191,0.0,0.0
192,0.0,0.0
GAS_CHP_EC_CCS_DH,2010,2015
1,0.0,0.0
2,0.0,0.0
3,0.0,0.0
4,0.0,0.0
5,0.0,0.0
6,0.0,0.0
7,0.0,0.0
8,0.0,0.0
9,0.0,0.0
10,0.0,0.0
11,0.0,0.0
12,0.0,0.0
13,0.0,0.0
14,0.0,0.0
15,0.0,0.0
16,0.0,0.0
17,0.0,0.0
18,0.0,0.0
19,0.0,0.0
20,0.0,0.0
21,0.0,0.0
22,0.0,0.0
23,0.0,0.0
24,0.0,0.0
25,0.0,0.0
26,0.0,0.0
27,0.0,0.0
28,0.0,0.0
29,0.0,0.0
30,0.0,0.0
31,0.0,0.0
32,0.0,0.0
33,0.0,0.0
34,0.0,0.0
35,0.0,0.0
36,0.0,0.0
37,0.0,0.0
38,0.0,0.0
39,0.0,0.0
40,0.0,0.0
41,0.0,0.0
42,0.0,0.0
43,0.0,0.0
44,0.0,0.0
45,0.0,0.0
46,0.0,0.0
47,0.0,0.0
48,0.0,0.0
49,0.0,0.0
50,0.0,0.0
51,0.0,0.0
52,0.0,0.0
53,0.0,0.0
54,0.0,0.0
55,0.0,0.0
56,0.0,0.0
57,0.0,0.0
58,0.0,0.0
59,0.0,0.0
60,0.0,0.0
61,0.0,0.0
62,0.0,0.0
63,0.0,0.0
64,0.0,0.0
65,0.0,0.0
66,0.0,0.0
67,0.0,0.0
68,0.0,0.0
69,0.0,0.0
70,0.0,0.0
71,0.0,0.0
72,0.0,0.0
73,0.0,0.0
74,0.0,0.0
75,0.0,0.0
76,0.0,0.0
77,0.0,0.0
78,0.0,0.0
79,0.0,0.0
80,0.0,0.0
81,0.0,0.0
82,0.0,0.0
83,0.0,0.0
84,0.0,0.0
85,0.0,0.0
86,0.0,0.0
87,0.0,0.0
88,0.0,0.0
89,0.0,0.0
90,0.0,0.0
91,0.0,0.0
92,0.0,0.0
93,0.0,0.0
94,0.0,0.0
95,0.0,0.0
96,0.0,0.0
97,0.0,0.0
98,0.0,0.0
99,0.0,0.0
100,0.0,0.0
101,0.0,0.0
102,0.0,0.0
103,0.0,0.0
104,0.0,0.0
105,0.0,0.0
106,0.0,0.0
107,0.0,0.0
108,0.0,0.0
109,0.0,0.0
110,0.0,0.0
111,0.0,0.0
112,0.0,0.0
113,0.0,0.0
114,0.0,0.0
115,0.0,0.0
116,0.0,0.0
117,0.0,0.0
118,0.0,0.0
119,0.0,0.0
120,0.0,0.0
121,0.0,0.0
122,0.0,0.0
123,0.0,0.0
124,0.0,0.0
125,0.0,0.0
126,0.0,0.0
127,0.0,0.0
128,0.0,0.0
129,0.0,0.0
130,0.0,0.0
131,0.0,0.0
132,0.0,0.0
133,0.0,0.0
134,0.0,0.0
135,0.0,0.0
136,0.0,0.0
137,0.0,0.0
138,0.0,0.0
139,0.0,0.0
140,0.0,0.0
141,0.0,0.0
142,0.0,0.0
143,0.0,0.0
144,0.0,0.0
145,0.0,0.0
146,0.0,0.0
147,0.0,0.0
148,0.0,0.0
149,0.0,0.0
150,0.0,0.0
151,0.0,0.0
152,0.0,0.0
153,0.0,0.0
154,0.0,0.0
155,0.0,0.0
156,0.0,0.0
157,0.0,0.0
158,0.0,0.0
159,0.0,0.0
160,0.0,0.0
161,0.0,0.0
162,0.0,0.0
163,0.0,0.0
164,0.0,0.0
165,0.0,0.0
166,0.0,0.0
167,0.0,0.0
168,0.0,0.0
169,0.0,0.0
170,0.0,0.0
171,0.0,0.0
172,0.0,0.0
173,0.0,0.0
174,0.0,0.0
175,0.0,0.0
176,0.0,0.0
177,0.0,0.0
178,0.0,0.0
179,0.0,0.0
180,0.0,0.0
181,0.0,0.0
182,0.0,0.0
183,0.0,0.0
184,0.0,0.0
185,0.0,0.0
186,0.0,0.0
187,0.0,0.0
188,0.0,0.0
189,0.0,0.0
190,0.0,0.0
191,0.0,0.0
192,0.0,0.0
OIL_ST,2010,2015
1,0.0,0.0
2,0.0,0.0
3,0.0,0.0
4,0.0,0.0
5,0.0,0.0
6,0.0,0.0
7,0.0,0.0
8,0.0,0.0
9,0.0,0.0
10,0.0,0.0
11,0.0,0.0
12,0.0,0.0
13,0.0,0.0
14,0.0,0.0
15,0.0,0.0
16,0.0,0.0
17,0.0,0.0
18,0.0,0.0
19,0.0,0.0
20,0.0,0.0
21,0.0,0.0
22,0.0,0.0
23,0.0,0.0
24,0.0,0.0
25,0.0,0.0
26,0.0,0.0
27,0.0,0.0
28,0.0,0.0
29,0.0,0.0
30,0.0,0.0
31,0.0,0.0
32,0.0,0.0
33,0.0,0.0
34,0.0,0.0
35,0.0,0.0
36,0.0,0.0
37,0.0,0.0
38,0.0,0.0
39,0.0,0.0
40,0.0,0.0
41,0.0,0.0
42,0.0,0.0
43,0.0,0.0
44,0.0,0.0
45,0.0,0.0
46,0.0,0.0
47,0.0,0.0
48,0.0,0.0
49,0.0,0.0
50,0.0,0.0
51,0.0,0.0
52,0.0,0.0
53,0.0,0.0
54,0.0,0.0
55,0.0,0.0
56,0.0,0.0
57,0.0,0.0
58,0.0,0.0
59,0.0,0.0
60,0.0,0.0
61,0.0,0.0
62,0.0,0.0
63,0.0,0.0
64,0.0,0.0
65,0.0,0.0
66,0.0,0.0
67,0.0,0.0
68,0.0,0.0
69,0.0,0.0
70,0.0,0.0
71,0.0,0.0
72,0.0,0.0
73,0.0,0.0
74,0.0,0.0
75,0.0,0.0
76,0.0,0.0
77,0.0,0.0
78,0.0,0.0
79,0.0,0.0
80,0.0,0.0
81,0.0,0.0
82,0.0,0.0
83,0.0,0.0
84,0.0,0.0
85,0.0,0.0
86,0.0,0.0
87,0.0,0.0
88,0.0,0.0
89,0.0,0.0
90,0.0,0.0
91,0.0,0.0
92,0.0,0.0
93,0.0,0.0
94,0.0,0.0
95,0.0,0.0
96,0.0,0.0
97,0.0,0.0
98,0.0,0.0
99,0.0,0.0
100,0.0,0.0
101,0.0,0.0
102,0.0,0.0
103,0.0,0.0
104,0.0,0.0
105,0.0,0.0
106,0.0,0.0
107,0.0,0.0
108,0.0,0.0
109,0.0,0.0
110,0.0,0.0
111,0.0,0.0
112,0.0,0.0
113,0.0,0.0
114,0.0,0.0
115,0.0,0.0
116,0.0,0.0
117,0.0,0.0
118,0.0,0.0
119,0.0,0.0
120,0.0,0.0
121,0.0,0.0
122,0.0,0.0
123,0.0,0.0
124,0.0,0.0
125,0.0,0.0
126,0.0,0.0
127,0.0,0.0
128,0.0,0.0
129,0.0,0.0
130,0.0,0.0
131,0.0,0.0
132,0.0,0.0
133,0.0,0.0
134,0.0,0.0
135,0.0,0.0
136,0.0,0.0
137,0.0,0.0
138,0.0,0.0
139,0.0,0.0
140,0.0,0.0
141,0.0,0.0
142,0.0,0.0
143,0.0,0.0
144,0.0,0.0
145,0.0,0.0
146,0.0,0.0
147,0.0,0.0
148,0.0,0.0
149,0.0,0.0
150,0.0,0.0
151,0.0,0.0
152,0.0,0.0
153,0.0,0.0
154,0.0,0.0
155,0.0,0.0
156,0.0,0.0
157,0.0,0.0
158,0.0,0.0
159,0.0,0.0
160,0.0,0.0
161,0.0,0.0
162,0.0,0.0
163,0.0,0.0
164,0.0,0.0
165,0.0,0.0
166,0.0,0.0
167,0.0,0.0
168,0.0,0.0
169,0.0,0.0
170,0.0,0.0
171,0.0,0.0
172,0.0,0.0
173,0.0,0.0
174,0.0,0.0
175,0.0,0.0
176,0.0,0.0
177,0.0,0.0
178,0.0,0.0
179,0.0,0.0
180,0.0,0.0
181,0.0,0.0
182,0.0,0.0
183,0.0,0.0
184,0.0,0.0
185,0.0,0.0
186,0.0,0.0
187,0.0,0.0
188,0.0,0.0
189,0.0,0.0
190,0.0,0.0
191,0.0,0.0
192,0.0,0.0
